GOID,ONTOLOGY,TERM,LINK
GO:0000002,BP,mitochondrial genome maintenance,http://purl.obolibrary.org/obo/GO_0000002
GO:0000009,MF,"alpha-1,6-mannosyltransferase activity",http://purl.obolibrary.org/obo/GO_0000009
GO:0000012,BP,single strand break repair,http://purl.obolibrary.org/obo/GO_0000012
GO:0000014,MF,single-stranded DNA endodeoxyribonuclease activity,http://purl.obolibrary.org/obo/GO_0000014
GO:0000015,CC,phosphopyruvate hydratase complex,http://purl.obolibrary.org/obo/GO_0000015
GO:0000018,BP,regulation of DNA recombination,http://purl.obolibrary.org/obo/GO_0000018
GO:0000019,BP,regulation of mitotic recombination,http://purl.obolibrary.org/obo/GO_0000019
GO:0000023,BP,maltose metabolic process,http://purl.obolibrary.org/obo/GO_0000023
GO:0000024,BP,maltose biosynthetic process,http://purl.obolibrary.org/obo/GO_0000024
GO:0000025,BP,maltose catabolic process,http://purl.obolibrary.org/obo/GO_0000025
GO:0000026,MF,"alpha-1,2-mannosyltransferase activity",http://purl.obolibrary.org/obo/GO_0000026
GO:0000027,BP,ribosomal large subunit assembly,http://purl.obolibrary.org/obo/GO_0000027
GO:0000028,BP,ribosomal small subunit assembly,http://purl.obolibrary.org/obo/GO_0000028
GO:0000030,MF,mannosyltransferase activity,http://purl.obolibrary.org/obo/GO_0000030
GO:0000033,MF,"alpha-1,3-mannosyltransferase activity",http://purl.obolibrary.org/obo/GO_0000033
GO:0000034,MF,adenine deaminase activity,http://purl.obolibrary.org/obo/GO_0000034
GO:0000035,MF,acyl binding,http://purl.obolibrary.org/obo/GO_0000035
GO:0000036,MF,acyl carrier activity,http://purl.obolibrary.org/obo/GO_0000036
GO:0000038,BP,very long-chain fatty acid metabolic process,http://purl.obolibrary.org/obo/GO_0000038
GO:0000041,BP,transition metal ion transport,http://purl.obolibrary.org/obo/GO_0000041
GO:0000045,BP,autophagosome assembly,http://purl.obolibrary.org/obo/GO_0000045
GO:0000049,MF,tRNA binding,http://purl.obolibrary.org/obo/GO_0000049
GO:0000050,BP,urea cycle,http://purl.obolibrary.org/obo/GO_0000050
GO:0000052,BP,citrulline metabolic process,http://purl.obolibrary.org/obo/GO_0000052
GO:0000053,BP,argininosuccinate metabolic process,http://purl.obolibrary.org/obo/GO_0000053
GO:0000054,BP,ribosomal subunit export from nucleus,http://purl.obolibrary.org/obo/GO_0000054
GO:0000055,BP,ribosomal large subunit export from nucleus,http://purl.obolibrary.org/obo/GO_0000055
GO:0000056,BP,ribosomal small subunit export from nucleus,http://purl.obolibrary.org/obo/GO_0000056
GO:0000062,MF,fatty-acyl-CoA binding,http://purl.obolibrary.org/obo/GO_0000062
GO:0000064,MF,L-ornithine transmembrane transporter activity,http://purl.obolibrary.org/obo/GO_0000064
GO:0000070,BP,mitotic sister chromatid segregation,http://purl.obolibrary.org/obo/GO_0000070
GO:0000075,BP,cell cycle checkpoint signaling,http://purl.obolibrary.org/obo/GO_0000075
GO:0000076,BP,DNA replication checkpoint signaling,http://purl.obolibrary.org/obo/GO_0000076
GO:0000077,BP,DNA damage checkpoint signaling,http://purl.obolibrary.org/obo/GO_0000077
GO:0000079,BP,regulation of cyclin-dependent protein serine/threonine kinase activity,http://purl.obolibrary.org/obo/GO_0000079
GO:0000082,BP,G1/S transition of mitotic cell cycle,http://purl.obolibrary.org/obo/GO_0000082
GO:0000086,BP,G2/M transition of mitotic cell cycle,http://purl.obolibrary.org/obo/GO_0000086
GO:0000095,MF,S-adenosyl-L-methionine transmembrane transporter activity,http://purl.obolibrary.org/obo/GO_0000095
GO:0000096,BP,sulfur amino acid metabolic process,http://purl.obolibrary.org/obo/GO_0000096
GO:0000097,BP,sulfur amino acid biosynthetic process,http://purl.obolibrary.org/obo/GO_0000097
GO:0000098,BP,sulfur amino acid catabolic process,http://purl.obolibrary.org/obo/GO_0000098
GO:0000099,MF,sulfur amino acid transmembrane transporter activity,http://purl.obolibrary.org/obo/GO_0000099
GO:0000101,BP,sulfur amino acid transport,http://purl.obolibrary.org/obo/GO_0000101
GO:0000103,BP,sulfate assimilation,http://purl.obolibrary.org/obo/GO_0000103
GO:0000104,MF,succinate dehydrogenase activity,http://purl.obolibrary.org/obo/GO_0000104
GO:0000105,BP,histidine biosynthetic process,http://purl.obolibrary.org/obo/GO_0000105
GO:0000107,MF,imidazoleglycerol-phosphate synthase activity,http://purl.obolibrary.org/obo/GO_0000107
GO:0000109,CC,nucleotide-excision repair complex,http://purl.obolibrary.org/obo/GO_0000109
GO:0000110,CC,nucleotide-excision repair factor 1 complex,http://purl.obolibrary.org/obo/GO_0000110
GO:0000111,CC,nucleotide-excision repair factor 2 complex,http://purl.obolibrary.org/obo/GO_0000111
GO:0000112,CC,nucleotide-excision repair factor 3 complex,http://purl.obolibrary.org/obo/GO_0000112
GO:0000118,CC,histone deacetylase complex,http://purl.obolibrary.org/obo/GO_0000118
GO:0000120,CC,RNA polymerase I transcription regulator complex,http://purl.obolibrary.org/obo/GO_0000120
GO:0000122,BP,negative regulation of transcription by RNA polymerase II,http://purl.obolibrary.org/obo/GO_0000122
GO:0000123,CC,histone acetyltransferase complex,http://purl.obolibrary.org/obo/GO_0000123
GO:0000124,CC,SAGA complex,http://purl.obolibrary.org/obo/GO_0000124
GO:0000126,CC,transcription factor TFIIIB complex,http://purl.obolibrary.org/obo/GO_0000126
GO:0000127,CC,transcription factor TFIIIC complex,http://purl.obolibrary.org/obo/GO_0000127
GO:0000132,BP,establishment of mitotic spindle orientation,http://purl.obolibrary.org/obo/GO_0000132
GO:0000136,CC,mannan polymerase complex,http://purl.obolibrary.org/obo/GO_0000136
GO:0000137,CC,Golgi cis cisterna,http://purl.obolibrary.org/obo/GO_0000137
GO:0000138,CC,Golgi trans cisterna,http://purl.obolibrary.org/obo/GO_0000138
GO:0000139,CC,Golgi membrane,http://purl.obolibrary.org/obo/GO_0000139
GO:0000145,CC,exocyst,http://purl.obolibrary.org/obo/GO_0000145
GO:0000146,MF,microfilament motor activity,http://purl.obolibrary.org/obo/GO_0000146
GO:0000149,MF,SNARE binding,http://purl.obolibrary.org/obo/GO_0000149
GO:0000150,MF,DNA strand exchange activity,http://purl.obolibrary.org/obo/GO_0000150
GO:0000151,CC,ubiquitin ligase complex,http://purl.obolibrary.org/obo/GO_0000151
GO:0000152,CC,nuclear ubiquitin ligase complex,http://purl.obolibrary.org/obo/GO_0000152
GO:0000153,CC,cytoplasmic ubiquitin ligase complex,http://purl.obolibrary.org/obo/GO_0000153
GO:0000154,BP,rRNA modification,http://purl.obolibrary.org/obo/GO_0000154
GO:0000155,MF,phosphorelay sensor kinase activity,http://purl.obolibrary.org/obo/GO_0000155
GO:0000156,MF,phosphorelay response regulator activity,http://purl.obolibrary.org/obo/GO_0000156
GO:0000159,CC,protein phosphatase type 2A complex,http://purl.obolibrary.org/obo/GO_0000159
GO:0000160,BP,phosphorelay signal transduction system,http://purl.obolibrary.org/obo/GO_0000160
GO:0000162,BP,tryptophan biosynthetic process,http://purl.obolibrary.org/obo/GO_0000162
GO:0000164,CC,protein phosphatase type 1 complex,http://purl.obolibrary.org/obo/GO_0000164
GO:0000165,BP,MAPK cascade,http://purl.obolibrary.org/obo/GO_0000165
GO:0000166,MF,nucleotide binding,http://purl.obolibrary.org/obo/GO_0000166
GO:0000170,MF,sphingosine hydroxylase activity,http://purl.obolibrary.org/obo/GO_0000170
GO:0000171,MF,ribonuclease MRP activity,http://purl.obolibrary.org/obo/GO_0000171
GO:0000172,CC,ribonuclease MRP complex,http://purl.obolibrary.org/obo/GO_0000172
GO:0000175,MF,3'-5'-exoribonuclease activity,http://purl.obolibrary.org/obo/GO_0000175
GO:0000176,CC,nuclear exosome (RNase complex),http://purl.obolibrary.org/obo/GO_0000176
GO:0000177,CC,cytoplasmic exosome (RNase complex),http://purl.obolibrary.org/obo/GO_0000177
GO:0000178,CC,exosome (RNase complex),http://purl.obolibrary.org/obo/GO_0000178
GO:0000179,MF,"rRNA (adenine-N6,N6-)-dimethyltransferase activity",http://purl.obolibrary.org/obo/GO_0000179
GO:0000182,MF,rDNA binding,http://purl.obolibrary.org/obo/GO_0000182
GO:0000183,BP,rDNA heterochromatin assembly,http://purl.obolibrary.org/obo/GO_0000183
GO:0000184,BP,"nuclear-transcribed mRNA catabolic process, nonsense-mediated decay",http://purl.obolibrary.org/obo/GO_0000184
GO:0000209,BP,protein polyubiquitination,http://purl.obolibrary.org/obo/GO_0000209
GO:0000210,MF,NAD+ diphosphatase activity,http://purl.obolibrary.org/obo/GO_0000210
GO:0000212,BP,meiotic spindle organization,http://purl.obolibrary.org/obo/GO_0000212
GO:0000213,MF,tRNA-intron endonuclease activity,http://purl.obolibrary.org/obo/GO_0000213
GO:0000214,CC,tRNA-intron endonuclease complex,http://purl.obolibrary.org/obo/GO_0000214
GO:0000215,MF,tRNA 2'-phosphotransferase activity,http://purl.obolibrary.org/obo/GO_0000215
GO:0000217,MF,DNA secondary structure binding,http://purl.obolibrary.org/obo/GO_0000217
GO:0000220,CC,"vacuolar proton-transporting V-type ATPase, V0 domain",http://purl.obolibrary.org/obo/GO_0000220
GO:0000221,CC,"vacuolar proton-transporting V-type ATPase, V1 domain",http://purl.obolibrary.org/obo/GO_0000221
GO:0000224,MF,peptide-N4-(N-acetyl-beta-glucosaminyl)asparagine amidase activity,http://purl.obolibrary.org/obo/GO_0000224
GO:0000225,MF,N-acetylglucosaminylphosphatidylinositol deacetylase activity,http://purl.obolibrary.org/obo/GO_0000225
GO:0000226,BP,microtubule cytoskeleton organization,http://purl.obolibrary.org/obo/GO_0000226
GO:0000228,CC,nuclear chromosome,http://purl.obolibrary.org/obo/GO_0000228
GO:0000234,MF,phosphoethanolamine N-methyltransferase activity,http://purl.obolibrary.org/obo/GO_0000234
GO:0000235,CC,astral microtubule,http://purl.obolibrary.org/obo/GO_0000235
GO:0000243,CC,commitment complex,http://purl.obolibrary.org/obo/GO_0000243
GO:0000244,BP,spliceosomal tri-snRNP complex assembly,http://purl.obolibrary.org/obo/GO_0000244
GO:0000245,BP,spliceosomal complex assembly,http://purl.obolibrary.org/obo/GO_0000245
GO:0000247,MF,C-8 sterol isomerase activity,http://purl.obolibrary.org/obo/GO_0000247
GO:0000248,MF,C-5 sterol desaturase activity,http://purl.obolibrary.org/obo/GO_0000248
GO:0000249,MF,C-22 sterol desaturase activity,http://purl.obolibrary.org/obo/GO_0000249
GO:0000250,MF,lanosterol synthase activity,http://purl.obolibrary.org/obo/GO_0000250
GO:0000254,MF,C-4 methylsterol oxidase activity,http://purl.obolibrary.org/obo/GO_0000254
GO:0000255,BP,allantoin metabolic process,http://purl.obolibrary.org/obo/GO_0000255
GO:0000256,BP,allantoin catabolic process,http://purl.obolibrary.org/obo/GO_0000256
GO:0000257,MF,nitrilase activity,http://purl.obolibrary.org/obo/GO_0000257
GO:0000262,CC,mitochondrial chromosome,http://purl.obolibrary.org/obo/GO_0000262
GO:0000266,BP,mitochondrial fission,http://purl.obolibrary.org/obo/GO_0000266
GO:0000268,MF,peroxisome targeting sequence binding,http://purl.obolibrary.org/obo/GO_0000268
GO:0000270,BP,peptidoglycan metabolic process,http://purl.obolibrary.org/obo/GO_0000270
GO:0000271,BP,polysaccharide biosynthetic process,http://purl.obolibrary.org/obo/GO_0000271
GO:0000272,BP,polysaccharide catabolic process,http://purl.obolibrary.org/obo/GO_0000272
GO:0000274,CC,"mitochondrial proton-transporting ATP synthase, stator stalk",http://purl.obolibrary.org/obo/GO_0000274
GO:0000275,CC,"mitochondrial proton-transporting ATP synthase complex, catalytic sector F(1)",http://purl.obolibrary.org/obo/GO_0000275
GO:0000276,CC,"mitochondrial proton-transporting ATP synthase complex, coupling factor F(o)",http://purl.obolibrary.org/obo/GO_0000276
GO:0000278,BP,mitotic cell cycle,http://purl.obolibrary.org/obo/GO_0000278
GO:0000280,BP,nuclear division,http://purl.obolibrary.org/obo/GO_0000280
GO:0000281,BP,mitotic cytokinesis,http://purl.obolibrary.org/obo/GO_0000281
GO:0000285,MF,1-phosphatidylinositol-3-phosphate 5-kinase activity,http://purl.obolibrary.org/obo/GO_0000285
GO:0000287,MF,magnesium ion binding,http://purl.obolibrary.org/obo/GO_0000287
GO:0000288,BP,"nuclear-transcribed mRNA catabolic process, deadenylation-dependent decay",http://purl.obolibrary.org/obo/GO_0000288
GO:0000289,BP,nuclear-transcribed mRNA poly(A) tail shortening,http://purl.obolibrary.org/obo/GO_0000289
GO:0000290,BP,deadenylation-dependent decapping of nuclear-transcribed mRNA,http://purl.obolibrary.org/obo/GO_0000290
GO:0000292,BP,RNA fragment catabolic process,http://purl.obolibrary.org/obo/GO_0000292
GO:0000293,MF,ferric-chelate reductase activity,http://purl.obolibrary.org/obo/GO_0000293
GO:0000295,MF,adenine nucleotide transmembrane transporter activity,http://purl.obolibrary.org/obo/GO_0000295
GO:0000298,MF,endopolyphosphatase activity,http://purl.obolibrary.org/obo/GO_0000298
GO:0000301,BP,"retrograde transport, vesicle recycling within Golgi",http://purl.obolibrary.org/obo/GO_0000301
GO:0000302,BP,response to reactive oxygen species,http://purl.obolibrary.org/obo/GO_0000302
GO:0000303,BP,response to superoxide,http://purl.obolibrary.org/obo/GO_0000303
GO:0000304,BP,response to singlet oxygen,http://purl.obolibrary.org/obo/GO_0000304
GO:0000305,BP,response to oxygen radical,http://purl.obolibrary.org/obo/GO_0000305
GO:0000307,CC,cyclin-dependent protein kinase holoenzyme complex,http://purl.obolibrary.org/obo/GO_0000307
GO:0000309,MF,nicotinamide-nucleotide adenylyltransferase activity,http://purl.obolibrary.org/obo/GO_0000309
GO:0000311,CC,plastid large ribosomal subunit,http://purl.obolibrary.org/obo/GO_0000311
GO:0000312,CC,plastid small ribosomal subunit,http://purl.obolibrary.org/obo/GO_0000312
GO:0000313,CC,organellar ribosome,http://purl.obolibrary.org/obo/GO_0000313
GO:0000314,CC,organellar small ribosomal subunit,http://purl.obolibrary.org/obo/GO_0000314
GO:0000315,CC,organellar large ribosomal subunit,http://purl.obolibrary.org/obo/GO_0000315
GO:0000322,CC,storage vacuole,http://purl.obolibrary.org/obo/GO_0000322
GO:0000323,CC,lytic vacuole,http://purl.obolibrary.org/obo/GO_0000323
GO:0000325,CC,plant-type vacuole,http://purl.obolibrary.org/obo/GO_0000325
GO:0000326,CC,protein storage vacuole,http://purl.obolibrary.org/obo/GO_0000326
GO:0000327,CC,lytic vacuole within protein storage vacuole,http://purl.obolibrary.org/obo/GO_0000327
GO:0000330,CC,plant-type vacuole lumen,http://purl.obolibrary.org/obo/GO_0000330
GO:0000333,CC,telomerase catalytic core complex,http://purl.obolibrary.org/obo/GO_0000333
GO:0000338,BP,protein deneddylation,http://purl.obolibrary.org/obo/GO_0000338
GO:0000339,MF,RNA cap binding,http://purl.obolibrary.org/obo/GO_0000339
GO:0000340,MF,RNA 7-methylguanosine cap binding,http://purl.obolibrary.org/obo/GO_0000340
GO:0000346,CC,transcription export complex,http://purl.obolibrary.org/obo/GO_0000346
GO:0000347,CC,THO complex,http://purl.obolibrary.org/obo/GO_0000347
GO:0000349,BP,generation of catalytic spliceosome for first transesterification step,http://purl.obolibrary.org/obo/GO_0000349
GO:0000350,BP,generation of catalytic spliceosome for second transesterification step,http://purl.obolibrary.org/obo/GO_0000350
GO:0000354,BP,cis assembly of pre-catalytic spliceosome,http://purl.obolibrary.org/obo/GO_0000354
GO:0000372,BP,Group I intron splicing,http://purl.obolibrary.org/obo/GO_0000372
GO:0000373,BP,Group II intron splicing,http://purl.obolibrary.org/obo/GO_0000373
GO:0000374,BP,Group III intron splicing,http://purl.obolibrary.org/obo/GO_0000374
GO:0000375,BP,"RNA splicing, via transesterification reactions",http://purl.obolibrary.org/obo/GO_0000375
GO:0000376,BP,"RNA splicing, via transesterification reactions with guanosine as nucleophile",http://purl.obolibrary.org/obo/GO_0000376
GO:0000377,BP,"RNA splicing, via transesterification reactions with bulged adenosine as nucleophile",http://purl.obolibrary.org/obo/GO_0000377
GO:0000379,BP,tRNA-type intron splice site recognition and cleavage,http://purl.obolibrary.org/obo/GO_0000379
GO:0000380,BP,"alternative mRNA splicing, via spliceosome",http://purl.obolibrary.org/obo/GO_0000380
GO:0000381,BP,"regulation of alternative mRNA splicing, via spliceosome",http://purl.obolibrary.org/obo/GO_0000381
GO:0000387,BP,spliceosomal snRNP assembly,http://purl.obolibrary.org/obo/GO_0000387
GO:0000388,BP,spliceosome conformational change to release U4 (or U4atac) and U1 (or U11),http://purl.obolibrary.org/obo/GO_0000388
GO:0000389,BP,mRNA 3'-splice site recognition,http://purl.obolibrary.org/obo/GO_0000389
GO:0000390,BP,spliceosomal complex disassembly,http://purl.obolibrary.org/obo/GO_0000390
GO:0000393,BP,spliceosomal conformational changes to generate catalytic conformation,http://purl.obolibrary.org/obo/GO_0000393
GO:0000394,BP,"RNA splicing, via endonucleolytic cleavage and ligation",http://purl.obolibrary.org/obo/GO_0000394
GO:0000395,BP,mRNA 5'-splice site recognition,http://purl.obolibrary.org/obo/GO_0000395
GO:0000398,BP,"mRNA splicing, via spliceosome",http://purl.obolibrary.org/obo/GO_0000398
GO:0000400,MF,four-way junction DNA binding,http://purl.obolibrary.org/obo/GO_0000400
GO:0000407,CC,phagophore assembly site,http://purl.obolibrary.org/obo/GO_0000407
GO:0000408,CC,EKC/KEOPS complex,http://purl.obolibrary.org/obo/GO_0000408
GO:0000413,BP,protein peptidyl-prolyl isomerization,http://purl.obolibrary.org/obo/GO_0000413
GO:0000417,CC,HIR complex,http://purl.obolibrary.org/obo/GO_0000417
GO:0000418,CC,RNA polymerase IV complex,http://purl.obolibrary.org/obo/GO_0000418
GO:0000419,CC,RNA polymerase V complex,http://purl.obolibrary.org/obo/GO_0000419
GO:0000421,CC,autophagosome membrane,http://purl.obolibrary.org/obo/GO_0000421
GO:0000422,BP,autophagy of mitochondrion,http://purl.obolibrary.org/obo/GO_0000422
GO:0000423,BP,mitophagy,http://purl.obolibrary.org/obo/GO_0000423
GO:0000427,CC,plastid-encoded plastid RNA polymerase complex,http://purl.obolibrary.org/obo/GO_0000427
GO:0000428,CC,DNA-directed RNA polymerase complex,http://purl.obolibrary.org/obo/GO_0000428
GO:0000439,CC,transcription factor TFIIH core complex,http://purl.obolibrary.org/obo/GO_0000439
GO:0000444,CC,MIS12/MIND type complex,http://purl.obolibrary.org/obo/GO_0000444
GO:0000445,CC,THO complex part of transcription export complex,http://purl.obolibrary.org/obo/GO_0000445
GO:0000447,BP,"endonucleolytic cleavage in ITS1 to separate SSU-rRNA from 5.8S rRNA and LSU-rRNA from tricistronic rRNA transcript (SSU-rRNA, 5.8S rRNA, LSU-rRNA)",http://purl.obolibrary.org/obo/GO_0000447
GO:0000448,BP,"cleavage in ITS2 between 5.8S rRNA and LSU-rRNA of tricistronic rRNA transcript (SSU-rRNA, 5.8S rRNA, LSU-rRNA)",http://purl.obolibrary.org/obo/GO_0000448
GO:0000454,BP,snoRNA guided rRNA pseudouridine synthesis,http://purl.obolibrary.org/obo/GO_0000454
GO:0000455,BP,enzyme-directed rRNA pseudouridine synthesis,http://purl.obolibrary.org/obo/GO_0000455
GO:0000460,BP,maturation of 5.8S rRNA,http://purl.obolibrary.org/obo/GO_0000460
GO:0000461,BP,"endonucleolytic cleavage to generate mature 3'-end of SSU-rRNA from (SSU-rRNA, 5.8S rRNA, LSU-rRNA)",http://purl.obolibrary.org/obo/GO_0000461
GO:0000462,BP,"maturation of SSU-rRNA from tricistronic rRNA transcript (SSU-rRNA, 5.8S rRNA, LSU-rRNA)",http://purl.obolibrary.org/obo/GO_0000462
GO:0000463,BP,"maturation of LSU-rRNA from tricistronic rRNA transcript (SSU-rRNA, 5.8S rRNA, LSU-rRNA)",http://purl.obolibrary.org/obo/GO_0000463
GO:0000466,BP,"maturation of 5.8S rRNA from tricistronic rRNA transcript (SSU-rRNA, 5.8S rRNA, LSU-rRNA)",http://purl.obolibrary.org/obo/GO_0000466
GO:0000467,BP,"exonucleolytic trimming to generate mature 3'-end of 5.8S rRNA from tricistronic rRNA transcript (SSU-rRNA, 5.8S rRNA, LSU-rRNA)",http://purl.obolibrary.org/obo/GO_0000467
GO:0000470,BP,maturation of LSU-rRNA,http://purl.obolibrary.org/obo/GO_0000470
GO:0000472,BP,"endonucleolytic cleavage to generate mature 5'-end of SSU-rRNA from (SSU-rRNA, 5.8S rRNA, LSU-rRNA)",http://purl.obolibrary.org/obo/GO_0000472
GO:0000476,BP,maturation of 4.5S rRNA,http://purl.obolibrary.org/obo/GO_0000476
GO:0000479,BP,"endonucleolytic cleavage of tricistronic rRNA transcript (SSU-rRNA, 5.8S rRNA, LSU-rRNA)",http://purl.obolibrary.org/obo/GO_0000479
GO:0000480,BP,"endonucleolytic cleavage in 5'-ETS of tricistronic rRNA transcript (SSU-rRNA, 5.8S rRNA, LSU-rRNA)",http://purl.obolibrary.org/obo/GO_0000480
GO:0000481,BP,maturation of 5S rRNA,http://purl.obolibrary.org/obo/GO_0000481
GO:0000488,BP,"maturation of LSU-rRNA from tetracistronic rRNA transcript (SSU-rRNA, LSU-rRNA, 4.5S-rRNA, 5S-rRNA)",http://purl.obolibrary.org/obo/GO_0000488
GO:0000489,BP,"maturation of SSU-rRNA from tetracistronic rRNA transcript (SSU-rRNA, LSU-rRNA, 4.5S-rRNA, 5S-rRNA)",http://purl.obolibrary.org/obo/GO_0000489
GO:0000491,BP,small nucleolar ribonucleoprotein complex assembly,http://purl.obolibrary.org/obo/GO_0000491
GO:0000492,BP,box C/D snoRNP assembly,http://purl.obolibrary.org/obo/GO_0000492
GO:0000493,BP,box H/ACA snoRNP assembly,http://purl.obolibrary.org/obo/GO_0000493
GO:0000494,BP,box C/D RNA 3'-end processing,http://purl.obolibrary.org/obo/GO_0000494
GO:0000495,BP,box H/ACA RNA 3'-end processing,http://purl.obolibrary.org/obo/GO_0000495
GO:0000502,CC,proteasome complex,http://purl.obolibrary.org/obo/GO_0000502
GO:0000506,CC,glycosylphosphatidylinositol-N-acetylglucosaminyltransferase (GPI-GnT) complex,http://purl.obolibrary.org/obo/GO_0000506
GO:0000578,BP,embryonic axis specification,http://purl.obolibrary.org/obo/GO_0000578
GO:0000700,MF,mismatch base pair DNA N-glycosylase activity,http://purl.obolibrary.org/obo/GO_0000700
GO:0000701,MF,purine-specific mismatch base pair DNA N-glycosylase activity,http://purl.obolibrary.org/obo/GO_0000701
GO:0000702,MF,oxidized base lesion DNA N-glycosylase activity,http://purl.obolibrary.org/obo/GO_0000702
GO:0000703,MF,oxidized pyrimidine nucleobase lesion DNA N-glycosylase activity,http://purl.obolibrary.org/obo/GO_0000703
GO:0000706,BP,meiotic DNA double-strand break processing,http://purl.obolibrary.org/obo/GO_0000706
GO:0000707,BP,meiotic DNA recombinase assembly,http://purl.obolibrary.org/obo/GO_0000707
GO:0000708,BP,meiotic strand invasion,http://purl.obolibrary.org/obo/GO_0000708
GO:0000709,BP,meiotic joint molecule formation,http://purl.obolibrary.org/obo/GO_0000709
GO:0000710,BP,meiotic mismatch repair,http://purl.obolibrary.org/obo/GO_0000710
GO:0000712,BP,resolution of meiotic recombination intermediates,http://purl.obolibrary.org/obo/GO_0000712
GO:0000719,BP,photoreactive repair,http://purl.obolibrary.org/obo/GO_0000719
GO:0000720,BP,pyrimidine dimer repair by nucleotide-excision repair,http://purl.obolibrary.org/obo/GO_0000720
GO:0000721,MF,"(R,R)-butanediol dehydrogenase activity",http://purl.obolibrary.org/obo/GO_0000721
GO:0000722,BP,telomere maintenance via recombination,http://purl.obolibrary.org/obo/GO_0000722
GO:0000723,BP,telomere maintenance,http://purl.obolibrary.org/obo/GO_0000723
GO:0000724,BP,double-strand break repair via homologous recombination,http://purl.obolibrary.org/obo/GO_0000724
GO:0000725,BP,recombinational repair,http://purl.obolibrary.org/obo/GO_0000725
GO:0000727,BP,double-strand break repair via break-induced replication,http://purl.obolibrary.org/obo/GO_0000727
GO:0000729,BP,DNA double-strand break processing,http://purl.obolibrary.org/obo/GO_0000729
GO:0000730,BP,DNA recombinase assembly,http://purl.obolibrary.org/obo/GO_0000730
GO:0000731,BP,DNA synthesis involved in DNA repair,http://purl.obolibrary.org/obo/GO_0000731
GO:0000740,BP,nuclear membrane fusion,http://purl.obolibrary.org/obo/GO_0000740
GO:0000741,BP,karyogamy,http://purl.obolibrary.org/obo/GO_0000741
GO:0000769,BP,syncytium formation by mitosis without cytokinesis,http://purl.obolibrary.org/obo/GO_0000769
GO:0000773,MF,phosphatidyl-N-methylethanolamine N-methyltransferase activity,http://purl.obolibrary.org/obo/GO_0000773
GO:0000774,MF,adenyl-nucleotide exchange factor activity,http://purl.obolibrary.org/obo/GO_0000774
GO:0000775,CC,"chromosome, centromeric region",http://purl.obolibrary.org/obo/GO_0000775
GO:0000776,CC,kinetochore,http://purl.obolibrary.org/obo/GO_0000776
GO:0000779,CC,"condensed chromosome, centromeric region",http://purl.obolibrary.org/obo/GO_0000779
GO:0000781,CC,"chromosome, telomeric region",http://purl.obolibrary.org/obo/GO_0000781
GO:0000782,CC,telomere cap complex,http://purl.obolibrary.org/obo/GO_0000782
GO:0000783,CC,nuclear telomere cap complex,http://purl.obolibrary.org/obo/GO_0000783
GO:0000785,CC,chromatin,http://purl.obolibrary.org/obo/GO_0000785
GO:0000786,CC,nucleosome,http://purl.obolibrary.org/obo/GO_0000786
GO:0000791,CC,euchromatin,http://purl.obolibrary.org/obo/GO_0000791
GO:0000792,CC,heterochromatin,http://purl.obolibrary.org/obo/GO_0000792
GO:0000793,CC,condensed chromosome,http://purl.obolibrary.org/obo/GO_0000793
GO:0000794,CC,condensed nuclear chromosome,http://purl.obolibrary.org/obo/GO_0000794
GO:0000795,CC,synaptonemal complex,http://purl.obolibrary.org/obo/GO_0000795
GO:0000796,CC,condensin complex,http://purl.obolibrary.org/obo/GO_0000796
GO:0000802,CC,transverse filament,http://purl.obolibrary.org/obo/GO_0000802
GO:0000808,CC,origin recognition complex,http://purl.obolibrary.org/obo/GO_0000808
GO:0000811,CC,GINS complex,http://purl.obolibrary.org/obo/GO_0000811
GO:0000812,CC,Swr1 complex,http://purl.obolibrary.org/obo/GO_0000812
GO:0000813,CC,ESCRT I complex,http://purl.obolibrary.org/obo/GO_0000813
GO:0000814,CC,ESCRT II complex,http://purl.obolibrary.org/obo/GO_0000814
GO:0000815,CC,ESCRT III complex,http://purl.obolibrary.org/obo/GO_0000815
GO:0000819,BP,sister chromatid segregation,http://purl.obolibrary.org/obo/GO_0000819
GO:0000820,BP,regulation of glutamine family amino acid metabolic process,http://purl.obolibrary.org/obo/GO_0000820
GO:0000821,BP,regulation of arginine metabolic process,http://purl.obolibrary.org/obo/GO_0000821
GO:0000822,MF,inositol hexakisphosphate binding,http://purl.obolibrary.org/obo/GO_0000822
GO:0000823,MF,"inositol-1,4,5-trisphosphate 6-kinase activity",http://purl.obolibrary.org/obo/GO_0000823
GO:0000824,MF,inositol tetrakisphosphate 3-kinase activity,http://purl.obolibrary.org/obo/GO_0000824
GO:0000825,MF,inositol tetrakisphosphate 6-kinase activity,http://purl.obolibrary.org/obo/GO_0000825
GO:0000828,MF,inositol hexakisphosphate kinase activity,http://purl.obolibrary.org/obo/GO_0000828
GO:0000829,MF,inositol heptakisphosphate kinase activity,http://purl.obolibrary.org/obo/GO_0000829
GO:0000835,CC,ER ubiquitin ligase complex,http://purl.obolibrary.org/obo/GO_0000835
GO:0000836,CC,Hrd1p ubiquitin ligase complex,http://purl.obolibrary.org/obo/GO_0000836
GO:0000900,MF,"translation repressor activity, mRNA regulatory element binding",http://purl.obolibrary.org/obo/GO_0000900
GO:0000902,BP,cell morphogenesis,http://purl.obolibrary.org/obo/GO_0000902
GO:0000906,MF,"6,7-dimethyl-8-ribityllumazine synthase activity",http://purl.obolibrary.org/obo/GO_0000906
GO:0000910,BP,cytokinesis,http://purl.obolibrary.org/obo/GO_0000910
GO:0000911,BP,cytokinesis by cell plate formation,http://purl.obolibrary.org/obo/GO_0000911
GO:0000912,BP,assembly of actomyosin apparatus involved in cytokinesis,http://purl.obolibrary.org/obo/GO_0000912
GO:0000913,BP,preprophase band assembly,http://purl.obolibrary.org/obo/GO_0000913
GO:0000914,BP,phragmoplast assembly,http://purl.obolibrary.org/obo/GO_0000914
GO:0000919,BP,cell plate assembly,http://purl.obolibrary.org/obo/GO_0000919
GO:0000922,CC,spindle pole,http://purl.obolibrary.org/obo/GO_0000922
GO:0000923,CC,equatorial microtubule organizing center,http://purl.obolibrary.org/obo/GO_0000923
GO:0000930,CC,gamma-tubulin complex,http://purl.obolibrary.org/obo/GO_0000930
GO:0000932,CC,P-body,http://purl.obolibrary.org/obo/GO_0000932
GO:0000938,CC,GARP complex,http://purl.obolibrary.org/obo/GO_0000938
GO:0000939,CC,inner kinetochore,http://purl.obolibrary.org/obo/GO_0000939
GO:0000940,CC,outer kinetochore,http://purl.obolibrary.org/obo/GO_0000940
GO:0000947,BP,amino acid catabolic process to alcohol via Ehrlich pathway,http://purl.obolibrary.org/obo/GO_0000947
GO:0000949,BP,aromatic amino acid family catabolic process to alcohol via Ehrlich pathway,http://purl.obolibrary.org/obo/GO_0000949
GO:0000955,BP,amino acid catabolic process via Ehrlich pathway,http://purl.obolibrary.org/obo/GO_0000955
GO:0000956,BP,nuclear-transcribed mRNA catabolic process,http://purl.obolibrary.org/obo/GO_0000956
GO:0000957,BP,mitochondrial RNA catabolic process,http://purl.obolibrary.org/obo/GO_0000957
GO:0000958,BP,mitochondrial mRNA catabolic process,http://purl.obolibrary.org/obo/GO_0000958
GO:0000959,BP,mitochondrial RNA metabolic process,http://purl.obolibrary.org/obo/GO_0000959
GO:0000960,BP,regulation of mitochondrial RNA catabolic process,http://purl.obolibrary.org/obo/GO_0000960
GO:0000962,BP,positive regulation of mitochondrial RNA catabolic process,http://purl.obolibrary.org/obo/GO_0000962
GO:0000963,BP,mitochondrial RNA processing,http://purl.obolibrary.org/obo/GO_0000963
GO:0000964,BP,mitochondrial RNA 5'-end processing,http://purl.obolibrary.org/obo/GO_0000964
GO:0000965,BP,mitochondrial RNA 3'-end processing,http://purl.obolibrary.org/obo/GO_0000965
GO:0000966,BP,RNA 5'-end processing,http://purl.obolibrary.org/obo/GO_0000966
GO:0000967,BP,rRNA 5'-end processing,http://purl.obolibrary.org/obo/GO_0000967
GO:0000972,BP,transcription-dependent tethering of RNA polymerase II gene DNA at nuclear periphery,http://purl.obolibrary.org/obo/GO_0000972
GO:0000973,BP,posttranscriptional tethering of RNA polymerase II gene DNA at nuclear periphery,http://purl.obolibrary.org/obo/GO_0000973
GO:0000974,CC,Prp19 complex,http://purl.obolibrary.org/obo/GO_0000974
GO:0000976,MF,transcription cis-regulatory region binding,http://purl.obolibrary.org/obo/GO_0000976
GO:0000977,MF,RNA polymerase II transcription regulatory region sequence-specific DNA binding,http://purl.obolibrary.org/obo/GO_0000977
GO:0000978,MF,RNA polymerase II cis-regulatory region sequence-specific DNA binding,http://purl.obolibrary.org/obo/GO_0000978
GO:0000981,MF,"DNA-binding transcription factor activity, RNA polymerase II-specific",http://purl.obolibrary.org/obo/GO_0000981
GO:0000987,MF,cis-regulatory region sequence-specific DNA binding,http://purl.obolibrary.org/obo/GO_0000987
GO:0000992,MF,RNA polymerase III cis-regulatory region sequence-specific DNA binding,http://purl.obolibrary.org/obo/GO_0000992
GO:0000993,MF,RNA polymerase II complex binding,http://purl.obolibrary.org/obo/GO_0000993
GO:0000994,MF,RNA polymerase III core binding,http://purl.obolibrary.org/obo/GO_0000994
GO:0000995,MF,RNA polymerase III general transcription initiation factor activity,http://purl.obolibrary.org/obo/GO_0000995
GO:0001000,MF,bacterial-type RNA polymerase core enzyme binding,http://purl.obolibrary.org/obo/GO_0001000
GO:0001002,MF,RNA polymerase III type 1 promoter sequence-specific DNA binding,http://purl.obolibrary.org/obo/GO_0001002
GO:0001003,MF,RNA polymerase III type 2 promoter sequence-specific DNA binding,http://purl.obolibrary.org/obo/GO_0001003
GO:0001006,MF,RNA polymerase III type 3 promoter sequence-specific DNA binding,http://purl.obolibrary.org/obo/GO_0001006
GO:0001016,MF,RNA polymerase III transcription regulatory region sequence-specific DNA binding,http://purl.obolibrary.org/obo/GO_0001016
GO:0001025,MF,RNA polymerase III general transcription initiation factor binding,http://purl.obolibrary.org/obo/GO_0001025
GO:0001042,MF,RNA polymerase I core binding,http://purl.obolibrary.org/obo/GO_0001042
GO:0001046,MF,core promoter sequence-specific DNA binding,http://purl.obolibrary.org/obo/GO_0001046
GO:0001052,MF,plastid PEP RNA polymerase core enzyme binding,http://purl.obolibrary.org/obo/GO_0001052
GO:0001054,MF,RNA polymerase I activity,http://purl.obolibrary.org/obo/GO_0001054
GO:0001055,MF,RNA polymerase II activity,http://purl.obolibrary.org/obo/GO_0001055
GO:0001056,MF,RNA polymerase III activity,http://purl.obolibrary.org/obo/GO_0001056
GO:0001060,BP,transcription by RNA polymerase V,http://purl.obolibrary.org/obo/GO_0001060
GO:0001067,MF,transcription regulatory region nucleic acid binding,http://purl.obolibrary.org/obo/GO_0001067
GO:0001070,MF,RNA-binding transcription regulator activity,http://purl.obolibrary.org/obo/GO_0001070
GO:0001091,MF,RNA polymerase II general transcription initiation factor binding,http://purl.obolibrary.org/obo/GO_0001091
GO:0001093,MF,TFIIB-class transcription factor binding,http://purl.obolibrary.org/obo/GO_0001093
GO:0001096,MF,TFIIF-class transcription factor complex binding,http://purl.obolibrary.org/obo/GO_0001096
GO:0001097,MF,TFIIH-class transcription factor complex binding,http://purl.obolibrary.org/obo/GO_0001097
GO:0001098,MF,basal transcription machinery binding,http://purl.obolibrary.org/obo/GO_0001098
GO:0001099,MF,basal RNA polymerase II transcription machinery binding,http://purl.obolibrary.org/obo/GO_0001099
GO:0001101,BP,response to acid chemical,http://purl.obolibrary.org/obo/GO_0001101
GO:0001112,BP,DNA-templated transcription open complex formation,http://purl.obolibrary.org/obo/GO_0001112
GO:0001113,BP,transcription open complex formation at RNA polymerase II promoter,http://purl.obolibrary.org/obo/GO_0001113
GO:0001120,BP,protein-DNA complex remodeling,http://purl.obolibrary.org/obo/GO_0001120
GO:0001156,MF,TFIIIC-class transcription factor complex binding,http://purl.obolibrary.org/obo/GO_0001156
GO:0001163,MF,RNA polymerase I transcription regulatory region sequence-specific DNA binding,http://purl.obolibrary.org/obo/GO_0001163
GO:0001164,MF,RNA polymerase I core promoter sequence-specific DNA binding,http://purl.obolibrary.org/obo/GO_0001164
GO:0001172,BP,"transcription, RNA-templated",http://purl.obolibrary.org/obo/GO_0001172
GO:0001173,BP,DNA-templated transcriptional start site selection,http://purl.obolibrary.org/obo/GO_0001173
GO:0001181,MF,RNA polymerase I general transcription initiation factor activity,http://purl.obolibrary.org/obo/GO_0001181
GO:0001188,BP,RNA polymerase I preinitiation complex assembly,http://purl.obolibrary.org/obo/GO_0001188
GO:0001192,BP,maintenance of transcriptional fidelity during DNA-templated transcription elongation,http://purl.obolibrary.org/obo/GO_0001192
GO:0001193,BP,maintenance of transcriptional fidelity during DNA-templated transcription elongation from RNA polymerase II promoter,http://purl.obolibrary.org/obo/GO_0001193
GO:0001216,MF,DNA-binding transcription activator activity,http://purl.obolibrary.org/obo/GO_0001216
GO:0001217,MF,DNA-binding transcription repressor activity,http://purl.obolibrary.org/obo/GO_0001217
GO:0001227,MF,"DNA-binding transcription repressor activity, RNA polymerase II-specific",http://purl.obolibrary.org/obo/GO_0001227
GO:0001228,MF,"DNA-binding transcription activator activity, RNA polymerase II-specific",http://purl.obolibrary.org/obo/GO_0001228
GO:0001325,BP,formation of extrachromosomal circular DNA,http://purl.obolibrary.org/obo/GO_0001325
GO:0001405,CC,"PAM complex, Tim23 associated import motor",http://purl.obolibrary.org/obo/GO_0001405
GO:0001407,BP,glycerophosphodiester transmembrane transport,http://purl.obolibrary.org/obo/GO_0001407
GO:0001408,BP,guanine nucleotide transport,http://purl.obolibrary.org/obo/GO_0001408
GO:0001409,MF,guanine nucleotide transmembrane transporter activity,http://purl.obolibrary.org/obo/GO_0001409
GO:0001508,BP,action potential,http://purl.obolibrary.org/obo/GO_0001508
GO:0001510,BP,RNA methylation,http://purl.obolibrary.org/obo/GO_0001510
GO:0001514,BP,selenocysteine incorporation,http://purl.obolibrary.org/obo/GO_0001514
GO:0001518,CC,voltage-gated sodium channel complex,http://purl.obolibrary.org/obo/GO_0001518
GO:0001522,BP,pseudouridine synthesis,http://purl.obolibrary.org/obo/GO_0001522
GO:0001530,MF,lipopolysaccharide binding,http://purl.obolibrary.org/obo/GO_0001530
GO:0001534,CC,radial spoke,http://purl.obolibrary.org/obo/GO_0001534
GO:0001535,CC,radial spoke head,http://purl.obolibrary.org/obo/GO_0001535
GO:0001536,CC,radial spoke stalk,http://purl.obolibrary.org/obo/GO_0001536
GO:0001539,BP,cilium or flagellum-dependent cell motility,http://purl.obolibrary.org/obo/GO_0001539
GO:0001558,BP,regulation of cell growth,http://purl.obolibrary.org/obo/GO_0001558
GO:0001560,BP,regulation of cell growth by extracellular stimulus,http://purl.obolibrary.org/obo/GO_0001560
GO:0001561,BP,fatty acid alpha-oxidation,http://purl.obolibrary.org/obo/GO_0001561
GO:0001573,BP,ganglioside metabolic process,http://purl.obolibrary.org/obo/GO_0001573
GO:0001578,BP,microtubule bundle formation,http://purl.obolibrary.org/obo/GO_0001578
GO:0001614,MF,purinergic nucleotide receptor activity,http://purl.obolibrary.org/obo/GO_0001614
GO:0001650,CC,fibrillar center,http://purl.obolibrary.org/obo/GO_0001650
GO:0001653,MF,peptide receptor activity,http://purl.obolibrary.org/obo/GO_0001653
GO:0001659,BP,temperature homeostasis,http://purl.obolibrary.org/obo/GO_0001659
GO:0001664,MF,G protein-coupled receptor binding,http://purl.obolibrary.org/obo/GO_0001664
GO:0001666,BP,response to hypoxia,http://purl.obolibrary.org/obo/GO_0001666
GO:0001671,MF,ATPase activator activity,http://purl.obolibrary.org/obo/GO_0001671
GO:0001673,CC,male germ cell nucleus,http://purl.obolibrary.org/obo/GO_0001673
GO:0001676,BP,long-chain fatty acid metabolic process,http://purl.obolibrary.org/obo/GO_0001676
GO:0001678,BP,cellular glucose homeostasis,http://purl.obolibrary.org/obo/GO_0001678
GO:0001680,BP,tRNA 3'-terminal CCA addition,http://purl.obolibrary.org/obo/GO_0001680
GO:0001681,MF,sialate O-acetylesterase activity,http://purl.obolibrary.org/obo/GO_0001681
GO:0001682,BP,tRNA 5'-leader removal,http://purl.obolibrary.org/obo/GO_0001682
GO:0001691,MF,pseudophosphatase activity,http://purl.obolibrary.org/obo/GO_0001691
GO:0001704,BP,formation of primary germ layer,http://purl.obolibrary.org/obo/GO_0001704
GO:0001706,BP,endoderm formation,http://purl.obolibrary.org/obo/GO_0001706
GO:0001708,BP,cell fate specification,http://purl.obolibrary.org/obo/GO_0001708
GO:0001709,BP,cell fate determination,http://purl.obolibrary.org/obo/GO_0001709
GO:0001711,BP,endodermal cell fate commitment,http://purl.obolibrary.org/obo/GO_0001711
GO:0001714,BP,endodermal cell fate specification,http://purl.obolibrary.org/obo/GO_0001714
GO:0001727,MF,lipid kinase activity,http://purl.obolibrary.org/obo/GO_0001727
GO:0001729,MF,ceramide kinase activity,http://purl.obolibrary.org/obo/GO_0001729
GO:0001730,MF,2'-5'-oligoadenylate synthetase activity,http://purl.obolibrary.org/obo/GO_0001730
GO:0001731,BP,formation of translation preinitiation complex,http://purl.obolibrary.org/obo/GO_0001731
GO:0001732,BP,formation of cytoplasmic translation initiation complex,http://purl.obolibrary.org/obo/GO_0001732
GO:0001734,MF,mRNA (N6-adenosine)-methyltransferase activity,http://purl.obolibrary.org/obo/GO_0001734
GO:0001735,MF,prenylcysteine oxidase activity,http://purl.obolibrary.org/obo/GO_0001735
GO:0001736,BP,establishment of planar polarity,http://purl.obolibrary.org/obo/GO_0001736
GO:0001738,BP,morphogenesis of a polarized epithelium,http://purl.obolibrary.org/obo/GO_0001738
GO:0001759,BP,organ induction,http://purl.obolibrary.org/obo/GO_0001759
GO:0001763,BP,morphogenesis of a branching structure,http://purl.obolibrary.org/obo/GO_0001763
GO:0001775,BP,cell activation,http://purl.obolibrary.org/obo/GO_0001775
GO:0001778,BP,plasma membrane repair,http://purl.obolibrary.org/obo/GO_0001778
GO:0001786,MF,phosphatidylserine binding,http://purl.obolibrary.org/obo/GO_0001786
GO:0001821,BP,histamine secretion,http://purl.obolibrary.org/obo/GO_0001821
GO:0001872,MF,(1->3)-beta-D-glucan binding,http://purl.obolibrary.org/obo/GO_0001872
GO:0001878,BP,response to yeast,http://purl.obolibrary.org/obo/GO_0001878
GO:0001881,BP,receptor recycling,http://purl.obolibrary.org/obo/GO_0001881
GO:0001887,BP,selenium compound metabolic process,http://purl.obolibrary.org/obo/GO_0001887
GO:0001894,BP,tissue homeostasis,http://purl.obolibrary.org/obo/GO_0001894
GO:0001897,BP,cytolysis by symbiont of host cells,http://purl.obolibrary.org/obo/GO_0001897
GO:0001906,BP,cell killing,http://purl.obolibrary.org/obo/GO_0001906
GO:0001907,BP,killing by symbiont of host cells,http://purl.obolibrary.org/obo/GO_0001907
GO:0001932,BP,regulation of protein phosphorylation,http://purl.obolibrary.org/obo/GO_0001932
GO:0001933,BP,negative regulation of protein phosphorylation,http://purl.obolibrary.org/obo/GO_0001933
GO:0001934,BP,positive regulation of protein phosphorylation,http://purl.obolibrary.org/obo/GO_0001934
GO:0001935,BP,endothelial cell proliferation,http://purl.obolibrary.org/obo/GO_0001935
GO:0001944,BP,vasculature development,http://purl.obolibrary.org/obo/GO_0001944
GO:0002009,BP,morphogenesis of an epithelium,http://purl.obolibrary.org/obo/GO_0002009
GO:0002020,MF,protease binding,http://purl.obolibrary.org/obo/GO_0002020
GO:0002028,BP,regulation of sodium ion transport,http://purl.obolibrary.org/obo/GO_0002028
GO:0002054,MF,nucleobase binding,http://purl.obolibrary.org/obo/GO_0002054
GO:0002055,MF,adenine binding,http://purl.obolibrary.org/obo/GO_0002055
GO:0002058,MF,uracil binding,http://purl.obolibrary.org/obo/GO_0002058
GO:0002060,MF,purine nucleobase binding,http://purl.obolibrary.org/obo/GO_0002060
GO:0002061,MF,pyrimidine nucleobase binding,http://purl.obolibrary.org/obo/GO_0002061
GO:0002094,MF,polyprenyltransferase activity,http://purl.obolibrary.org/obo/GO_0002094
GO:0002097,BP,tRNA wobble base modification,http://purl.obolibrary.org/obo/GO_0002097
GO:0002098,BP,tRNA wobble uridine modification,http://purl.obolibrary.org/obo/GO_0002098
GO:0002099,BP,tRNA wobble guanine modification,http://purl.obolibrary.org/obo/GO_0002099
GO:0002100,BP,tRNA wobble adenosine to inosine editing,http://purl.obolibrary.org/obo/GO_0002100
GO:0002103,BP,"endonucleolytic cleavage of tetracistronic rRNA transcript (SSU-rRNA, LSU-rRNA, 4.5S-rRNA, 5S-rRNA)",http://purl.obolibrary.org/obo/GO_0002103
GO:0002115,BP,store-operated calcium entry,http://purl.obolibrary.org/obo/GO_0002115
GO:0002119,BP,nematode larval development,http://purl.obolibrary.org/obo/GO_0002119
GO:0002128,BP,tRNA nucleoside ribose methylation,http://purl.obolibrary.org/obo/GO_0002128
GO:0002130,BP,wobble position ribose methylation,http://purl.obolibrary.org/obo/GO_0002130
GO:0002143,BP,tRNA wobble position uridine thiolation,http://purl.obolibrary.org/obo/GO_0002143
GO:0002144,CC,cytosolic tRNA wobble base thiouridylase complex,http://purl.obolibrary.org/obo/GO_0002144
GO:0002161,MF,aminoacyl-tRNA editing activity,http://purl.obolibrary.org/obo/GO_0002161
GO:0002164,BP,larval development,http://purl.obolibrary.org/obo/GO_0002164
GO:0002178,CC,palmitoyltransferase complex,http://purl.obolibrary.org/obo/GO_0002178
GO:0002181,BP,cytoplasmic translation,http://purl.obolibrary.org/obo/GO_0002181
GO:0002182,BP,cytoplasmic translational elongation,http://purl.obolibrary.org/obo/GO_0002182
GO:0002183,BP,cytoplasmic translational initiation,http://purl.obolibrary.org/obo/GO_0002183
GO:0002184,BP,cytoplasmic translational termination,http://purl.obolibrary.org/obo/GO_0002184
GO:0002188,BP,translation reinitiation,http://purl.obolibrary.org/obo/GO_0002188
GO:0002189,CC,ribose phosphate diphosphokinase complex,http://purl.obolibrary.org/obo/GO_0002189
GO:0002196,MF,Ser-tRNA(Ala) hydrolase activity,http://purl.obolibrary.org/obo/GO_0002196
GO:0002213,BP,defense response to insect,http://purl.obolibrary.org/obo/GO_0002213
GO:0002215,BP,defense response to nematode,http://purl.obolibrary.org/obo/GO_0002215
GO:0002218,BP,activation of innate immune response,http://purl.obolibrary.org/obo/GO_0002218
GO:0002220,BP,innate immune response activating cell surface receptor signaling pathway,http://purl.obolibrary.org/obo/GO_0002220
GO:0002221,BP,pattern recognition receptor signaling pathway,http://purl.obolibrary.org/obo/GO_0002221
GO:0002229,BP,defense response to oomycetes,http://purl.obolibrary.org/obo/GO_0002229
GO:0002230,BP,positive regulation of defense response to virus by host,http://purl.obolibrary.org/obo/GO_0002230
GO:0002237,BP,response to molecule of bacterial origin,http://purl.obolibrary.org/obo/GO_0002237
GO:0002238,BP,response to molecule of fungal origin,http://purl.obolibrary.org/obo/GO_0002238
GO:0002239,BP,response to oomycetes,http://purl.obolibrary.org/obo/GO_0002239
GO:0002240,BP,response to molecule of oomycetes origin,http://purl.obolibrary.org/obo/GO_0002240
GO:0002241,BP,response to parasitic plant,http://purl.obolibrary.org/obo/GO_0002241
GO:0002242,BP,defense response to parasitic plant,http://purl.obolibrary.org/obo/GO_0002242
GO:0002252,BP,immune effector process,http://purl.obolibrary.org/obo/GO_0002252
GO:0002253,BP,activation of immune response,http://purl.obolibrary.org/obo/GO_0002253
GO:0002263,BP,cell activation involved in immune response,http://purl.obolibrary.org/obo/GO_0002263
GO:0002274,BP,myeloid leukocyte activation,http://purl.obolibrary.org/obo/GO_0002274
GO:0002275,BP,myeloid cell activation involved in immune response,http://purl.obolibrary.org/obo/GO_0002275
GO:0002279,BP,mast cell activation involved in immune response,http://purl.obolibrary.org/obo/GO_0002279
GO:0002349,BP,histamine production involved in inflammatory response,http://purl.obolibrary.org/obo/GO_0002349
GO:0002366,BP,leukocyte activation involved in immune response,http://purl.obolibrary.org/obo/GO_0002366
GO:0002376,BP,immune system process,http://purl.obolibrary.org/obo/GO_0002376
GO:0002429,BP,immune response-activating cell surface receptor signaling pathway,http://purl.obolibrary.org/obo/GO_0002429
GO:0002441,BP,histamine secretion involved in inflammatory response,http://purl.obolibrary.org/obo/GO_0002441
GO:0002443,BP,leukocyte mediated immunity,http://purl.obolibrary.org/obo/GO_0002443
GO:0002444,BP,myeloid leukocyte mediated immunity,http://purl.obolibrary.org/obo/GO_0002444
GO:0002448,BP,mast cell mediated immunity,http://purl.obolibrary.org/obo/GO_0002448
GO:0002532,BP,production of molecular mediator involved in inflammatory response,http://purl.obolibrary.org/obo/GO_0002532
GO:0002553,BP,histamine secretion by mast cell,http://purl.obolibrary.org/obo/GO_0002553
GO:0002679,BP,respiratory burst involved in defense response,http://purl.obolibrary.org/obo/GO_0002679
GO:0002682,BP,regulation of immune system process,http://purl.obolibrary.org/obo/GO_0002682
GO:0002683,BP,negative regulation of immune system process,http://purl.obolibrary.org/obo/GO_0002683
GO:0002684,BP,positive regulation of immune system process,http://purl.obolibrary.org/obo/GO_0002684
GO:0002697,BP,regulation of immune effector process,http://purl.obolibrary.org/obo/GO_0002697
GO:0002699,BP,positive regulation of immune effector process,http://purl.obolibrary.org/obo/GO_0002699
GO:0002703,BP,regulation of leukocyte mediated immunity,http://purl.obolibrary.org/obo/GO_0002703
GO:0002752,BP,cell surface pattern recognition receptor signaling pathway,http://purl.obolibrary.org/obo/GO_0002752
GO:0002757,BP,immune response-activating signal transduction,http://purl.obolibrary.org/obo/GO_0002757
GO:0002758,BP,innate immune response-activating signal transduction,http://purl.obolibrary.org/obo/GO_0002758
GO:0002764,BP,immune response-regulating signaling pathway,http://purl.obolibrary.org/obo/GO_0002764
GO:0002768,BP,immune response-regulating cell surface receptor signaling pathway,http://purl.obolibrary.org/obo/GO_0002768
GO:0002831,BP,regulation of response to biotic stimulus,http://purl.obolibrary.org/obo/GO_0002831
GO:0002832,BP,negative regulation of response to biotic stimulus,http://purl.obolibrary.org/obo/GO_0002832
GO:0002833,BP,positive regulation of response to biotic stimulus,http://purl.obolibrary.org/obo/GO_0002833
GO:0002886,BP,regulation of myeloid leukocyte mediated immunity,http://purl.obolibrary.org/obo/GO_0002886
GO:0002926,BP,tRNA wobble base 5-methoxycarbonylmethyl-2-thiouridinylation,http://purl.obolibrary.org/obo/GO_0002926
GO:0002933,BP,lipid hydroxylation,http://purl.obolibrary.org/obo/GO_0002933
GO:0002938,BP,tRNA guanine ribose methylation,http://purl.obolibrary.org/obo/GO_0002938
GO:0002939,BP,tRNA N1-guanine methylation,http://purl.obolibrary.org/obo/GO_0002939
GO:0002940,BP,tRNA N2-guanine methylation,http://purl.obolibrary.org/obo/GO_0002940
GO:0002943,BP,tRNA dihydrouridine synthesis,http://purl.obolibrary.org/obo/GO_0002943
GO:0002949,BP,tRNA threonylcarbamoyladenosine modification,http://purl.obolibrary.org/obo/GO_0002949
GO:0002953,MF,5'-deoxynucleotidase activity,http://purl.obolibrary.org/obo/GO_0002953
GO:0003002,BP,regionalization,http://purl.obolibrary.org/obo/GO_0003002
GO:0003006,BP,developmental process involved in reproduction,http://purl.obolibrary.org/obo/GO_0003006
GO:0003008,BP,system process,http://purl.obolibrary.org/obo/GO_0003008
GO:0003013,BP,circulatory system process,http://purl.obolibrary.org/obo/GO_0003013
GO:0003018,BP,vascular process in circulatory system,http://purl.obolibrary.org/obo/GO_0003018
GO:0003032,BP,detection of oxygen,http://purl.obolibrary.org/obo/GO_0003032
GO:0003156,BP,regulation of animal organ formation,http://purl.obolibrary.org/obo/GO_0003156
GO:0003254,BP,regulation of membrane depolarization,http://purl.obolibrary.org/obo/GO_0003254
GO:0003333,BP,amino acid transmembrane transport,http://purl.obolibrary.org/obo/GO_0003333
GO:0003341,BP,cilium movement,http://purl.obolibrary.org/obo/GO_0003341
GO:0003351,BP,epithelial cilium movement involved in extracellular fluid movement,http://purl.obolibrary.org/obo/GO_0003351
GO:0003352,BP,regulation of cilium movement,http://purl.obolibrary.org/obo/GO_0003352
GO:0003356,BP,regulation of cilium beat frequency,http://purl.obolibrary.org/obo/GO_0003356
GO:0003376,BP,sphingosine-1-phosphate receptor signaling pathway,http://purl.obolibrary.org/obo/GO_0003376
GO:0003400,BP,regulation of COPII vesicle coating,http://purl.obolibrary.org/obo/GO_0003400
GO:0003674,MF,molecular_function,http://purl.obolibrary.org/obo/GO_0003674
GO:0003676,MF,nucleic acid binding,http://purl.obolibrary.org/obo/GO_0003676
GO:0003677,MF,DNA binding,http://purl.obolibrary.org/obo/GO_0003677
GO:0003678,MF,DNA helicase activity,http://purl.obolibrary.org/obo/GO_0003678
GO:0003680,MF,minor groove of adenine-thymine-rich DNA binding,http://purl.obolibrary.org/obo/GO_0003680
GO:0003681,MF,bent DNA binding,http://purl.obolibrary.org/obo/GO_0003681
GO:0003682,MF,chromatin binding,http://purl.obolibrary.org/obo/GO_0003682
GO:0003684,MF,damaged DNA binding,http://purl.obolibrary.org/obo/GO_0003684
GO:0003688,MF,DNA replication origin binding,http://purl.obolibrary.org/obo/GO_0003688
GO:0003689,MF,DNA clamp loader activity,http://purl.obolibrary.org/obo/GO_0003689
GO:0003690,MF,double-stranded DNA binding,http://purl.obolibrary.org/obo/GO_0003690
GO:0003691,MF,double-stranded telomeric DNA binding,http://purl.obolibrary.org/obo/GO_0003691
GO:0003697,MF,single-stranded DNA binding,http://purl.obolibrary.org/obo/GO_0003697
GO:0003700,MF,DNA-binding transcription factor activity,http://purl.obolibrary.org/obo/GO_0003700
GO:0003711,MF,transcription elongation regulator activity,http://purl.obolibrary.org/obo/GO_0003711
GO:0003712,MF,transcription coregulator activity,http://purl.obolibrary.org/obo/GO_0003712
GO:0003713,MF,transcription coactivator activity,http://purl.obolibrary.org/obo/GO_0003713
GO:0003714,MF,transcription corepressor activity,http://purl.obolibrary.org/obo/GO_0003714
GO:0003720,MF,telomerase activity,http://purl.obolibrary.org/obo/GO_0003720
GO:0003721,MF,telomerase RNA reverse transcriptase activity,http://purl.obolibrary.org/obo/GO_0003721
GO:0003723,MF,RNA binding,http://purl.obolibrary.org/obo/GO_0003723
GO:0003724,MF,RNA helicase activity,http://purl.obolibrary.org/obo/GO_0003724
GO:0003725,MF,double-stranded RNA binding,http://purl.obolibrary.org/obo/GO_0003725
GO:0003726,MF,double-stranded RNA adenosine deaminase activity,http://purl.obolibrary.org/obo/GO_0003726
GO:0003727,MF,single-stranded RNA binding,http://purl.obolibrary.org/obo/GO_0003727
GO:0003729,MF,mRNA binding,http://purl.obolibrary.org/obo/GO_0003729
GO:0003730,MF,mRNA 3'-UTR binding,http://purl.obolibrary.org/obo/GO_0003730
GO:0003735,MF,structural constituent of ribosome,http://purl.obolibrary.org/obo/GO_0003735
GO:0003743,MF,translation initiation factor activity,http://purl.obolibrary.org/obo/GO_0003743
GO:0003746,MF,translation elongation factor activity,http://purl.obolibrary.org/obo/GO_0003746
GO:0003747,MF,translation release factor activity,http://purl.obolibrary.org/obo/GO_0003747
GO:0003755,MF,peptidyl-prolyl cis-trans isomerase activity,http://purl.obolibrary.org/obo/GO_0003755
GO:0003756,MF,protein disulfide isomerase activity,http://purl.obolibrary.org/obo/GO_0003756
GO:0003774,MF,cytoskeletal motor activity,http://purl.obolibrary.org/obo/GO_0003774
GO:0003777,MF,microtubule motor activity,http://purl.obolibrary.org/obo/GO_0003777
GO:0003779,MF,actin binding,http://purl.obolibrary.org/obo/GO_0003779
GO:0003785,MF,actin monomer binding,http://purl.obolibrary.org/obo/GO_0003785
GO:0003796,MF,lysozyme activity,http://purl.obolibrary.org/obo/GO_0003796
GO:0003824,MF,catalytic activity,http://purl.obolibrary.org/obo/GO_0003824
GO:0003825,MF,"alpha,alpha-trehalose-phosphate synthase (UDP-forming) activity",http://purl.obolibrary.org/obo/GO_0003825
GO:0003827,MF,"alpha-1,3-mannosylglycoprotein 2-beta-N-acetylglucosaminyltransferase activity",http://purl.obolibrary.org/obo/GO_0003827
GO:0003831,MF,"beta-N-acetylglucosaminylglycopeptide beta-1,4-galactosyltransferase activity",http://purl.obolibrary.org/obo/GO_0003831
GO:0003837,MF,beta-ureidopropionase activity,http://purl.obolibrary.org/obo/GO_0003837
GO:0003838,MF,sterol 24-C-methyltransferase activity,http://purl.obolibrary.org/obo/GO_0003838
GO:0003839,MF,gamma-glutamylcyclotransferase activity,http://purl.obolibrary.org/obo/GO_0003839
GO:0003841,MF,1-acylglycerol-3-phosphate O-acyltransferase activity,http://purl.obolibrary.org/obo/GO_0003841
GO:0003842,MF,1-pyrroline-5-carboxylate dehydrogenase activity,http://purl.obolibrary.org/obo/GO_0003842
GO:0003843,MF,"1,3-beta-D-glucan synthase activity",http://purl.obolibrary.org/obo/GO_0003843
GO:0003844,MF,"1,4-alpha-glucan branching enzyme activity",http://purl.obolibrary.org/obo/GO_0003844
GO:0003845,MF,11-beta-hydroxysteroid dehydrogenase [NAD(P)] activity,http://purl.obolibrary.org/obo/GO_0003845
GO:0003846,MF,2-acylglycerol O-acyltransferase activity,http://purl.obolibrary.org/obo/GO_0003846
GO:0003847,MF,1-alkyl-2-acetylglycerophosphocholine esterase activity,http://purl.obolibrary.org/obo/GO_0003847
GO:0003848,MF,2-amino-4-hydroxy-6-hydroxymethyldihydropteridine diphosphokinase activity,http://purl.obolibrary.org/obo/GO_0003848
GO:0003849,MF,3-deoxy-7-phosphoheptulonate synthase activity,http://purl.obolibrary.org/obo/GO_0003849
GO:0003852,MF,2-isopropylmalate synthase activity,http://purl.obolibrary.org/obo/GO_0003852
GO:0003853,MF,2-methylacyl-CoA dehydrogenase activity,http://purl.obolibrary.org/obo/GO_0003853
GO:0003856,MF,3-dehydroquinate synthase activity,http://purl.obolibrary.org/obo/GO_0003856
GO:0003857,MF,3-hydroxyacyl-CoA dehydrogenase activity,http://purl.obolibrary.org/obo/GO_0003857
GO:0003858,MF,3-hydroxybutyrate dehydrogenase activity,http://purl.obolibrary.org/obo/GO_0003858
GO:0003860,MF,3-hydroxyisobutyryl-CoA hydrolase activity,http://purl.obolibrary.org/obo/GO_0003860
GO:0003861,MF,3-isopropylmalate dehydratase activity,http://purl.obolibrary.org/obo/GO_0003861
GO:0003862,MF,3-isopropylmalate dehydrogenase activity,http://purl.obolibrary.org/obo/GO_0003862
GO:0003864,MF,3-methyl-2-oxobutanoate hydroxymethyltransferase activity,http://purl.obolibrary.org/obo/GO_0003864
GO:0003865,MF,3-oxo-5-alpha-steroid 4-dehydrogenase activity,http://purl.obolibrary.org/obo/GO_0003865
GO:0003866,MF,3-phosphoshikimate 1-carboxyvinyltransferase activity,http://purl.obolibrary.org/obo/GO_0003866
GO:0003867,MF,4-aminobutyrate transaminase activity,http://purl.obolibrary.org/obo/GO_0003867
GO:0003868,MF,4-hydroxyphenylpyruvate dioxygenase activity,http://purl.obolibrary.org/obo/GO_0003868
GO:0003870,MF,5-aminolevulinate synthase activity,http://purl.obolibrary.org/obo/GO_0003870
GO:0003871,MF,5-methyltetrahydropteroyltriglutamate-homocysteine S-methyltransferase activity,http://purl.obolibrary.org/obo/GO_0003871
GO:0003872,MF,6-phosphofructokinase activity,http://purl.obolibrary.org/obo/GO_0003872
GO:0003873,MF,6-phosphofructo-2-kinase activity,http://purl.obolibrary.org/obo/GO_0003873
GO:0003876,MF,AMP deaminase activity,http://purl.obolibrary.org/obo/GO_0003876
GO:0003878,MF,ATP citrate synthase activity,http://purl.obolibrary.org/obo/GO_0003878
GO:0003879,MF,ATP phosphoribosyltransferase activity,http://purl.obolibrary.org/obo/GO_0003879
GO:0003880,MF,protein C-terminal carboxyl O-methyltransferase activity,http://purl.obolibrary.org/obo/GO_0003880
GO:0003881,MF,CDP-diacylglycerol-inositol 3-phosphatidyltransferase activity,http://purl.obolibrary.org/obo/GO_0003881
GO:0003883,MF,CTP synthase activity,http://purl.obolibrary.org/obo/GO_0003883
GO:0003884,MF,D-amino-acid oxidase activity,http://purl.obolibrary.org/obo/GO_0003884
GO:0003886,MF,DNA (cytosine-5-)-methyltransferase activity,http://purl.obolibrary.org/obo/GO_0003886
GO:0003887,MF,DNA-directed DNA polymerase activity,http://purl.obolibrary.org/obo/GO_0003887
GO:0003896,MF,DNA primase activity,http://purl.obolibrary.org/obo/GO_0003896
GO:0003899,MF,DNA-directed 5'-3' RNA polymerase activity,http://purl.obolibrary.org/obo/GO_0003899
GO:0003904,MF,deoxyribodipyrimidine photo-lyase activity,http://purl.obolibrary.org/obo/GO_0003904
GO:0003905,MF,alkylbase DNA N-glycosylase activity,http://purl.obolibrary.org/obo/GO_0003905
GO:0003906,MF,DNA-(apurinic or apyrimidinic site) endonuclease activity,http://purl.obolibrary.org/obo/GO_0003906
GO:0003908,MF,methylated-DNA-[protein]-cysteine S-methyltransferase activity,http://purl.obolibrary.org/obo/GO_0003908
GO:0003909,MF,DNA ligase activity,http://purl.obolibrary.org/obo/GO_0003909
GO:0003910,MF,DNA ligase (ATP) activity,http://purl.obolibrary.org/obo/GO_0003910
GO:0003913,MF,DNA photolyase activity,http://purl.obolibrary.org/obo/GO_0003913
GO:0003914,MF,DNA (6-4) photolyase activity,http://purl.obolibrary.org/obo/GO_0003914
GO:0003916,MF,DNA topoisomerase activity,http://purl.obolibrary.org/obo/GO_0003916
GO:0003917,MF,"DNA topoisomerase type I (single strand cut, ATP-independent) activity",http://purl.obolibrary.org/obo/GO_0003917
GO:0003918,MF,"DNA topoisomerase type II (double strand cut, ATP-hydrolyzing) activity",http://purl.obolibrary.org/obo/GO_0003918
GO:0003919,MF,FMN adenylyltransferase activity,http://purl.obolibrary.org/obo/GO_0003919
GO:0003921,MF,GMP synthase activity,http://purl.obolibrary.org/obo/GO_0003921
GO:0003922,MF,GMP synthase (glutamine-hydrolyzing) activity,http://purl.obolibrary.org/obo/GO_0003922
GO:0003923,MF,GPI-anchor transamidase activity,http://purl.obolibrary.org/obo/GO_0003923
GO:0003924,MF,GTPase activity,http://purl.obolibrary.org/obo/GO_0003924
GO:0003933,MF,GTP cyclohydrolase activity,http://purl.obolibrary.org/obo/GO_0003933
GO:0003934,MF,GTP cyclohydrolase I activity,http://purl.obolibrary.org/obo/GO_0003934
GO:0003935,MF,GTP cyclohydrolase II activity,http://purl.obolibrary.org/obo/GO_0003935
GO:0003937,MF,IMP cyclohydrolase activity,http://purl.obolibrary.org/obo/GO_0003937
GO:0003938,MF,IMP dehydrogenase activity,http://purl.obolibrary.org/obo/GO_0003938
GO:0003939,MF,L-iditol 2-dehydrogenase activity,http://purl.obolibrary.org/obo/GO_0003939
GO:0003941,MF,L-serine ammonia-lyase activity,http://purl.obolibrary.org/obo/GO_0003941
GO:0003948,MF,N4-(beta-N-acetylglucosaminyl)-L-asparaginase activity,http://purl.obolibrary.org/obo/GO_0003948
GO:0003949,MF,1-(5-phosphoribosyl)-5-[(5-phosphoribosylamino)methylideneamino]imidazole-4-carboxamide isomerase activity,http://purl.obolibrary.org/obo/GO_0003949
GO:0003950,MF,NAD+ ADP-ribosyltransferase activity,http://purl.obolibrary.org/obo/GO_0003950
GO:0003951,MF,NAD+ kinase activity,http://purl.obolibrary.org/obo/GO_0003951
GO:0003952,MF,NAD+ synthase (glutamine-hydrolyzing) activity,http://purl.obolibrary.org/obo/GO_0003952
GO:0003953,MF,NAD+ nucleosidase activity,http://purl.obolibrary.org/obo/GO_0003953
GO:0003954,MF,NADH dehydrogenase activity,http://purl.obolibrary.org/obo/GO_0003954
GO:0003955,MF,NAD(P)H dehydrogenase (quinone) activity,http://purl.obolibrary.org/obo/GO_0003955
GO:0003958,MF,NADPH-hemoprotein reductase activity,http://purl.obolibrary.org/obo/GO_0003958
GO:0003959,MF,NADPH dehydrogenase activity,http://purl.obolibrary.org/obo/GO_0003959
GO:0003960,MF,NADPH:quinone reductase activity,http://purl.obolibrary.org/obo/GO_0003960
GO:0003962,MF,cystathionine gamma-synthase activity,http://purl.obolibrary.org/obo/GO_0003962
GO:0003963,MF,RNA-3'-phosphate cyclase activity,http://purl.obolibrary.org/obo/GO_0003963
GO:0003964,MF,RNA-directed DNA polymerase activity,http://purl.obolibrary.org/obo/GO_0003964
GO:0003968,MF,RNA-directed 5'-3' RNA polymerase activity,http://purl.obolibrary.org/obo/GO_0003968
GO:0003972,MF,RNA ligase (ATP) activity,http://purl.obolibrary.org/obo/GO_0003972
GO:0003973,MF,(S)-2-hydroxy-acid oxidase activity,http://purl.obolibrary.org/obo/GO_0003973
GO:0003975,MF,UDP-N-acetylglucosamine-dolichyl-phosphate N-acetylglucosaminephosphotransferase activity,http://purl.obolibrary.org/obo/GO_0003975
GO:0003977,MF,UDP-N-acetylglucosamine diphosphorylase activity,http://purl.obolibrary.org/obo/GO_0003977
GO:0003978,MF,UDP-glucose 4-epimerase activity,http://purl.obolibrary.org/obo/GO_0003978
GO:0003979,MF,UDP-glucose 6-dehydrogenase activity,http://purl.obolibrary.org/obo/GO_0003979
GO:0003980,MF,UDP-glucose:glycoprotein glucosyltransferase activity,http://purl.obolibrary.org/obo/GO_0003980
GO:0003983,MF,UTP:glucose-1-phosphate uridylyltransferase activity,http://purl.obolibrary.org/obo/GO_0003983
GO:0003984,MF,acetolactate synthase activity,http://purl.obolibrary.org/obo/GO_0003984
GO:0003985,MF,acetyl-CoA C-acetyltransferase activity,http://purl.obolibrary.org/obo/GO_0003985
GO:0003987,MF,acetate-CoA ligase activity,http://purl.obolibrary.org/obo/GO_0003987
GO:0003988,MF,acetyl-CoA C-acyltransferase activity,http://purl.obolibrary.org/obo/GO_0003988
GO:0003989,MF,acetyl-CoA carboxylase activity,http://purl.obolibrary.org/obo/GO_0003989
GO:0003991,MF,acetylglutamate kinase activity,http://purl.obolibrary.org/obo/GO_0003991
GO:0003992,MF,N2-acetyl-L-ornithine:2-oxoglutarate 5-aminotransferase activity,http://purl.obolibrary.org/obo/GO_0003992
GO:0003993,MF,acid phosphatase activity,http://purl.obolibrary.org/obo/GO_0003993
GO:0003994,MF,aconitate hydratase activity,http://purl.obolibrary.org/obo/GO_0003994
GO:0003995,MF,acyl-CoA dehydrogenase activity,http://purl.obolibrary.org/obo/GO_0003995
GO:0003997,MF,acyl-CoA oxidase activity,http://purl.obolibrary.org/obo/GO_0003997
GO:0003998,MF,acylphosphatase activity,http://purl.obolibrary.org/obo/GO_0003998
GO:0003999,MF,adenine phosphoribosyltransferase activity,http://purl.obolibrary.org/obo/GO_0003999
GO:0004000,MF,adenosine deaminase activity,http://purl.obolibrary.org/obo/GO_0004000
GO:0004001,MF,adenosine kinase activity,http://purl.obolibrary.org/obo/GO_0004001
GO:0004013,MF,adenosylhomocysteinase activity,http://purl.obolibrary.org/obo/GO_0004013
GO:0004014,MF,adenosylmethionine decarboxylase activity,http://purl.obolibrary.org/obo/GO_0004014
GO:0004015,MF,adenosylmethionine-8-amino-7-oxononanoate transaminase activity,http://purl.obolibrary.org/obo/GO_0004015
GO:0004016,MF,adenylate cyclase activity,http://purl.obolibrary.org/obo/GO_0004016
GO:0004017,MF,adenylate kinase activity,http://purl.obolibrary.org/obo/GO_0004017
GO:0004019,MF,adenylosuccinate synthase activity,http://purl.obolibrary.org/obo/GO_0004019
GO:0004020,MF,adenylylsulfate kinase activity,http://purl.obolibrary.org/obo/GO_0004020
GO:0004021,MF,L-alanine:2-oxoglutarate aminotransferase activity,http://purl.obolibrary.org/obo/GO_0004021
GO:0004022,MF,alcohol dehydrogenase (NAD+) activity,http://purl.obolibrary.org/obo/GO_0004022
GO:0004024,MF,"alcohol dehydrogenase activity, zinc-dependent",http://purl.obolibrary.org/obo/GO_0004024
GO:0004026,MF,alcohol O-acetyltransferase activity,http://purl.obolibrary.org/obo/GO_0004026
GO:0004028,MF,3-chloroallyl aldehyde dehydrogenase activity,http://purl.obolibrary.org/obo/GO_0004028
GO:0004029,MF,aldehyde dehydrogenase (NAD+) activity,http://purl.obolibrary.org/obo/GO_0004029
GO:0004030,MF,aldehyde dehydrogenase [NAD(P)+] activity,http://purl.obolibrary.org/obo/GO_0004030
GO:0004031,MF,aldehyde oxidase activity,http://purl.obolibrary.org/obo/GO_0004031
GO:0004032,MF,alditol:NADP+ 1-oxidoreductase activity,http://purl.obolibrary.org/obo/GO_0004032
GO:0004033,MF,aldo-keto reductase (NADP) activity,http://purl.obolibrary.org/obo/GO_0004033
GO:0004034,MF,aldose 1-epimerase activity,http://purl.obolibrary.org/obo/GO_0004034
GO:0004035,MF,alkaline phosphatase activity,http://purl.obolibrary.org/obo/GO_0004035
GO:0004037,MF,allantoicase activity,http://purl.obolibrary.org/obo/GO_0004037
GO:0004038,MF,allantoinase activity,http://purl.obolibrary.org/obo/GO_0004038
GO:0004040,MF,amidase activity,http://purl.obolibrary.org/obo/GO_0004040
GO:0004042,MF,acetyl-CoA:L-glutamate N-acetyltransferase activity,http://purl.obolibrary.org/obo/GO_0004042
GO:0004044,MF,amidophosphoribosyltransferase activity,http://purl.obolibrary.org/obo/GO_0004044
GO:0004045,MF,aminoacyl-tRNA hydrolase activity,http://purl.obolibrary.org/obo/GO_0004045
GO:0004046,MF,aminoacylase activity,http://purl.obolibrary.org/obo/GO_0004046
GO:0004048,MF,anthranilate phosphoribosyltransferase activity,http://purl.obolibrary.org/obo/GO_0004048
GO:0004049,MF,anthranilate synthase activity,http://purl.obolibrary.org/obo/GO_0004049
GO:0004053,MF,arginase activity,http://purl.obolibrary.org/obo/GO_0004053
GO:0004055,MF,argininosuccinate synthase activity,http://purl.obolibrary.org/obo/GO_0004055
GO:0004056,MF,argininosuccinate lyase activity,http://purl.obolibrary.org/obo/GO_0004056
GO:0004057,MF,arginyltransferase activity,http://purl.obolibrary.org/obo/GO_0004057
GO:0004058,MF,aromatic-L-amino-acid decarboxylase activity,http://purl.obolibrary.org/obo/GO_0004058
GO:0004059,MF,aralkylamine N-acetyltransferase activity,http://purl.obolibrary.org/obo/GO_0004059
GO:0004061,MF,arylformamidase activity,http://purl.obolibrary.org/obo/GO_0004061
GO:0004066,MF,asparagine synthase (glutamine-hydrolyzing) activity,http://purl.obolibrary.org/obo/GO_0004066
GO:0004067,MF,asparaginase activity,http://purl.obolibrary.org/obo/GO_0004067
GO:0004069,MF,L-aspartate:2-oxoglutarate aminotransferase activity,http://purl.obolibrary.org/obo/GO_0004069
GO:0004070,MF,aspartate carbamoyltransferase activity,http://purl.obolibrary.org/obo/GO_0004070
GO:0004072,MF,aspartate kinase activity,http://purl.obolibrary.org/obo/GO_0004072
GO:0004073,MF,aspartate-semialdehyde dehydrogenase activity,http://purl.obolibrary.org/obo/GO_0004073
GO:0004075,MF,biotin carboxylase activity,http://purl.obolibrary.org/obo/GO_0004075
GO:0004076,MF,biotin synthase activity,http://purl.obolibrary.org/obo/GO_0004076
GO:0004077,MF,biotin-[acetyl-CoA-carboxylase] ligase activity,http://purl.obolibrary.org/obo/GO_0004077
GO:0004078,MF,biotin-[methylcrotonoyl-CoA-carboxylase] ligase activity,http://purl.obolibrary.org/obo/GO_0004078
GO:0004081,MF,bis(5'-nucleosyl)-tetraphosphatase (asymmetrical) activity,http://purl.obolibrary.org/obo/GO_0004081
GO:0004084,MF,branched-chain-amino-acid transaminase activity,http://purl.obolibrary.org/obo/GO_0004084
GO:0004085,MF,butyryl-CoA dehydrogenase activity,http://purl.obolibrary.org/obo/GO_0004085
GO:0004088,MF,carbamoyl-phosphate synthase (glutamine-hydrolyzing) activity,http://purl.obolibrary.org/obo/GO_0004088
GO:0004089,MF,carbonate dehydratase activity,http://purl.obolibrary.org/obo/GO_0004089
GO:0004096,MF,catalase activity,http://purl.obolibrary.org/obo/GO_0004096
GO:0004097,MF,catechol oxidase activity,http://purl.obolibrary.org/obo/GO_0004097
GO:0004103,MF,choline kinase activity,http://purl.obolibrary.org/obo/GO_0004103
GO:0004104,MF,cholinesterase activity,http://purl.obolibrary.org/obo/GO_0004104
GO:0004105,MF,choline-phosphate cytidylyltransferase activity,http://purl.obolibrary.org/obo/GO_0004105
GO:0004106,MF,chorismate mutase activity,http://purl.obolibrary.org/obo/GO_0004106
GO:0004107,MF,chorismate synthase activity,http://purl.obolibrary.org/obo/GO_0004107
GO:0004108,MF,citrate (Si)-synthase activity,http://purl.obolibrary.org/obo/GO_0004108
GO:0004109,MF,coproporphyrinogen oxidase activity,http://purl.obolibrary.org/obo/GO_0004109
GO:0004112,MF,cyclic-nucleotide phosphodiesterase activity,http://purl.obolibrary.org/obo/GO_0004112
GO:0004113,MF,"2',3'-cyclic-nucleotide 3'-phosphodiesterase activity",http://purl.obolibrary.org/obo/GO_0004113
GO:0004114,MF,"3',5'-cyclic-nucleotide phosphodiesterase activity",http://purl.obolibrary.org/obo/GO_0004114
GO:0004115,MF,"3',5'-cyclic-AMP phosphodiesterase activity",http://purl.obolibrary.org/obo/GO_0004115
GO:0004122,MF,cystathionine beta-synthase activity,http://purl.obolibrary.org/obo/GO_0004122
GO:0004124,MF,cysteine synthase activity,http://purl.obolibrary.org/obo/GO_0004124
GO:0004126,MF,cytidine deaminase activity,http://purl.obolibrary.org/obo/GO_0004126
GO:0004127,MF,cytidylate kinase activity,http://purl.obolibrary.org/obo/GO_0004127
GO:0004128,MF,"cytochrome-b5 reductase activity, acting on NAD(P)H",http://purl.obolibrary.org/obo/GO_0004128
GO:0004129,MF,cytochrome-c oxidase activity,http://purl.obolibrary.org/obo/GO_0004129
GO:0004132,MF,dCMP deaminase activity,http://purl.obolibrary.org/obo/GO_0004132
GO:0004134,MF,4-alpha-glucanotransferase activity,http://purl.obolibrary.org/obo/GO_0004134
GO:0004140,MF,dephospho-CoA kinase activity,http://purl.obolibrary.org/obo/GO_0004140
GO:0004141,MF,dethiobiotin synthase activity,http://purl.obolibrary.org/obo/GO_0004141
GO:0004142,MF,diacylglycerol cholinephosphotransferase activity,http://purl.obolibrary.org/obo/GO_0004142
GO:0004143,MF,diacylglycerol kinase activity,http://purl.obolibrary.org/obo/GO_0004143
GO:0004144,MF,diacylglycerol O-acyltransferase activity,http://purl.obolibrary.org/obo/GO_0004144
GO:0004146,MF,dihydrofolate reductase activity,http://purl.obolibrary.org/obo/GO_0004146
GO:0004148,MF,dihydrolipoyl dehydrogenase activity,http://purl.obolibrary.org/obo/GO_0004148
GO:0004149,MF,dihydrolipoyllysine-residue succinyltransferase activity,http://purl.obolibrary.org/obo/GO_0004149
GO:0004150,MF,dihydroneopterin aldolase activity,http://purl.obolibrary.org/obo/GO_0004150
GO:0004151,MF,dihydroorotase activity,http://purl.obolibrary.org/obo/GO_0004151
GO:0004152,MF,dihydroorotate dehydrogenase activity,http://purl.obolibrary.org/obo/GO_0004152
GO:0004156,MF,dihydropteroate synthase activity,http://purl.obolibrary.org/obo/GO_0004156
GO:0004157,MF,dihydropyrimidinase activity,http://purl.obolibrary.org/obo/GO_0004157
GO:0004160,MF,dihydroxy-acid dehydratase activity,http://purl.obolibrary.org/obo/GO_0004160
GO:0004161,MF,dimethylallyltranstransferase activity,http://purl.obolibrary.org/obo/GO_0004161
GO:0004163,MF,diphosphomevalonate decarboxylase activity,http://purl.obolibrary.org/obo/GO_0004163
GO:0004165,MF,dodecenoyl-CoA delta-isomerase activity,http://purl.obolibrary.org/obo/GO_0004165
GO:0004168,MF,dolichol kinase activity,http://purl.obolibrary.org/obo/GO_0004168
GO:0004170,MF,dUTP diphosphatase activity,http://purl.obolibrary.org/obo/GO_0004170
GO:0004174,MF,electron-transferring-flavoprotein dehydrogenase activity,http://purl.obolibrary.org/obo/GO_0004174
GO:0004175,MF,endopeptidase activity,http://purl.obolibrary.org/obo/GO_0004175
GO:0004176,MF,ATP-dependent peptidase activity,http://purl.obolibrary.org/obo/GO_0004176
GO:0004177,MF,aminopeptidase activity,http://purl.obolibrary.org/obo/GO_0004177
GO:0004180,MF,carboxypeptidase activity,http://purl.obolibrary.org/obo/GO_0004180
GO:0004181,MF,metallocarboxypeptidase activity,http://purl.obolibrary.org/obo/GO_0004181
GO:0004185,MF,serine-type carboxypeptidase activity,http://purl.obolibrary.org/obo/GO_0004185
GO:0004190,MF,aspartic-type endopeptidase activity,http://purl.obolibrary.org/obo/GO_0004190
GO:0004197,MF,cysteine-type endopeptidase activity,http://purl.obolibrary.org/obo/GO_0004197
GO:0004198,MF,calcium-dependent cysteine-type endopeptidase activity,http://purl.obolibrary.org/obo/GO_0004198
GO:0004222,MF,metalloendopeptidase activity,http://purl.obolibrary.org/obo/GO_0004222
GO:0004252,MF,serine-type endopeptidase activity,http://purl.obolibrary.org/obo/GO_0004252
GO:0004298,MF,threonine-type endopeptidase activity,http://purl.obolibrary.org/obo/GO_0004298
GO:0004300,MF,enoyl-CoA hydratase activity,http://purl.obolibrary.org/obo/GO_0004300
GO:0004301,MF,epoxide hydrolase activity,http://purl.obolibrary.org/obo/GO_0004301
GO:0004303,MF,estradiol 17-beta-dehydrogenase activity,http://purl.obolibrary.org/obo/GO_0004303
GO:0004305,MF,ethanolamine kinase activity,http://purl.obolibrary.org/obo/GO_0004305
GO:0004306,MF,ethanolamine-phosphate cytidylyltransferase activity,http://purl.obolibrary.org/obo/GO_0004306
GO:0004309,MF,exopolyphosphatase activity,http://purl.obolibrary.org/obo/GO_0004309
GO:0004310,MF,farnesyl-diphosphate farnesyltransferase activity,http://purl.obolibrary.org/obo/GO_0004310
GO:0004311,MF,farnesyltranstransferase activity,http://purl.obolibrary.org/obo/GO_0004311
GO:0004312,MF,fatty acid synthase activity,http://purl.obolibrary.org/obo/GO_0004312
GO:0004314,MF,[acyl-carrier-protein] S-malonyltransferase activity,http://purl.obolibrary.org/obo/GO_0004314
GO:0004315,MF,3-oxoacyl-[acyl-carrier-protein] synthase activity,http://purl.obolibrary.org/obo/GO_0004315
GO:0004316,MF,3-oxoacyl-[acyl-carrier-protein] reductase (NADPH) activity,http://purl.obolibrary.org/obo/GO_0004316
GO:0004318,MF,enoyl-[acyl-carrier-protein] reductase (NADH) activity,http://purl.obolibrary.org/obo/GO_0004318
GO:0004321,MF,fatty-acyl-CoA synthase activity,http://purl.obolibrary.org/obo/GO_0004321
GO:0004322,MF,ferroxidase activity,http://purl.obolibrary.org/obo/GO_0004322
GO:0004324,MF,ferredoxin-NADP+ reductase activity,http://purl.obolibrary.org/obo/GO_0004324
GO:0004325,MF,ferrochelatase activity,http://purl.obolibrary.org/obo/GO_0004325
GO:0004326,MF,tetrahydrofolylpolyglutamate synthase activity,http://purl.obolibrary.org/obo/GO_0004326
GO:0004331,MF,"fructose-2,6-bisphosphate 2-phosphatase activity",http://purl.obolibrary.org/obo/GO_0004331
GO:0004332,MF,fructose-bisphosphate aldolase activity,http://purl.obolibrary.org/obo/GO_0004332
GO:0004333,MF,fumarate hydratase activity,http://purl.obolibrary.org/obo/GO_0004333
GO:0004334,MF,fumarylacetoacetase activity,http://purl.obolibrary.org/obo/GO_0004334
GO:0004335,MF,galactokinase activity,http://purl.obolibrary.org/obo/GO_0004335
GO:0004337,MF,geranyltranstransferase activity,http://purl.obolibrary.org/obo/GO_0004337
GO:0004338,MF,"glucan exo-1,3-beta-glucosidase activity",http://purl.obolibrary.org/obo/GO_0004338
GO:0004340,MF,glucokinase activity,http://purl.obolibrary.org/obo/GO_0004340
GO:0004341,MF,gluconolactonase activity,http://purl.obolibrary.org/obo/GO_0004341
GO:0004343,MF,glucosamine 6-phosphate N-acetyltransferase activity,http://purl.obolibrary.org/obo/GO_0004343
GO:0004344,MF,glucose dehydrogenase activity,http://purl.obolibrary.org/obo/GO_0004344
GO:0004345,MF,glucose-6-phosphate dehydrogenase activity,http://purl.obolibrary.org/obo/GO_0004345
GO:0004347,MF,glucose-6-phosphate isomerase activity,http://purl.obolibrary.org/obo/GO_0004347
GO:0004348,MF,glucosylceramidase activity,http://purl.obolibrary.org/obo/GO_0004348
GO:0004349,MF,glutamate 5-kinase activity,http://purl.obolibrary.org/obo/GO_0004349
GO:0004350,MF,glutamate-5-semialdehyde dehydrogenase activity,http://purl.obolibrary.org/obo/GO_0004350
GO:0004351,MF,glutamate decarboxylase activity,http://purl.obolibrary.org/obo/GO_0004351
GO:0004352,MF,glutamate dehydrogenase (NAD+) activity,http://purl.obolibrary.org/obo/GO_0004352
GO:0004353,MF,glutamate dehydrogenase [NAD(P)+] activity,http://purl.obolibrary.org/obo/GO_0004353
GO:0004354,MF,glutamate dehydrogenase (NADP+) activity,http://purl.obolibrary.org/obo/GO_0004354
GO:0004356,MF,glutamate-ammonia ligase activity,http://purl.obolibrary.org/obo/GO_0004356
GO:0004357,MF,glutamate-cysteine ligase activity,http://purl.obolibrary.org/obo/GO_0004357
GO:0004359,MF,glutaminase activity,http://purl.obolibrary.org/obo/GO_0004359
GO:0004360,MF,glutamine-fructose-6-phosphate transaminase (isomerizing) activity,http://purl.obolibrary.org/obo/GO_0004360
GO:0004362,MF,glutathione-disulfide reductase (NADPH) activity,http://purl.obolibrary.org/obo/GO_0004362
GO:0004363,MF,glutathione synthase activity,http://purl.obolibrary.org/obo/GO_0004363
GO:0004364,MF,glutathione transferase activity,http://purl.obolibrary.org/obo/GO_0004364
GO:0004365,MF,glyceraldehyde-3-phosphate dehydrogenase (NAD+) (phosphorylating) activity,http://purl.obolibrary.org/obo/GO_0004365
GO:0004366,MF,glycerol-3-phosphate O-acyltransferase activity,http://purl.obolibrary.org/obo/GO_0004366
GO:0004368,MF,glycerol-3-phosphate dehydrogenase (quinone) activity,http://purl.obolibrary.org/obo/GO_0004368
GO:0004370,MF,glycerol kinase activity,http://purl.obolibrary.org/obo/GO_0004370
GO:0004371,MF,glycerone kinase activity,http://purl.obolibrary.org/obo/GO_0004371
GO:0004372,MF,glycine hydroxymethyltransferase activity,http://purl.obolibrary.org/obo/GO_0004372
GO:0004373,MF,glycogen (starch) synthase activity,http://purl.obolibrary.org/obo/GO_0004373
GO:0004375,MF,glycine dehydrogenase (decarboxylating) activity,http://purl.obolibrary.org/obo/GO_0004375
GO:0004376,MF,glycolipid mannosyltransferase activity,http://purl.obolibrary.org/obo/GO_0004376
GO:0004377,MF,"GDP-Man:Man3GlcNAc2-PP-Dol alpha-1,2-mannosyltransferase activity",http://purl.obolibrary.org/obo/GO_0004377
GO:0004379,MF,glycylpeptide N-tetradecanoyltransferase activity,http://purl.obolibrary.org/obo/GO_0004379
GO:0004382,MF,guanosine-diphosphatase activity,http://purl.obolibrary.org/obo/GO_0004382
GO:0004383,MF,guanylate cyclase activity,http://purl.obolibrary.org/obo/GO_0004383
GO:0004385,MF,guanylate kinase activity,http://purl.obolibrary.org/obo/GO_0004385
GO:0004386,MF,helicase activity,http://purl.obolibrary.org/obo/GO_0004386
GO:0004392,MF,heme oxygenase (decyclizing) activity,http://purl.obolibrary.org/obo/GO_0004392
GO:0004396,MF,hexokinase activity,http://purl.obolibrary.org/obo/GO_0004396
GO:0004399,MF,histidinol dehydrogenase activity,http://purl.obolibrary.org/obo/GO_0004399
GO:0004400,MF,histidinol-phosphate transaminase activity,http://purl.obolibrary.org/obo/GO_0004400
GO:0004401,MF,histidinol-phosphatase activity,http://purl.obolibrary.org/obo/GO_0004401
GO:0004402,MF,histone acetyltransferase activity,http://purl.obolibrary.org/obo/GO_0004402
GO:0004407,MF,histone deacetylase activity,http://purl.obolibrary.org/obo/GO_0004407
GO:0004408,MF,holocytochrome-c synthase activity,http://purl.obolibrary.org/obo/GO_0004408
GO:0004411,MF,"homogentisate 1,2-dioxygenase activity",http://purl.obolibrary.org/obo/GO_0004411
GO:0004412,MF,homoserine dehydrogenase activity,http://purl.obolibrary.org/obo/GO_0004412
GO:0004413,MF,homoserine kinase activity,http://purl.obolibrary.org/obo/GO_0004413
GO:0004416,MF,hydroxyacylglutathione hydrolase activity,http://purl.obolibrary.org/obo/GO_0004416
GO:0004417,MF,hydroxyethylthiazole kinase activity,http://purl.obolibrary.org/obo/GO_0004417
GO:0004418,MF,hydroxymethylbilane synthase activity,http://purl.obolibrary.org/obo/GO_0004418
GO:0004419,MF,hydroxymethylglutaryl-CoA lyase activity,http://purl.obolibrary.org/obo/GO_0004419
GO:0004420,MF,hydroxymethylglutaryl-CoA reductase (NADPH) activity,http://purl.obolibrary.org/obo/GO_0004420
GO:0004421,MF,hydroxymethylglutaryl-CoA synthase activity,http://purl.obolibrary.org/obo/GO_0004421
GO:0004422,MF,hypoxanthine phosphoribosyltransferase activity,http://purl.obolibrary.org/obo/GO_0004422
GO:0004424,MF,imidazoleglycerol-phosphate dehydratase activity,http://purl.obolibrary.org/obo/GO_0004424
GO:0004425,MF,indole-3-glycerol-phosphate synthase activity,http://purl.obolibrary.org/obo/GO_0004425
GO:0004427,MF,inorganic diphosphatase activity,http://purl.obolibrary.org/obo/GO_0004427
GO:0004430,MF,1-phosphatidylinositol 4-kinase activity,http://purl.obolibrary.org/obo/GO_0004430
GO:0004435,MF,phosphatidylinositol phospholipase C activity,http://purl.obolibrary.org/obo/GO_0004435
GO:0004438,MF,phosphatidylinositol-3-phosphatase activity,http://purl.obolibrary.org/obo/GO_0004438
GO:0004439,MF,"phosphatidylinositol-4,5-bisphosphate 5-phosphatase activity",http://purl.obolibrary.org/obo/GO_0004439
GO:0004445,MF,inositol-polyphosphate 5-phosphatase activity,http://purl.obolibrary.org/obo/GO_0004445
GO:0004448,MF,isocitrate dehydrogenase activity,http://purl.obolibrary.org/obo/GO_0004448
GO:0004449,MF,isocitrate dehydrogenase (NAD+) activity,http://purl.obolibrary.org/obo/GO_0004449
GO:0004450,MF,isocitrate dehydrogenase (NADP+) activity,http://purl.obolibrary.org/obo/GO_0004450
GO:0004451,MF,isocitrate lyase activity,http://purl.obolibrary.org/obo/GO_0004451
GO:0004452,MF,isopentenyl-diphosphate delta-isomerase activity,http://purl.obolibrary.org/obo/GO_0004452
GO:0004455,MF,ketol-acid reductoisomerase activity,http://purl.obolibrary.org/obo/GO_0004455
GO:0004457,MF,lactate dehydrogenase activity,http://purl.obolibrary.org/obo/GO_0004457
GO:0004458,MF,D-lactate dehydrogenase (cytochrome) activity,http://purl.obolibrary.org/obo/GO_0004458
GO:0004459,MF,L-lactate dehydrogenase activity,http://purl.obolibrary.org/obo/GO_0004459
GO:0004462,MF,lactoylglutathione lyase activity,http://purl.obolibrary.org/obo/GO_0004462
GO:0004467,MF,long-chain fatty acid-CoA ligase activity,http://purl.obolibrary.org/obo/GO_0004467
GO:0004468,MF,"lysine N-acetyltransferase activity, acting on acetyl phosphate as donor",http://purl.obolibrary.org/obo/GO_0004468
GO:0004470,MF,malic enzyme activity,http://purl.obolibrary.org/obo/GO_0004470
GO:0004471,MF,malate dehydrogenase (decarboxylating) (NAD+) activity,http://purl.obolibrary.org/obo/GO_0004471
GO:0004473,MF,malate dehydrogenase (decarboxylating) (NADP+) activity,http://purl.obolibrary.org/obo/GO_0004473
GO:0004474,MF,malate synthase activity,http://purl.obolibrary.org/obo/GO_0004474
GO:0004475,MF,mannose-1-phosphate guanylyltransferase activity,http://purl.obolibrary.org/obo/GO_0004475
GO:0004476,MF,mannose-6-phosphate isomerase activity,http://purl.obolibrary.org/obo/GO_0004476
GO:0004477,MF,methenyltetrahydrofolate cyclohydrolase activity,http://purl.obolibrary.org/obo/GO_0004477
GO:0004478,MF,methionine adenosyltransferase activity,http://purl.obolibrary.org/obo/GO_0004478
GO:0004479,MF,methionyl-tRNA formyltransferase activity,http://purl.obolibrary.org/obo/GO_0004479
GO:0004482,MF,mRNA (guanine-N7-)-methyltransferase activity,http://purl.obolibrary.org/obo/GO_0004482
GO:0004483,MF,mRNA (nucleoside-2'-O-)-methyltransferase activity,http://purl.obolibrary.org/obo/GO_0004483
GO:0004484,MF,mRNA guanylyltransferase activity,http://purl.obolibrary.org/obo/GO_0004484
GO:0004485,MF,methylcrotonoyl-CoA carboxylase activity,http://purl.obolibrary.org/obo/GO_0004485
GO:0004486,MF,methylenetetrahydrofolate dehydrogenase [NAD(P)+] activity,http://purl.obolibrary.org/obo/GO_0004486
GO:0004488,MF,methylenetetrahydrofolate dehydrogenase (NADP+) activity,http://purl.obolibrary.org/obo/GO_0004488
GO:0004489,MF,methylenetetrahydrofolate reductase (NAD(P)H) activity,http://purl.obolibrary.org/obo/GO_0004489
GO:0004490,MF,methylglutaconyl-CoA hydratase activity,http://purl.obolibrary.org/obo/GO_0004490
GO:0004491,MF,methylmalonate-semialdehyde dehydrogenase (acylating) activity,http://purl.obolibrary.org/obo/GO_0004491
GO:0004493,MF,methylmalonyl-CoA epimerase activity,http://purl.obolibrary.org/obo/GO_0004493
GO:0004494,MF,methylmalonyl-CoA mutase activity,http://purl.obolibrary.org/obo/GO_0004494
GO:0004496,MF,mevalonate kinase activity,http://purl.obolibrary.org/obo/GO_0004496
GO:0004497,MF,monooxygenase activity,http://purl.obolibrary.org/obo/GO_0004497
GO:0004499,MF,"N,N-dimethylaniline monooxygenase activity",http://purl.obolibrary.org/obo/GO_0004499
GO:0004502,MF,kynurenine 3-monooxygenase activity,http://purl.obolibrary.org/obo/GO_0004502
GO:0004503,MF,tyrosinase activity,http://purl.obolibrary.org/obo/GO_0004503
GO:0004506,MF,squalene monooxygenase activity,http://purl.obolibrary.org/obo/GO_0004506
GO:0004512,MF,inositol-3-phosphate synthase activity,http://purl.obolibrary.org/obo/GO_0004512
GO:0004514,MF,nicotinate-nucleotide diphosphorylase (carboxylating) activity,http://purl.obolibrary.org/obo/GO_0004514
GO:0004515,MF,nicotinate-nucleotide adenylyltransferase activity,http://purl.obolibrary.org/obo/GO_0004515
GO:0004516,MF,nicotinate phosphoribosyltransferase activity,http://purl.obolibrary.org/obo/GO_0004516
GO:0004517,MF,nitric-oxide synthase activity,http://purl.obolibrary.org/obo/GO_0004517
GO:0004518,MF,nuclease activity,http://purl.obolibrary.org/obo/GO_0004518
GO:0004519,MF,endonuclease activity,http://purl.obolibrary.org/obo/GO_0004519
GO:0004520,MF,endodeoxyribonuclease activity,http://purl.obolibrary.org/obo/GO_0004520
GO:0004521,MF,endoribonuclease activity,http://purl.obolibrary.org/obo/GO_0004521
GO:0004523,MF,RNA-DNA hybrid ribonuclease activity,http://purl.obolibrary.org/obo/GO_0004523
GO:0004525,MF,ribonuclease III activity,http://purl.obolibrary.org/obo/GO_0004525
GO:0004526,MF,ribonuclease P activity,http://purl.obolibrary.org/obo/GO_0004526
GO:0004527,MF,exonuclease activity,http://purl.obolibrary.org/obo/GO_0004527
GO:0004528,MF,phosphodiesterase I activity,http://purl.obolibrary.org/obo/GO_0004528
GO:0004529,MF,exodeoxyribonuclease activity,http://purl.obolibrary.org/obo/GO_0004529
GO:0004530,MF,deoxyribonuclease I activity,http://purl.obolibrary.org/obo/GO_0004530
GO:0004531,MF,deoxyribonuclease II activity,http://purl.obolibrary.org/obo/GO_0004531
GO:0004532,MF,exoribonuclease activity,http://purl.obolibrary.org/obo/GO_0004532
GO:0004534,MF,5'-3' exoribonuclease activity,http://purl.obolibrary.org/obo/GO_0004534
GO:0004535,MF,poly(A)-specific ribonuclease activity,http://purl.obolibrary.org/obo/GO_0004535
GO:0004536,MF,deoxyribonuclease activity,http://purl.obolibrary.org/obo/GO_0004536
GO:0004540,MF,ribonuclease activity,http://purl.obolibrary.org/obo/GO_0004540
GO:0004549,MF,tRNA-specific ribonuclease activity,http://purl.obolibrary.org/obo/GO_0004549
GO:0004550,MF,nucleoside diphosphate kinase activity,http://purl.obolibrary.org/obo/GO_0004550
GO:0004551,MF,nucleotide diphosphatase activity,http://purl.obolibrary.org/obo/GO_0004551
GO:0004553,MF,"hydrolase activity, hydrolyzing O-glycosyl compounds",http://purl.obolibrary.org/obo/GO_0004553
GO:0004555,MF,"alpha,alpha-trehalase activity",http://purl.obolibrary.org/obo/GO_0004555
GO:0004556,MF,alpha-amylase activity,http://purl.obolibrary.org/obo/GO_0004556
GO:0004557,MF,alpha-galactosidase activity,http://purl.obolibrary.org/obo/GO_0004557
GO:0004558,MF,"alpha-1,4-glucosidase activity",http://purl.obolibrary.org/obo/GO_0004558
GO:0004559,MF,alpha-mannosidase activity,http://purl.obolibrary.org/obo/GO_0004559
GO:0004560,MF,alpha-L-fucosidase activity,http://purl.obolibrary.org/obo/GO_0004560
GO:0004563,MF,beta-N-acetylhexosaminidase activity,http://purl.obolibrary.org/obo/GO_0004563
GO:0004564,MF,beta-fructofuranosidase activity,http://purl.obolibrary.org/obo/GO_0004564
GO:0004565,MF,beta-galactosidase activity,http://purl.obolibrary.org/obo/GO_0004565
GO:0004566,MF,beta-glucuronidase activity,http://purl.obolibrary.org/obo/GO_0004566
GO:0004567,MF,beta-mannosidase activity,http://purl.obolibrary.org/obo/GO_0004567
GO:0004568,MF,chitinase activity,http://purl.obolibrary.org/obo/GO_0004568
GO:0004571,MF,"mannosyl-oligosaccharide 1,2-alpha-mannosidase activity",http://purl.obolibrary.org/obo/GO_0004571
GO:0004573,MF,mannosyl-oligosaccharide glucosidase activity,http://purl.obolibrary.org/obo/GO_0004573
GO:0004575,MF,sucrose alpha-glucosidase activity,http://purl.obolibrary.org/obo/GO_0004575
GO:0004577,MF,N-acetylglucosaminyldiphosphodolichol N-acetylglucosaminyltransferase activity,http://purl.obolibrary.org/obo/GO_0004577
GO:0004582,MF,dolichyl-phosphate beta-D-mannosyltransferase activity,http://purl.obolibrary.org/obo/GO_0004582
GO:0004585,MF,ornithine carbamoyltransferase activity,http://purl.obolibrary.org/obo/GO_0004585
GO:0004586,MF,ornithine decarboxylase activity,http://purl.obolibrary.org/obo/GO_0004586
GO:0004587,MF,ornithine-oxo-acid transaminase activity,http://purl.obolibrary.org/obo/GO_0004587
GO:0004588,MF,orotate phosphoribosyltransferase activity,http://purl.obolibrary.org/obo/GO_0004588
GO:0004590,MF,orotidine-5'-phosphate decarboxylase activity,http://purl.obolibrary.org/obo/GO_0004590
GO:0004591,MF,oxoglutarate dehydrogenase (succinyl-transferring) activity,http://purl.obolibrary.org/obo/GO_0004591
GO:0004592,MF,pantoate-beta-alanine ligase activity,http://purl.obolibrary.org/obo/GO_0004592
GO:0004594,MF,pantothenate kinase activity,http://purl.obolibrary.org/obo/GO_0004594
GO:0004595,MF,pantetheine-phosphate adenylyltransferase activity,http://purl.obolibrary.org/obo/GO_0004595
GO:0004596,MF,peptide alpha-N-acetyltransferase activity,http://purl.obolibrary.org/obo/GO_0004596
GO:0004601,MF,peroxidase activity,http://purl.obolibrary.org/obo/GO_0004601
GO:0004602,MF,glutathione peroxidase activity,http://purl.obolibrary.org/obo/GO_0004602
GO:0004604,MF,phosphoadenylyl-sulfate reductase (thioredoxin) activity,http://purl.obolibrary.org/obo/GO_0004604
GO:0004605,MF,phosphatidate cytidylyltransferase activity,http://purl.obolibrary.org/obo/GO_0004605
GO:0004607,MF,phosphatidylcholine-sterol O-acyltransferase activity,http://purl.obolibrary.org/obo/GO_0004607
GO:0004609,MF,phosphatidylserine decarboxylase activity,http://purl.obolibrary.org/obo/GO_0004609
GO:0004610,MF,phosphoacetylglucosamine mutase activity,http://purl.obolibrary.org/obo/GO_0004610
GO:0004611,MF,phosphoenolpyruvate carboxykinase activity,http://purl.obolibrary.org/obo/GO_0004611
GO:0004612,MF,phosphoenolpyruvate carboxykinase (ATP) activity,http://purl.obolibrary.org/obo/GO_0004612
GO:0004614,MF,phosphoglucomutase activity,http://purl.obolibrary.org/obo/GO_0004614
GO:0004615,MF,phosphomannomutase activity,http://purl.obolibrary.org/obo/GO_0004615
GO:0004616,MF,phosphogluconate dehydrogenase (decarboxylating) activity,http://purl.obolibrary.org/obo/GO_0004616
GO:0004617,MF,phosphoglycerate dehydrogenase activity,http://purl.obolibrary.org/obo/GO_0004617
GO:0004618,MF,phosphoglycerate kinase activity,http://purl.obolibrary.org/obo/GO_0004618
GO:0004619,MF,phosphoglycerate mutase activity,http://purl.obolibrary.org/obo/GO_0004619
GO:0004620,MF,phospholipase activity,http://purl.obolibrary.org/obo/GO_0004620
GO:0004622,MF,lysophospholipase activity,http://purl.obolibrary.org/obo/GO_0004622
GO:0004623,MF,phospholipase A2 activity,http://purl.obolibrary.org/obo/GO_0004623
GO:0004629,MF,phospholipase C activity,http://purl.obolibrary.org/obo/GO_0004629
GO:0004630,MF,phospholipase D activity,http://purl.obolibrary.org/obo/GO_0004630
GO:0004631,MF,phosphomevalonate kinase activity,http://purl.obolibrary.org/obo/GO_0004631
GO:0004632,MF,phosphopantothenate--cysteine ligase activity,http://purl.obolibrary.org/obo/GO_0004632
GO:0004633,MF,phosphopantothenoylcysteine decarboxylase activity,http://purl.obolibrary.org/obo/GO_0004633
GO:0004634,MF,phosphopyruvate hydratase activity,http://purl.obolibrary.org/obo/GO_0004634
GO:0004635,MF,phosphoribosyl-AMP cyclohydrolase activity,http://purl.obolibrary.org/obo/GO_0004635
GO:0004636,MF,phosphoribosyl-ATP diphosphatase activity,http://purl.obolibrary.org/obo/GO_0004636
GO:0004637,MF,phosphoribosylamine-glycine ligase activity,http://purl.obolibrary.org/obo/GO_0004637
GO:0004639,MF,phosphoribosylaminoimidazolesuccinocarboxamide synthase activity,http://purl.obolibrary.org/obo/GO_0004639
GO:0004640,MF,phosphoribosylanthranilate isomerase activity,http://purl.obolibrary.org/obo/GO_0004640
GO:0004641,MF,phosphoribosylformylglycinamidine cyclo-ligase activity,http://purl.obolibrary.org/obo/GO_0004641
GO:0004642,MF,phosphoribosylformylglycinamidine synthase activity,http://purl.obolibrary.org/obo/GO_0004642
GO:0004643,MF,phosphoribosylaminoimidazolecarboxamide formyltransferase activity,http://purl.obolibrary.org/obo/GO_0004643
GO:0004644,MF,phosphoribosylglycinamide formyltransferase activity,http://purl.obolibrary.org/obo/GO_0004644
GO:0004645,MF,"1,4-alpha-oligoglucan phosphorylase activity",http://purl.obolibrary.org/obo/GO_0004645
GO:0004648,MF,O-phospho-L-serine:2-oxoglutarate aminotransferase activity,http://purl.obolibrary.org/obo/GO_0004648
GO:0004649,MF,poly(ADP-ribose) glycohydrolase activity,http://purl.obolibrary.org/obo/GO_0004649
GO:0004650,MF,polygalacturonase activity,http://purl.obolibrary.org/obo/GO_0004650
GO:0004653,MF,polypeptide N-acetylgalactosaminyltransferase activity,http://purl.obolibrary.org/obo/GO_0004653
GO:0004654,MF,polyribonucleotide nucleotidyltransferase activity,http://purl.obolibrary.org/obo/GO_0004654
GO:0004655,MF,porphobilinogen synthase activity,http://purl.obolibrary.org/obo/GO_0004655
GO:0004656,MF,procollagen-proline 4-dioxygenase activity,http://purl.obolibrary.org/obo/GO_0004656
GO:0004657,MF,proline dehydrogenase activity,http://purl.obolibrary.org/obo/GO_0004657
GO:0004658,MF,propionyl-CoA carboxylase activity,http://purl.obolibrary.org/obo/GO_0004658
GO:0004659,MF,prenyltransferase activity,http://purl.obolibrary.org/obo/GO_0004659
GO:0004660,MF,protein farnesyltransferase activity,http://purl.obolibrary.org/obo/GO_0004660
GO:0004661,MF,protein geranylgeranyltransferase activity,http://purl.obolibrary.org/obo/GO_0004661
GO:0004662,MF,CAAX-protein geranylgeranyltransferase activity,http://purl.obolibrary.org/obo/GO_0004662
GO:0004663,MF,Rab geranylgeranyltransferase activity,http://purl.obolibrary.org/obo/GO_0004663
GO:0004664,MF,prephenate dehydratase activity,http://purl.obolibrary.org/obo/GO_0004664
GO:0004671,MF,protein C-terminal S-isoprenylcysteine carboxyl O-methyltransferase activity,http://purl.obolibrary.org/obo/GO_0004671
GO:0004672,MF,protein kinase activity,http://purl.obolibrary.org/obo/GO_0004672
GO:0004673,MF,protein histidine kinase activity,http://purl.obolibrary.org/obo/GO_0004673
GO:0004674,MF,protein serine/threonine kinase activity,http://purl.obolibrary.org/obo/GO_0004674
GO:0004675,MF,transmembrane receptor protein serine/threonine kinase activity,http://purl.obolibrary.org/obo/GO_0004675
GO:0004683,MF,calmodulin-dependent protein kinase activity,http://purl.obolibrary.org/obo/GO_0004683
GO:0004690,MF,cyclic nucleotide-dependent protein kinase activity,http://purl.obolibrary.org/obo/GO_0004690
GO:0004691,MF,cAMP-dependent protein kinase activity,http://purl.obolibrary.org/obo/GO_0004691
GO:0004693,MF,cyclin-dependent protein serine/threonine kinase activity,http://purl.obolibrary.org/obo/GO_0004693
GO:0004694,MF,eukaryotic translation initiation factor 2alpha kinase activity,http://purl.obolibrary.org/obo/GO_0004694
GO:0004697,MF,protein kinase C activity,http://purl.obolibrary.org/obo/GO_0004697
GO:0004698,MF,calcium-dependent protein kinase C activity,http://purl.obolibrary.org/obo/GO_0004698
GO:0004707,MF,MAP kinase activity,http://purl.obolibrary.org/obo/GO_0004707
GO:0004708,MF,MAP kinase kinase activity,http://purl.obolibrary.org/obo/GO_0004708
GO:0004709,MF,MAP kinase kinase kinase activity,http://purl.obolibrary.org/obo/GO_0004709
GO:0004712,MF,protein serine/threonine/tyrosine kinase activity,http://purl.obolibrary.org/obo/GO_0004712
GO:0004713,MF,protein tyrosine kinase activity,http://purl.obolibrary.org/obo/GO_0004713
GO:0004719,MF,protein-L-isoaspartate (D-aspartate) O-methyltransferase activity,http://purl.obolibrary.org/obo/GO_0004719
GO:0004721,MF,phosphoprotein phosphatase activity,http://purl.obolibrary.org/obo/GO_0004721
GO:0004722,MF,protein serine/threonine phosphatase activity,http://purl.obolibrary.org/obo/GO_0004722
GO:0004723,MF,calcium-dependent protein serine/threonine phosphatase activity,http://purl.obolibrary.org/obo/GO_0004723
GO:0004725,MF,protein tyrosine phosphatase activity,http://purl.obolibrary.org/obo/GO_0004725
GO:0004729,MF,oxygen-dependent protoporphyrinogen oxidase activity,http://purl.obolibrary.org/obo/GO_0004729
GO:0004730,MF,pseudouridylate synthase activity,http://purl.obolibrary.org/obo/GO_0004730
GO:0004731,MF,purine-nucleoside phosphorylase activity,http://purl.obolibrary.org/obo/GO_0004731
GO:0004733,MF,pyridoxamine-phosphate oxidase activity,http://purl.obolibrary.org/obo/GO_0004733
GO:0004735,MF,pyrroline-5-carboxylate reductase activity,http://purl.obolibrary.org/obo/GO_0004735
GO:0004736,MF,pyruvate carboxylase activity,http://purl.obolibrary.org/obo/GO_0004736
GO:0004737,MF,pyruvate decarboxylase activity,http://purl.obolibrary.org/obo/GO_0004737
GO:0004738,MF,pyruvate dehydrogenase activity,http://purl.obolibrary.org/obo/GO_0004738
GO:0004739,MF,pyruvate dehydrogenase (acetyl-transferring) activity,http://purl.obolibrary.org/obo/GO_0004739
GO:0004740,MF,pyruvate dehydrogenase (acetyl-transferring) kinase activity,http://purl.obolibrary.org/obo/GO_0004740
GO:0004742,MF,dihydrolipoyllysine-residue acetyltransferase activity,http://purl.obolibrary.org/obo/GO_0004742
GO:0004743,MF,pyruvate kinase activity,http://purl.obolibrary.org/obo/GO_0004743
GO:0004746,MF,riboflavin synthase activity,http://purl.obolibrary.org/obo/GO_0004746
GO:0004747,MF,ribokinase activity,http://purl.obolibrary.org/obo/GO_0004747
GO:0004748,MF,"ribonucleoside-diphosphate reductase activity, thioredoxin disulfide as acceptor",http://purl.obolibrary.org/obo/GO_0004748
GO:0004749,MF,ribose phosphate diphosphokinase activity,http://purl.obolibrary.org/obo/GO_0004749
GO:0004750,MF,ribulose-phosphate 3-epimerase activity,http://purl.obolibrary.org/obo/GO_0004750
GO:0004751,MF,ribose-5-phosphate isomerase activity,http://purl.obolibrary.org/obo/GO_0004751
GO:0004753,MF,saccharopine dehydrogenase activity,http://purl.obolibrary.org/obo/GO_0004753
GO:0004756,MF,"selenide, water dikinase activity",http://purl.obolibrary.org/obo/GO_0004756
GO:0004757,MF,sepiapterin reductase activity,http://purl.obolibrary.org/obo/GO_0004757
GO:0004758,MF,serine C-palmitoyltransferase activity,http://purl.obolibrary.org/obo/GO_0004758
GO:0004760,MF,serine-pyruvate transaminase activity,http://purl.obolibrary.org/obo/GO_0004760
GO:0004764,MF,shikimate 3-dehydrogenase (NADP+) activity,http://purl.obolibrary.org/obo/GO_0004764
GO:0004765,MF,shikimate kinase activity,http://purl.obolibrary.org/obo/GO_0004765
GO:0004766,MF,spermidine synthase activity,http://purl.obolibrary.org/obo/GO_0004766
GO:0004768,MF,stearoyl-CoA 9-desaturase activity,http://purl.obolibrary.org/obo/GO_0004768
GO:0004769,MF,steroid delta-isomerase activity,http://purl.obolibrary.org/obo/GO_0004769
GO:0004774,MF,succinate-CoA ligase activity,http://purl.obolibrary.org/obo/GO_0004774
GO:0004775,MF,succinate-CoA ligase (ADP-forming) activity,http://purl.obolibrary.org/obo/GO_0004775
GO:0004776,MF,succinate-CoA ligase (GDP-forming) activity,http://purl.obolibrary.org/obo/GO_0004776
GO:0004777,MF,succinate-semialdehyde dehydrogenase (NAD+) activity,http://purl.obolibrary.org/obo/GO_0004777
GO:0004779,MF,sulfate adenylyltransferase activity,http://purl.obolibrary.org/obo/GO_0004779
GO:0004780,MF,sulfate adenylyltransferase (ADP) activity,http://purl.obolibrary.org/obo/GO_0004780
GO:0004781,MF,sulfate adenylyltransferase (ATP) activity,http://purl.obolibrary.org/obo/GO_0004781
GO:0004784,MF,superoxide dismutase activity,http://purl.obolibrary.org/obo/GO_0004784
GO:0004788,MF,thiamine diphosphokinase activity,http://purl.obolibrary.org/obo/GO_0004788
GO:0004789,MF,thiamine-phosphate diphosphorylase activity,http://purl.obolibrary.org/obo/GO_0004789
GO:0004791,MF,thioredoxin-disulfide reductase activity,http://purl.obolibrary.org/obo/GO_0004791
GO:0004792,MF,thiosulfate sulfurtransferase activity,http://purl.obolibrary.org/obo/GO_0004792
GO:0004793,MF,threonine aldolase activity,http://purl.obolibrary.org/obo/GO_0004793
GO:0004794,MF,L-threonine ammonia-lyase activity,http://purl.obolibrary.org/obo/GO_0004794
GO:0004795,MF,threonine synthase activity,http://purl.obolibrary.org/obo/GO_0004795
GO:0004797,MF,thymidine kinase activity,http://purl.obolibrary.org/obo/GO_0004797
GO:0004798,MF,thymidylate kinase activity,http://purl.obolibrary.org/obo/GO_0004798
GO:0004799,MF,thymidylate synthase activity,http://purl.obolibrary.org/obo/GO_0004799
GO:0004801,MF,transaldolase activity,http://purl.obolibrary.org/obo/GO_0004801
GO:0004802,MF,transketolase activity,http://purl.obolibrary.org/obo/GO_0004802
GO:0004805,MF,trehalose-phosphatase activity,http://purl.obolibrary.org/obo/GO_0004805
GO:0004806,MF,triglyceride lipase activity,http://purl.obolibrary.org/obo/GO_0004806
GO:0004807,MF,triose-phosphate isomerase activity,http://purl.obolibrary.org/obo/GO_0004807
GO:0004812,MF,aminoacyl-tRNA ligase activity,http://purl.obolibrary.org/obo/GO_0004812
GO:0004813,MF,alanine-tRNA ligase activity,http://purl.obolibrary.org/obo/GO_0004813
GO:0004814,MF,arginine-tRNA ligase activity,http://purl.obolibrary.org/obo/GO_0004814
GO:0004815,MF,aspartate-tRNA ligase activity,http://purl.obolibrary.org/obo/GO_0004815
GO:0004816,MF,asparagine-tRNA ligase activity,http://purl.obolibrary.org/obo/GO_0004816
GO:0004817,MF,cysteine-tRNA ligase activity,http://purl.obolibrary.org/obo/GO_0004817
GO:0004818,MF,glutamate-tRNA ligase activity,http://purl.obolibrary.org/obo/GO_0004818
GO:0004819,MF,glutamine-tRNA ligase activity,http://purl.obolibrary.org/obo/GO_0004819
GO:0004820,MF,glycine-tRNA ligase activity,http://purl.obolibrary.org/obo/GO_0004820
GO:0004821,MF,histidine-tRNA ligase activity,http://purl.obolibrary.org/obo/GO_0004821
GO:0004822,MF,isoleucine-tRNA ligase activity,http://purl.obolibrary.org/obo/GO_0004822
GO:0004823,MF,leucine-tRNA ligase activity,http://purl.obolibrary.org/obo/GO_0004823
GO:0004824,MF,lysine-tRNA ligase activity,http://purl.obolibrary.org/obo/GO_0004824
GO:0004825,MF,methionine-tRNA ligase activity,http://purl.obolibrary.org/obo/GO_0004825
GO:0004826,MF,phenylalanine-tRNA ligase activity,http://purl.obolibrary.org/obo/GO_0004826
GO:0004827,MF,proline-tRNA ligase activity,http://purl.obolibrary.org/obo/GO_0004827
GO:0004828,MF,serine-tRNA ligase activity,http://purl.obolibrary.org/obo/GO_0004828
GO:0004829,MF,threonine-tRNA ligase activity,http://purl.obolibrary.org/obo/GO_0004829
GO:0004830,MF,tryptophan-tRNA ligase activity,http://purl.obolibrary.org/obo/GO_0004830
GO:0004831,MF,tyrosine-tRNA ligase activity,http://purl.obolibrary.org/obo/GO_0004831
GO:0004832,MF,valine-tRNA ligase activity,http://purl.obolibrary.org/obo/GO_0004832
GO:0004834,MF,tryptophan synthase activity,http://purl.obolibrary.org/obo/GO_0004834
GO:0004837,MF,tyrosine decarboxylase activity,http://purl.obolibrary.org/obo/GO_0004837
GO:0004838,MF,L-tyrosine:2-oxoglutarate aminotransferase activity,http://purl.obolibrary.org/obo/GO_0004838
GO:0004839,MF,ubiquitin activating enzyme activity,http://purl.obolibrary.org/obo/GO_0004839
GO:0004842,MF,ubiquitin-protein transferase activity,http://purl.obolibrary.org/obo/GO_0004842
GO:0004843,MF,thiol-dependent deubiquitinase,http://purl.obolibrary.org/obo/GO_0004843
GO:0004844,MF,uracil DNA N-glycosylase activity,http://purl.obolibrary.org/obo/GO_0004844
GO:0004845,MF,uracil phosphoribosyltransferase activity,http://purl.obolibrary.org/obo/GO_0004845
GO:0004846,MF,urate oxidase activity,http://purl.obolibrary.org/obo/GO_0004846
GO:0004848,MF,ureidoglycolate hydrolase activity,http://purl.obolibrary.org/obo/GO_0004848
GO:0004849,MF,uridine kinase activity,http://purl.obolibrary.org/obo/GO_0004849
GO:0004850,MF,uridine phosphorylase activity,http://purl.obolibrary.org/obo/GO_0004850
GO:0004851,MF,uroporphyrin-III C-methyltransferase activity,http://purl.obolibrary.org/obo/GO_0004851
GO:0004852,MF,uroporphyrinogen-III synthase activity,http://purl.obolibrary.org/obo/GO_0004852
GO:0004854,MF,xanthine dehydrogenase activity,http://purl.obolibrary.org/obo/GO_0004854
GO:0004856,MF,xylulokinase activity,http://purl.obolibrary.org/obo/GO_0004856
GO:0004857,MF,enzyme inhibitor activity,http://purl.obolibrary.org/obo/GO_0004857
GO:0004860,MF,protein kinase inhibitor activity,http://purl.obolibrary.org/obo/GO_0004860
GO:0004861,MF,cyclin-dependent protein serine/threonine kinase inhibitor activity,http://purl.obolibrary.org/obo/GO_0004861
GO:0004862,MF,cAMP-dependent protein kinase inhibitor activity,http://purl.obolibrary.org/obo/GO_0004862
GO:0004864,MF,protein phosphatase inhibitor activity,http://purl.obolibrary.org/obo/GO_0004864
GO:0004865,MF,protein serine/threonine phosphatase inhibitor activity,http://purl.obolibrary.org/obo/GO_0004865
GO:0004866,MF,endopeptidase inhibitor activity,http://purl.obolibrary.org/obo/GO_0004866
GO:0004867,MF,serine-type endopeptidase inhibitor activity,http://purl.obolibrary.org/obo/GO_0004867
GO:0004869,MF,cysteine-type endopeptidase inhibitor activity,http://purl.obolibrary.org/obo/GO_0004869
GO:0004879,MF,nuclear receptor activity,http://purl.obolibrary.org/obo/GO_0004879
GO:0004888,MF,transmembrane signaling receptor activity,http://purl.obolibrary.org/obo/GO_0004888
GO:0004930,MF,G protein-coupled receptor activity,http://purl.obolibrary.org/obo/GO_0004930
GO:0005034,MF,osmosensor activity,http://purl.obolibrary.org/obo/GO_0005034
GO:0005044,MF,scavenger receptor activity,http://purl.obolibrary.org/obo/GO_0005044
GO:0005047,MF,signal recognition particle binding,http://purl.obolibrary.org/obo/GO_0005047
GO:0005048,MF,signal sequence binding,http://purl.obolibrary.org/obo/GO_0005048
GO:0005049,MF,nuclear export signal receptor activity,http://purl.obolibrary.org/obo/GO_0005049
GO:0005052,MF,peroxisome matrix targeting signal-1 binding,http://purl.obolibrary.org/obo/GO_0005052
GO:0005053,MF,peroxisome matrix targeting signal-2 binding,http://purl.obolibrary.org/obo/GO_0005053
GO:0005078,MF,MAP-kinase scaffold activity,http://purl.obolibrary.org/obo/GO_0005078
GO:0005080,MF,protein kinase C binding,http://purl.obolibrary.org/obo/GO_0005080
GO:0005085,MF,guanyl-nucleotide exchange factor activity,http://purl.obolibrary.org/obo/GO_0005085
GO:0005092,MF,GDP-dissociation inhibitor activity,http://purl.obolibrary.org/obo/GO_0005092
GO:0005093,MF,Rab GDP-dissociation inhibitor activity,http://purl.obolibrary.org/obo/GO_0005093
GO:0005094,MF,Rho GDP-dissociation inhibitor activity,http://purl.obolibrary.org/obo/GO_0005094
GO:0005095,MF,GTPase inhibitor activity,http://purl.obolibrary.org/obo/GO_0005095
GO:0005096,MF,GTPase activator activity,http://purl.obolibrary.org/obo/GO_0005096
GO:0005102,MF,signaling receptor binding,http://purl.obolibrary.org/obo/GO_0005102
GO:0005113,MF,patched binding,http://purl.obolibrary.org/obo/GO_0005113
GO:0005119,MF,smoothened binding,http://purl.obolibrary.org/obo/GO_0005119
GO:0005126,MF,cytokine receptor binding,http://purl.obolibrary.org/obo/GO_0005126
GO:0005164,MF,tumor necrosis factor receptor binding,http://purl.obolibrary.org/obo/GO_0005164
GO:0005179,MF,hormone activity,http://purl.obolibrary.org/obo/GO_0005179
GO:0005198,MF,structural molecule activity,http://purl.obolibrary.org/obo/GO_0005198
GO:0005199,MF,structural constituent of cell wall,http://purl.obolibrary.org/obo/GO_0005199
GO:0005200,MF,structural constituent of cytoskeleton,http://purl.obolibrary.org/obo/GO_0005200
GO:0005215,MF,transporter activity,http://purl.obolibrary.org/obo/GO_0005215
GO:0005216,MF,ion channel activity,http://purl.obolibrary.org/obo/GO_0005216
GO:0005217,MF,intracellular ligand-gated ion channel activity,http://purl.obolibrary.org/obo/GO_0005217
GO:0005221,MF,intracellular cyclic nucleotide activated cation channel activity,http://purl.obolibrary.org/obo/GO_0005221
GO:0005222,MF,intracellular cAMP-activated cation channel activity,http://purl.obolibrary.org/obo/GO_0005222
GO:0005223,MF,intracellular cGMP-activated cation channel activity,http://purl.obolibrary.org/obo/GO_0005223
GO:0005225,MF,volume-sensitive anion channel activity,http://purl.obolibrary.org/obo/GO_0005225
GO:0005227,MF,calcium activated cation channel activity,http://purl.obolibrary.org/obo/GO_0005227
GO:0005229,MF,intracellular calcium activated chloride channel activity,http://purl.obolibrary.org/obo/GO_0005229
GO:0005242,MF,inward rectifier potassium channel activity,http://purl.obolibrary.org/obo/GO_0005242
GO:0005244,MF,voltage-gated ion channel activity,http://purl.obolibrary.org/obo/GO_0005244
GO:0005245,MF,voltage-gated calcium channel activity,http://purl.obolibrary.org/obo/GO_0005245
GO:0005246,MF,calcium channel regulator activity,http://purl.obolibrary.org/obo/GO_0005246
GO:0005247,MF,voltage-gated chloride channel activity,http://purl.obolibrary.org/obo/GO_0005247
GO:0005249,MF,voltage-gated potassium channel activity,http://purl.obolibrary.org/obo/GO_0005249
GO:0005253,MF,anion channel activity,http://purl.obolibrary.org/obo/GO_0005253
GO:0005254,MF,chloride channel activity,http://purl.obolibrary.org/obo/GO_0005254
GO:0005261,MF,cation channel activity,http://purl.obolibrary.org/obo/GO_0005261
GO:0005262,MF,calcium channel activity,http://purl.obolibrary.org/obo/GO_0005262
GO:0005267,MF,potassium channel activity,http://purl.obolibrary.org/obo/GO_0005267
GO:0005272,MF,sodium channel activity,http://purl.obolibrary.org/obo/GO_0005272
GO:0005274,MF,allantoin:proton symporter activity,http://purl.obolibrary.org/obo/GO_0005274
GO:0005275,MF,amine transmembrane transporter activity,http://purl.obolibrary.org/obo/GO_0005275
GO:0005283,MF,amino acid:sodium symporter activity,http://purl.obolibrary.org/obo/GO_0005283
GO:0005290,MF,L-histidine transmembrane transporter activity,http://purl.obolibrary.org/obo/GO_0005290
GO:0005307,MF,choline:sodium symporter activity,http://purl.obolibrary.org/obo/GO_0005307
GO:0005310,MF,dicarboxylic acid transmembrane transporter activity,http://purl.obolibrary.org/obo/GO_0005310
GO:0005313,MF,L-glutamate transmembrane transporter activity,http://purl.obolibrary.org/obo/GO_0005313
GO:0005315,MF,inorganic phosphate transmembrane transporter activity,http://purl.obolibrary.org/obo/GO_0005315
GO:0005319,MF,lipid transporter activity,http://purl.obolibrary.org/obo/GO_0005319
GO:0005324,MF,long-chain fatty acid transporter activity,http://purl.obolibrary.org/obo/GO_0005324
GO:0005337,MF,nucleoside transmembrane transporter activity,http://purl.obolibrary.org/obo/GO_0005337
GO:0005338,MF,nucleotide-sugar transmembrane transporter activity,http://purl.obolibrary.org/obo/GO_0005338
GO:0005342,MF,organic acid transmembrane transporter activity,http://purl.obolibrary.org/obo/GO_0005342
GO:0005343,MF,organic acid:sodium symporter activity,http://purl.obolibrary.org/obo/GO_0005343
GO:0005344,MF,oxygen carrier activity,http://purl.obolibrary.org/obo/GO_0005344
GO:0005345,MF,purine nucleobase transmembrane transporter activity,http://purl.obolibrary.org/obo/GO_0005345
GO:0005346,MF,purine ribonucleotide transmembrane transporter activity,http://purl.obolibrary.org/obo/GO_0005346
GO:0005347,MF,ATP transmembrane transporter activity,http://purl.obolibrary.org/obo/GO_0005347
GO:0005350,MF,pyrimidine nucleobase transmembrane transporter activity,http://purl.obolibrary.org/obo/GO_0005350
GO:0005351,MF,carbohydrate:proton symporter activity,http://purl.obolibrary.org/obo/GO_0005351
GO:0005353,MF,fructose transmembrane transporter activity,http://purl.obolibrary.org/obo/GO_0005353
GO:0005354,MF,galactose transmembrane transporter activity,http://purl.obolibrary.org/obo/GO_0005354
GO:0005355,MF,glucose transmembrane transporter activity,http://purl.obolibrary.org/obo/GO_0005355
GO:0005356,MF,glucose:proton symporter activity,http://purl.obolibrary.org/obo/GO_0005356
GO:0005358,MF,high-affinity glucose:proton symporter activity,http://purl.obolibrary.org/obo/GO_0005358
GO:0005363,MF,maltose transmembrane transporter activity,http://purl.obolibrary.org/obo/GO_0005363
GO:0005364,MF,maltose:proton symporter activity,http://purl.obolibrary.org/obo/GO_0005364
GO:0005365,MF,myo-inositol transmembrane transporter activity,http://purl.obolibrary.org/obo/GO_0005365
GO:0005366,MF,myo-inositol:proton symporter activity,http://purl.obolibrary.org/obo/GO_0005366
GO:0005371,MF,tricarboxylate secondary active transmembrane transporter activity,http://purl.obolibrary.org/obo/GO_0005371
GO:0005372,MF,water transmembrane transporter activity,http://purl.obolibrary.org/obo/GO_0005372
GO:0005375,MF,copper ion transmembrane transporter activity,http://purl.obolibrary.org/obo/GO_0005375
GO:0005381,MF,iron ion transmembrane transporter activity,http://purl.obolibrary.org/obo/GO_0005381
GO:0005384,MF,manganese ion transmembrane transporter activity,http://purl.obolibrary.org/obo/GO_0005384
GO:0005385,MF,zinc ion transmembrane transporter activity,http://purl.obolibrary.org/obo/GO_0005385
GO:0005388,MF,P-type calcium transporter activity,http://purl.obolibrary.org/obo/GO_0005388
GO:0005391,MF,P-type sodium:potassium-exchanging transporter activity,http://purl.obolibrary.org/obo/GO_0005391
GO:0005402,MF,carbohydrate:cation symporter activity,http://purl.obolibrary.org/obo/GO_0005402
GO:0005416,MF,amino acid:cation symporter activity,http://purl.obolibrary.org/obo/GO_0005416
GO:0005432,MF,calcium:sodium antiporter activity,http://purl.obolibrary.org/obo/GO_0005432
GO:0005452,MF,inorganic anion exchanger activity,http://purl.obolibrary.org/obo/GO_0005452
GO:0005457,MF,GDP-fucose transmembrane transporter activity,http://purl.obolibrary.org/obo/GO_0005457
GO:0005458,MF,GDP-mannose transmembrane transporter activity,http://purl.obolibrary.org/obo/GO_0005458
GO:0005459,MF,UDP-galactose transmembrane transporter activity,http://purl.obolibrary.org/obo/GO_0005459
GO:0005460,MF,UDP-glucose transmembrane transporter activity,http://purl.obolibrary.org/obo/GO_0005460
GO:0005463,MF,UDP-N-acetylgalactosamine transmembrane transporter activity,http://purl.obolibrary.org/obo/GO_0005463
GO:0005464,MF,UDP-xylose transmembrane transporter activity,http://purl.obolibrary.org/obo/GO_0005464
GO:0005469,MF,succinate:fumarate antiporter activity,http://purl.obolibrary.org/obo/GO_0005469
GO:0005471,MF,ATP:ADP antiporter activity,http://purl.obolibrary.org/obo/GO_0005471
GO:0005483,MF,soluble NSF attachment protein activity,http://purl.obolibrary.org/obo/GO_0005483
GO:0005484,MF,SNAP receptor activity,http://purl.obolibrary.org/obo/GO_0005484
GO:0005488,MF,binding,http://purl.obolibrary.org/obo/GO_0005488
GO:0005496,MF,steroid binding,http://purl.obolibrary.org/obo/GO_0005496
GO:0005504,MF,fatty acid binding,http://purl.obolibrary.org/obo/GO_0005504
GO:0005506,MF,iron ion binding,http://purl.obolibrary.org/obo/GO_0005506
GO:0005507,MF,copper ion binding,http://purl.obolibrary.org/obo/GO_0005507
GO:0005509,MF,calcium ion binding,http://purl.obolibrary.org/obo/GO_0005509
GO:0005513,BP,detection of calcium ion,http://purl.obolibrary.org/obo/GO_0005513
GO:0005515,MF,protein binding,http://purl.obolibrary.org/obo/GO_0005515
GO:0005516,MF,calmodulin binding,http://purl.obolibrary.org/obo/GO_0005516
GO:0005522,MF,profilin binding,http://purl.obolibrary.org/obo/GO_0005522
GO:0005524,MF,ATP binding,http://purl.obolibrary.org/obo/GO_0005524
GO:0005525,MF,GTP binding,http://purl.obolibrary.org/obo/GO_0005525
GO:0005534,MF,galactose binding,http://purl.obolibrary.org/obo/GO_0005534
GO:0005536,MF,glucose binding,http://purl.obolibrary.org/obo/GO_0005536
GO:0005537,MF,mannose binding,http://purl.obolibrary.org/obo/GO_0005537
GO:0005539,MF,glycosaminoglycan binding,http://purl.obolibrary.org/obo/GO_0005539
GO:0005542,MF,folic acid binding,http://purl.obolibrary.org/obo/GO_0005542
GO:0005543,MF,phospholipid binding,http://purl.obolibrary.org/obo/GO_0005543
GO:0005544,MF,calcium-dependent phospholipid binding,http://purl.obolibrary.org/obo/GO_0005544
GO:0005545,MF,1-phosphatidylinositol binding,http://purl.obolibrary.org/obo/GO_0005545
GO:0005546,MF,"phosphatidylinositol-4,5-bisphosphate binding",http://purl.obolibrary.org/obo/GO_0005546
GO:0005547,MF,"phosphatidylinositol-3,4,5-trisphosphate binding",http://purl.obolibrary.org/obo/GO_0005547
GO:0005548,MF,phospholipid transporter activity,http://purl.obolibrary.org/obo/GO_0005548
GO:0005575,CC,cellular_component,http://purl.obolibrary.org/obo/GO_0005575
GO:0005576,CC,extracellular region,http://purl.obolibrary.org/obo/GO_0005576
GO:0005615,CC,extracellular space,http://purl.obolibrary.org/obo/GO_0005615
GO:0005618,CC,cell wall,http://purl.obolibrary.org/obo/GO_0005618
GO:0005622,CC,intracellular anatomical structure,http://purl.obolibrary.org/obo/GO_0005622
GO:0005634,CC,nucleus,http://purl.obolibrary.org/obo/GO_0005634
GO:0005635,CC,nuclear envelope,http://purl.obolibrary.org/obo/GO_0005635
GO:0005637,CC,nuclear inner membrane,http://purl.obolibrary.org/obo/GO_0005637
GO:0005640,CC,nuclear outer membrane,http://purl.obolibrary.org/obo/GO_0005640
GO:0005641,CC,nuclear envelope lumen,http://purl.obolibrary.org/obo/GO_0005641
GO:0005643,CC,nuclear pore,http://purl.obolibrary.org/obo/GO_0005643
GO:0005652,CC,nuclear lamina,http://purl.obolibrary.org/obo/GO_0005652
GO:0005654,CC,nucleoplasm,http://purl.obolibrary.org/obo/GO_0005654
GO:0005655,CC,nucleolar ribonuclease P complex,http://purl.obolibrary.org/obo/GO_0005655
GO:0005656,CC,nuclear pre-replicative complex,http://purl.obolibrary.org/obo/GO_0005656
GO:0005657,CC,replication fork,http://purl.obolibrary.org/obo/GO_0005657
GO:0005658,CC,alpha DNA polymerase:primase complex,http://purl.obolibrary.org/obo/GO_0005658
GO:0005662,CC,DNA replication factor A complex,http://purl.obolibrary.org/obo/GO_0005662
GO:0005663,CC,DNA replication factor C complex,http://purl.obolibrary.org/obo/GO_0005663
GO:0005664,CC,nuclear origin of replication recognition complex,http://purl.obolibrary.org/obo/GO_0005664
GO:0005665,CC,"RNA polymerase II, core complex",http://purl.obolibrary.org/obo/GO_0005665
GO:0005666,CC,RNA polymerase III complex,http://purl.obolibrary.org/obo/GO_0005666
GO:0005667,CC,transcription regulator complex,http://purl.obolibrary.org/obo/GO_0005667
GO:0005669,CC,transcription factor TFIID complex,http://purl.obolibrary.org/obo/GO_0005669
GO:0005672,CC,transcription factor TFIIA complex,http://purl.obolibrary.org/obo/GO_0005672
GO:0005673,CC,transcription factor TFIIE complex,http://purl.obolibrary.org/obo/GO_0005673
GO:0005674,CC,transcription factor TFIIF complex,http://purl.obolibrary.org/obo/GO_0005674
GO:0005675,CC,transcription factor TFIIH holo complex,http://purl.obolibrary.org/obo/GO_0005675
GO:0005677,CC,chromatin silencing complex,http://purl.obolibrary.org/obo/GO_0005677
GO:0005680,CC,anaphase-promoting complex,http://purl.obolibrary.org/obo/GO_0005680
GO:0005681,CC,spliceosomal complex,http://purl.obolibrary.org/obo/GO_0005681
GO:0005682,CC,U5 snRNP,http://purl.obolibrary.org/obo/GO_0005682
GO:0005683,CC,U7 snRNP,http://purl.obolibrary.org/obo/GO_0005683
GO:0005684,CC,U2-type spliceosomal complex,http://purl.obolibrary.org/obo/GO_0005684
GO:0005685,CC,U1 snRNP,http://purl.obolibrary.org/obo/GO_0005685
GO:0005686,CC,U2 snRNP,http://purl.obolibrary.org/obo/GO_0005686
GO:0005687,CC,U4 snRNP,http://purl.obolibrary.org/obo/GO_0005687
GO:0005688,CC,U6 snRNP,http://purl.obolibrary.org/obo/GO_0005688
GO:0005689,CC,U12-type spliceosomal complex,http://purl.obolibrary.org/obo/GO_0005689
GO:0005694,CC,chromosome,http://purl.obolibrary.org/obo/GO_0005694
GO:0005697,CC,telomerase holoenzyme complex,http://purl.obolibrary.org/obo/GO_0005697
GO:0005700,CC,polytene chromosome,http://purl.obolibrary.org/obo/GO_0005700
GO:0005712,CC,chiasma,http://purl.obolibrary.org/obo/GO_0005712
GO:0005721,CC,pericentric heterochromatin,http://purl.obolibrary.org/obo/GO_0005721
GO:0005730,CC,nucleolus,http://purl.obolibrary.org/obo/GO_0005730
GO:0005731,CC,nucleolus organizer region,http://purl.obolibrary.org/obo/GO_0005731
GO:0005732,CC,sno(s)RNA-containing ribonucleoprotein complex,http://purl.obolibrary.org/obo/GO_0005732
GO:0005736,CC,RNA polymerase I complex,http://purl.obolibrary.org/obo/GO_0005736
GO:0005737,CC,cytoplasm,http://purl.obolibrary.org/obo/GO_0005737
GO:0005739,CC,mitochondrion,http://purl.obolibrary.org/obo/GO_0005739
GO:0005740,CC,mitochondrial envelope,http://purl.obolibrary.org/obo/GO_0005740
GO:0005741,CC,mitochondrial outer membrane,http://purl.obolibrary.org/obo/GO_0005741
GO:0005742,CC,mitochondrial outer membrane translocase complex,http://purl.obolibrary.org/obo/GO_0005742
GO:0005743,CC,mitochondrial inner membrane,http://purl.obolibrary.org/obo/GO_0005743
GO:0005744,CC,TIM23 mitochondrial import inner membrane translocase complex,http://purl.obolibrary.org/obo/GO_0005744
GO:0005745,CC,m-AAA complex,http://purl.obolibrary.org/obo/GO_0005745
GO:0005746,CC,mitochondrial respirasome,http://purl.obolibrary.org/obo/GO_0005746
GO:0005747,CC,mitochondrial respiratory chain complex I,http://purl.obolibrary.org/obo/GO_0005747
GO:0005749,CC,"mitochondrial respiratory chain complex II, succinate dehydrogenase complex (ubiquinone)",http://purl.obolibrary.org/obo/GO_0005749
GO:0005750,CC,mitochondrial respiratory chain complex III,http://purl.obolibrary.org/obo/GO_0005750
GO:0005751,CC,mitochondrial respiratory chain complex IV,http://purl.obolibrary.org/obo/GO_0005751
GO:0005753,CC,mitochondrial proton-transporting ATP synthase complex,http://purl.obolibrary.org/obo/GO_0005753
GO:0005758,CC,mitochondrial intermembrane space,http://purl.obolibrary.org/obo/GO_0005758
GO:0005759,CC,mitochondrial matrix,http://purl.obolibrary.org/obo/GO_0005759
GO:0005761,CC,mitochondrial ribosome,http://purl.obolibrary.org/obo/GO_0005761
GO:0005762,CC,mitochondrial large ribosomal subunit,http://purl.obolibrary.org/obo/GO_0005762
GO:0005763,CC,mitochondrial small ribosomal subunit,http://purl.obolibrary.org/obo/GO_0005763
GO:0005764,CC,lysosome,http://purl.obolibrary.org/obo/GO_0005764
GO:0005765,CC,lysosomal membrane,http://purl.obolibrary.org/obo/GO_0005765
GO:0005768,CC,endosome,http://purl.obolibrary.org/obo/GO_0005768
GO:0005769,CC,early endosome,http://purl.obolibrary.org/obo/GO_0005769
GO:0005770,CC,late endosome,http://purl.obolibrary.org/obo/GO_0005770
GO:0005771,CC,multivesicular body,http://purl.obolibrary.org/obo/GO_0005771
GO:0005773,CC,vacuole,http://purl.obolibrary.org/obo/GO_0005773
GO:0005774,CC,vacuolar membrane,http://purl.obolibrary.org/obo/GO_0005774
GO:0005775,CC,vacuolar lumen,http://purl.obolibrary.org/obo/GO_0005775
GO:0005776,CC,autophagosome,http://purl.obolibrary.org/obo/GO_0005776
GO:0005777,CC,peroxisome,http://purl.obolibrary.org/obo/GO_0005777
GO:0005778,CC,peroxisomal membrane,http://purl.obolibrary.org/obo/GO_0005778
GO:0005782,CC,peroxisomal matrix,http://purl.obolibrary.org/obo/GO_0005782
GO:0005783,CC,endoplasmic reticulum,http://purl.obolibrary.org/obo/GO_0005783
GO:0005784,CC,Sec61 translocon complex,http://purl.obolibrary.org/obo/GO_0005784
GO:0005785,CC,signal recognition particle receptor complex,http://purl.obolibrary.org/obo/GO_0005785
GO:0005786,CC,"signal recognition particle, endoplasmic reticulum targeting",http://purl.obolibrary.org/obo/GO_0005786
GO:0005787,CC,signal peptidase complex,http://purl.obolibrary.org/obo/GO_0005787
GO:0005788,CC,endoplasmic reticulum lumen,http://purl.obolibrary.org/obo/GO_0005788
GO:0005789,CC,endoplasmic reticulum membrane,http://purl.obolibrary.org/obo/GO_0005789
GO:0005791,CC,rough endoplasmic reticulum,http://purl.obolibrary.org/obo/GO_0005791
GO:0005793,CC,endoplasmic reticulum-Golgi intermediate compartment,http://purl.obolibrary.org/obo/GO_0005793
GO:0005794,CC,Golgi apparatus,http://purl.obolibrary.org/obo/GO_0005794
GO:0005795,CC,Golgi stack,http://purl.obolibrary.org/obo/GO_0005795
GO:0005796,CC,Golgi lumen,http://purl.obolibrary.org/obo/GO_0005796
GO:0005797,CC,Golgi medial cisterna,http://purl.obolibrary.org/obo/GO_0005797
GO:0005798,CC,Golgi-associated vesicle,http://purl.obolibrary.org/obo/GO_0005798
GO:0005801,CC,cis-Golgi network,http://purl.obolibrary.org/obo/GO_0005801
GO:0005802,CC,trans-Golgi network,http://purl.obolibrary.org/obo/GO_0005802
GO:0005811,CC,lipid droplet,http://purl.obolibrary.org/obo/GO_0005811
GO:0005814,CC,centriole,http://purl.obolibrary.org/obo/GO_0005814
GO:0005815,CC,microtubule organizing center,http://purl.obolibrary.org/obo/GO_0005815
GO:0005818,CC,aster,http://purl.obolibrary.org/obo/GO_0005818
GO:0005819,CC,spindle,http://purl.obolibrary.org/obo/GO_0005819
GO:0005828,CC,kinetochore microtubule,http://purl.obolibrary.org/obo/GO_0005828
GO:0005829,CC,cytosol,http://purl.obolibrary.org/obo/GO_0005829
GO:0005832,CC,chaperonin-containing T-complex,http://purl.obolibrary.org/obo/GO_0005832
GO:0005834,CC,heterotrimeric G-protein complex,http://purl.obolibrary.org/obo/GO_0005834
GO:0005835,CC,fatty acid synthase complex,http://purl.obolibrary.org/obo/GO_0005835
GO:0005838,CC,proteasome regulatory particle,http://purl.obolibrary.org/obo/GO_0005838
GO:0005839,CC,proteasome core complex,http://purl.obolibrary.org/obo/GO_0005839
GO:0005840,CC,ribosome,http://purl.obolibrary.org/obo/GO_0005840
GO:0005846,CC,nuclear cap binding complex,http://purl.obolibrary.org/obo/GO_0005846
GO:0005847,CC,mRNA cleavage and polyadenylation specificity factor complex,http://purl.obolibrary.org/obo/GO_0005847
GO:0005848,CC,mRNA cleavage stimulating factor complex,http://purl.obolibrary.org/obo/GO_0005848
GO:0005849,CC,mRNA cleavage factor complex,http://purl.obolibrary.org/obo/GO_0005849
GO:0005850,CC,eukaryotic translation initiation factor 2 complex,http://purl.obolibrary.org/obo/GO_0005850
GO:0005851,CC,eukaryotic translation initiation factor 2B complex,http://purl.obolibrary.org/obo/GO_0005851
GO:0005852,CC,eukaryotic translation initiation factor 3 complex,http://purl.obolibrary.org/obo/GO_0005852
GO:0005854,CC,nascent polypeptide-associated complex,http://purl.obolibrary.org/obo/GO_0005854
GO:0005856,CC,cytoskeleton,http://purl.obolibrary.org/obo/GO_0005856
GO:0005858,CC,axonemal dynein complex,http://purl.obolibrary.org/obo/GO_0005858
GO:0005868,CC,cytoplasmic dynein complex,http://purl.obolibrary.org/obo/GO_0005868
GO:0005871,CC,kinesin complex,http://purl.obolibrary.org/obo/GO_0005871
GO:0005872,CC,minus-end kinesin complex,http://purl.obolibrary.org/obo/GO_0005872
GO:0005874,CC,microtubule,http://purl.obolibrary.org/obo/GO_0005874
GO:0005875,CC,microtubule associated complex,http://purl.obolibrary.org/obo/GO_0005875
GO:0005876,CC,spindle microtubule,http://purl.obolibrary.org/obo/GO_0005876
GO:0005879,CC,axonemal microtubule,http://purl.obolibrary.org/obo/GO_0005879
GO:0005880,CC,nuclear microtubule,http://purl.obolibrary.org/obo/GO_0005880
GO:0005881,CC,cytoplasmic microtubule,http://purl.obolibrary.org/obo/GO_0005881
GO:0005882,CC,intermediate filament,http://purl.obolibrary.org/obo/GO_0005882
GO:0005884,CC,actin filament,http://purl.obolibrary.org/obo/GO_0005884
GO:0005885,CC,Arp2/3 protein complex,http://purl.obolibrary.org/obo/GO_0005885
GO:0005886,CC,plasma membrane,http://purl.obolibrary.org/obo/GO_0005886
GO:0005891,CC,voltage-gated calcium channel complex,http://purl.obolibrary.org/obo/GO_0005891
GO:0005905,CC,clathrin-coated pit,http://purl.obolibrary.org/obo/GO_0005905
GO:0005911,CC,cell-cell junction,http://purl.obolibrary.org/obo/GO_0005911
GO:0005929,CC,cilium,http://purl.obolibrary.org/obo/GO_0005929
GO:0005930,CC,axoneme,http://purl.obolibrary.org/obo/GO_0005930
GO:0005938,CC,cell cortex,http://purl.obolibrary.org/obo/GO_0005938
GO:0005940,CC,septin ring,http://purl.obolibrary.org/obo/GO_0005940
GO:0005942,CC,phosphatidylinositol 3-kinase complex,http://purl.obolibrary.org/obo/GO_0005942
GO:0005948,CC,acetolactate synthase complex,http://purl.obolibrary.org/obo/GO_0005948
GO:0005950,CC,anthranilate synthase complex,http://purl.obolibrary.org/obo/GO_0005950
GO:0005951,CC,carbamoyl-phosphate synthase complex,http://purl.obolibrary.org/obo/GO_0005951
GO:0005952,CC,cAMP-dependent protein kinase complex,http://purl.obolibrary.org/obo/GO_0005952
GO:0005953,CC,CAAX-protein geranylgeranyltransferase complex,http://purl.obolibrary.org/obo/GO_0005953
GO:0005955,CC,calcineurin complex,http://purl.obolibrary.org/obo/GO_0005955
GO:0005956,CC,protein kinase CK2 complex,http://purl.obolibrary.org/obo/GO_0005956
GO:0005958,CC,DNA-dependent protein kinase-DNA ligase 4 complex,http://purl.obolibrary.org/obo/GO_0005958
GO:0005960,CC,glycine cleavage complex,http://purl.obolibrary.org/obo/GO_0005960
GO:0005965,CC,protein farnesyltransferase complex,http://purl.obolibrary.org/obo/GO_0005965
GO:0005968,CC,Rab-protein geranylgeranyltransferase complex,http://purl.obolibrary.org/obo/GO_0005968
GO:0005971,CC,ribonucleoside-diphosphate reductase complex,http://purl.obolibrary.org/obo/GO_0005971
GO:0005975,BP,carbohydrate metabolic process,http://purl.obolibrary.org/obo/GO_0005975
GO:0005976,BP,polysaccharide metabolic process,http://purl.obolibrary.org/obo/GO_0005976
GO:0005977,BP,glycogen metabolic process,http://purl.obolibrary.org/obo/GO_0005977
GO:0005980,BP,glycogen catabolic process,http://purl.obolibrary.org/obo/GO_0005980
GO:0005982,BP,starch metabolic process,http://purl.obolibrary.org/obo/GO_0005982
GO:0005983,BP,starch catabolic process,http://purl.obolibrary.org/obo/GO_0005983
GO:0005984,BP,disaccharide metabolic process,http://purl.obolibrary.org/obo/GO_0005984
GO:0005985,BP,sucrose metabolic process,http://purl.obolibrary.org/obo/GO_0005985
GO:0005986,BP,sucrose biosynthetic process,http://purl.obolibrary.org/obo/GO_0005986
GO:0005987,BP,sucrose catabolic process,http://purl.obolibrary.org/obo/GO_0005987
GO:0005988,BP,lactose metabolic process,http://purl.obolibrary.org/obo/GO_0005988
GO:0005990,BP,lactose catabolic process,http://purl.obolibrary.org/obo/GO_0005990
GO:0005991,BP,trehalose metabolic process,http://purl.obolibrary.org/obo/GO_0005991
GO:0005992,BP,trehalose biosynthetic process,http://purl.obolibrary.org/obo/GO_0005992
GO:0005993,BP,trehalose catabolic process,http://purl.obolibrary.org/obo/GO_0005993
GO:0005996,BP,monosaccharide metabolic process,http://purl.obolibrary.org/obo/GO_0005996
GO:0005997,BP,xylulose metabolic process,http://purl.obolibrary.org/obo/GO_0005997
GO:0006000,BP,fructose metabolic process,http://purl.obolibrary.org/obo/GO_0006000
GO:0006002,BP,fructose 6-phosphate metabolic process,http://purl.obolibrary.org/obo/GO_0006002
GO:0006003,BP,"fructose 2,6-bisphosphate metabolic process",http://purl.obolibrary.org/obo/GO_0006003
GO:0006004,BP,fucose metabolic process,http://purl.obolibrary.org/obo/GO_0006004
GO:0006005,BP,L-fucose biosynthetic process,http://purl.obolibrary.org/obo/GO_0006005
GO:0006006,BP,glucose metabolic process,http://purl.obolibrary.org/obo/GO_0006006
GO:0006011,BP,UDP-glucose metabolic process,http://purl.obolibrary.org/obo/GO_0006011
GO:0006012,BP,galactose metabolic process,http://purl.obolibrary.org/obo/GO_0006012
GO:0006013,BP,mannose metabolic process,http://purl.obolibrary.org/obo/GO_0006013
GO:0006014,BP,D-ribose metabolic process,http://purl.obolibrary.org/obo/GO_0006014
GO:0006015,BP,5-phosphoribose 1-diphosphate biosynthetic process,http://purl.obolibrary.org/obo/GO_0006015
GO:0006020,BP,inositol metabolic process,http://purl.obolibrary.org/obo/GO_0006020
GO:0006021,BP,inositol biosynthetic process,http://purl.obolibrary.org/obo/GO_0006021
GO:0006022,BP,aminoglycan metabolic process,http://purl.obolibrary.org/obo/GO_0006022
GO:0006023,BP,aminoglycan biosynthetic process,http://purl.obolibrary.org/obo/GO_0006023
GO:0006024,BP,glycosaminoglycan biosynthetic process,http://purl.obolibrary.org/obo/GO_0006024
GO:0006026,BP,aminoglycan catabolic process,http://purl.obolibrary.org/obo/GO_0006026
GO:0006027,BP,glycosaminoglycan catabolic process,http://purl.obolibrary.org/obo/GO_0006027
GO:0006029,BP,proteoglycan metabolic process,http://purl.obolibrary.org/obo/GO_0006029
GO:0006030,BP,chitin metabolic process,http://purl.obolibrary.org/obo/GO_0006030
GO:0006032,BP,chitin catabolic process,http://purl.obolibrary.org/obo/GO_0006032
GO:0006040,BP,amino sugar metabolic process,http://purl.obolibrary.org/obo/GO_0006040
GO:0006044,BP,N-acetylglucosamine metabolic process,http://purl.obolibrary.org/obo/GO_0006044
GO:0006045,BP,N-acetylglucosamine biosynthetic process,http://purl.obolibrary.org/obo/GO_0006045
GO:0006046,BP,N-acetylglucosamine catabolic process,http://purl.obolibrary.org/obo/GO_0006046
GO:0006047,BP,UDP-N-acetylglucosamine metabolic process,http://purl.obolibrary.org/obo/GO_0006047
GO:0006048,BP,UDP-N-acetylglucosamine biosynthetic process,http://purl.obolibrary.org/obo/GO_0006048
GO:0006054,BP,N-acetylneuraminate metabolic process,http://purl.obolibrary.org/obo/GO_0006054
GO:0006059,BP,hexitol metabolic process,http://purl.obolibrary.org/obo/GO_0006059
GO:0006060,BP,sorbitol metabolic process,http://purl.obolibrary.org/obo/GO_0006060
GO:0006063,BP,uronic acid metabolic process,http://purl.obolibrary.org/obo/GO_0006063
GO:0006064,BP,glucuronate catabolic process,http://purl.obolibrary.org/obo/GO_0006064
GO:0006065,BP,UDP-glucuronate biosynthetic process,http://purl.obolibrary.org/obo/GO_0006065
GO:0006066,BP,alcohol metabolic process,http://purl.obolibrary.org/obo/GO_0006066
GO:0006071,BP,glycerol metabolic process,http://purl.obolibrary.org/obo/GO_0006071
GO:0006072,BP,glycerol-3-phosphate metabolic process,http://purl.obolibrary.org/obo/GO_0006072
GO:0006074,BP,(1->3)-beta-D-glucan metabolic process,http://purl.obolibrary.org/obo/GO_0006074
GO:0006075,BP,(1->3)-beta-D-glucan biosynthetic process,http://purl.obolibrary.org/obo/GO_0006075
GO:0006076,BP,(1->3)-beta-D-glucan catabolic process,http://purl.obolibrary.org/obo/GO_0006076
GO:0006077,BP,(1->6)-beta-D-glucan metabolic process,http://purl.obolibrary.org/obo/GO_0006077
GO:0006078,BP,(1->6)-beta-D-glucan biosynthetic process,http://purl.obolibrary.org/obo/GO_0006078
GO:0006080,BP,substituted mannan metabolic process,http://purl.obolibrary.org/obo/GO_0006080
GO:0006081,BP,cellular aldehyde metabolic process,http://purl.obolibrary.org/obo/GO_0006081
GO:0006082,BP,organic acid metabolic process,http://purl.obolibrary.org/obo/GO_0006082
GO:0006083,BP,acetate metabolic process,http://purl.obolibrary.org/obo/GO_0006083
GO:0006084,BP,acetyl-CoA metabolic process,http://purl.obolibrary.org/obo/GO_0006084
GO:0006085,BP,acetyl-CoA biosynthetic process,http://purl.obolibrary.org/obo/GO_0006085
GO:0006086,BP,acetyl-CoA biosynthetic process from pyruvate,http://purl.obolibrary.org/obo/GO_0006086
GO:0006089,BP,lactate metabolic process,http://purl.obolibrary.org/obo/GO_0006089
GO:0006090,BP,pyruvate metabolic process,http://purl.obolibrary.org/obo/GO_0006090
GO:0006091,BP,generation of precursor metabolites and energy,http://purl.obolibrary.org/obo/GO_0006091
GO:0006094,BP,gluconeogenesis,http://purl.obolibrary.org/obo/GO_0006094
GO:0006096,BP,glycolytic process,http://purl.obolibrary.org/obo/GO_0006096
GO:0006097,BP,glyoxylate cycle,http://purl.obolibrary.org/obo/GO_0006097
GO:0006098,BP,pentose-phosphate shunt,http://purl.obolibrary.org/obo/GO_0006098
GO:0006099,BP,tricarboxylic acid cycle,http://purl.obolibrary.org/obo/GO_0006099
GO:0006101,BP,citrate metabolic process,http://purl.obolibrary.org/obo/GO_0006101
GO:0006102,BP,isocitrate metabolic process,http://purl.obolibrary.org/obo/GO_0006102
GO:0006103,BP,2-oxoglutarate metabolic process,http://purl.obolibrary.org/obo/GO_0006103
GO:0006104,BP,succinyl-CoA metabolic process,http://purl.obolibrary.org/obo/GO_0006104
GO:0006105,BP,succinate metabolic process,http://purl.obolibrary.org/obo/GO_0006105
GO:0006106,BP,fumarate metabolic process,http://purl.obolibrary.org/obo/GO_0006106
GO:0006107,BP,oxaloacetate metabolic process,http://purl.obolibrary.org/obo/GO_0006107
GO:0006108,BP,malate metabolic process,http://purl.obolibrary.org/obo/GO_0006108
GO:0006109,BP,regulation of carbohydrate metabolic process,http://purl.obolibrary.org/obo/GO_0006109
GO:0006110,BP,regulation of glycolytic process,http://purl.obolibrary.org/obo/GO_0006110
GO:0006111,BP,regulation of gluconeogenesis,http://purl.obolibrary.org/obo/GO_0006111
GO:0006112,BP,energy reserve metabolic process,http://purl.obolibrary.org/obo/GO_0006112
GO:0006114,BP,glycerol biosynthetic process,http://purl.obolibrary.org/obo/GO_0006114
GO:0006116,BP,NADH oxidation,http://purl.obolibrary.org/obo/GO_0006116
GO:0006119,BP,oxidative phosphorylation,http://purl.obolibrary.org/obo/GO_0006119
GO:0006120,BP,"mitochondrial electron transport, NADH to ubiquinone",http://purl.obolibrary.org/obo/GO_0006120
GO:0006121,BP,"mitochondrial electron transport, succinate to ubiquinone",http://purl.obolibrary.org/obo/GO_0006121
GO:0006122,BP,"mitochondrial electron transport, ubiquinol to cytochrome c",http://purl.obolibrary.org/obo/GO_0006122
GO:0006123,BP,"mitochondrial electron transport, cytochrome c to oxygen",http://purl.obolibrary.org/obo/GO_0006123
GO:0006124,BP,ferredoxin metabolic process,http://purl.obolibrary.org/obo/GO_0006124
GO:0006127,BP,glycerophosphate shuttle,http://purl.obolibrary.org/obo/GO_0006127
GO:0006139,BP,nucleobase-containing compound metabolic process,http://purl.obolibrary.org/obo/GO_0006139
GO:0006140,BP,regulation of nucleotide metabolic process,http://purl.obolibrary.org/obo/GO_0006140
GO:0006144,BP,purine nucleobase metabolic process,http://purl.obolibrary.org/obo/GO_0006144
GO:0006145,BP,purine nucleobase catabolic process,http://purl.obolibrary.org/obo/GO_0006145
GO:0006146,BP,adenine catabolic process,http://purl.obolibrary.org/obo/GO_0006146
GO:0006148,BP,inosine catabolic process,http://purl.obolibrary.org/obo/GO_0006148
GO:0006152,BP,purine nucleoside catabolic process,http://purl.obolibrary.org/obo/GO_0006152
GO:0006154,BP,adenosine catabolic process,http://purl.obolibrary.org/obo/GO_0006154
GO:0006163,BP,purine nucleotide metabolic process,http://purl.obolibrary.org/obo/GO_0006163
GO:0006164,BP,purine nucleotide biosynthetic process,http://purl.obolibrary.org/obo/GO_0006164
GO:0006166,BP,purine ribonucleoside salvage,http://purl.obolibrary.org/obo/GO_0006166
GO:0006167,BP,AMP biosynthetic process,http://purl.obolibrary.org/obo/GO_0006167
GO:0006168,BP,adenine salvage,http://purl.obolibrary.org/obo/GO_0006168
GO:0006169,BP,adenosine salvage,http://purl.obolibrary.org/obo/GO_0006169
GO:0006171,BP,cAMP biosynthetic process,http://purl.obolibrary.org/obo/GO_0006171
GO:0006177,BP,GMP biosynthetic process,http://purl.obolibrary.org/obo/GO_0006177
GO:0006178,BP,guanine salvage,http://purl.obolibrary.org/obo/GO_0006178
GO:0006182,BP,cGMP biosynthetic process,http://purl.obolibrary.org/obo/GO_0006182
GO:0006183,BP,GTP biosynthetic process,http://purl.obolibrary.org/obo/GO_0006183
GO:0006188,BP,IMP biosynthetic process,http://purl.obolibrary.org/obo/GO_0006188
GO:0006189,BP,'de novo' IMP biosynthetic process,http://purl.obolibrary.org/obo/GO_0006189
GO:0006190,BP,inosine salvage,http://purl.obolibrary.org/obo/GO_0006190
GO:0006195,BP,purine nucleotide catabolic process,http://purl.obolibrary.org/obo/GO_0006195
GO:0006203,BP,dGTP catabolic process,http://purl.obolibrary.org/obo/GO_0006203
GO:0006206,BP,pyrimidine nucleobase metabolic process,http://purl.obolibrary.org/obo/GO_0006206
GO:0006207,BP,'de novo' pyrimidine nucleobase biosynthetic process,http://purl.obolibrary.org/obo/GO_0006207
GO:0006208,BP,pyrimidine nucleobase catabolic process,http://purl.obolibrary.org/obo/GO_0006208
GO:0006210,BP,thymine catabolic process,http://purl.obolibrary.org/obo/GO_0006210
GO:0006211,BP,5-methylcytosine catabolic process,http://purl.obolibrary.org/obo/GO_0006211
GO:0006212,BP,uracil catabolic process,http://purl.obolibrary.org/obo/GO_0006212
GO:0006213,BP,pyrimidine nucleoside metabolic process,http://purl.obolibrary.org/obo/GO_0006213
GO:0006216,BP,cytidine catabolic process,http://purl.obolibrary.org/obo/GO_0006216
GO:0006218,BP,uridine catabolic process,http://purl.obolibrary.org/obo/GO_0006218
GO:0006220,BP,pyrimidine nucleotide metabolic process,http://purl.obolibrary.org/obo/GO_0006220
GO:0006221,BP,pyrimidine nucleotide biosynthetic process,http://purl.obolibrary.org/obo/GO_0006221
GO:0006222,BP,UMP biosynthetic process,http://purl.obolibrary.org/obo/GO_0006222
GO:0006225,BP,UDP biosynthetic process,http://purl.obolibrary.org/obo/GO_0006225
GO:0006226,BP,dUMP biosynthetic process,http://purl.obolibrary.org/obo/GO_0006226
GO:0006227,BP,dUDP biosynthetic process,http://purl.obolibrary.org/obo/GO_0006227
GO:0006228,BP,UTP biosynthetic process,http://purl.obolibrary.org/obo/GO_0006228
GO:0006231,BP,dTMP biosynthetic process,http://purl.obolibrary.org/obo/GO_0006231
GO:0006233,BP,dTDP biosynthetic process,http://purl.obolibrary.org/obo/GO_0006233
GO:0006235,BP,dTTP biosynthetic process,http://purl.obolibrary.org/obo/GO_0006235
GO:0006241,BP,CTP biosynthetic process,http://purl.obolibrary.org/obo/GO_0006241
GO:0006244,BP,pyrimidine nucleotide catabolic process,http://purl.obolibrary.org/obo/GO_0006244
GO:0006253,BP,dCTP catabolic process,http://purl.obolibrary.org/obo/GO_0006253
GO:0006259,BP,DNA metabolic process,http://purl.obolibrary.org/obo/GO_0006259
GO:0006260,BP,DNA replication,http://purl.obolibrary.org/obo/GO_0006260
GO:0006261,BP,DNA-dependent DNA replication,http://purl.obolibrary.org/obo/GO_0006261
GO:0006264,BP,mitochondrial DNA replication,http://purl.obolibrary.org/obo/GO_0006264
GO:0006265,BP,DNA topological change,http://purl.obolibrary.org/obo/GO_0006265
GO:0006266,BP,DNA ligation,http://purl.obolibrary.org/obo/GO_0006266
GO:0006268,BP,DNA unwinding involved in DNA replication,http://purl.obolibrary.org/obo/GO_0006268
GO:0006269,BP,"DNA replication, synthesis of RNA primer",http://purl.obolibrary.org/obo/GO_0006269
GO:0006270,BP,DNA replication initiation,http://purl.obolibrary.org/obo/GO_0006270
GO:0006271,BP,DNA strand elongation involved in DNA replication,http://purl.obolibrary.org/obo/GO_0006271
GO:0006272,BP,leading strand elongation,http://purl.obolibrary.org/obo/GO_0006272
GO:0006273,BP,lagging strand elongation,http://purl.obolibrary.org/obo/GO_0006273
GO:0006274,BP,DNA replication termination,http://purl.obolibrary.org/obo/GO_0006274
GO:0006275,BP,regulation of DNA replication,http://purl.obolibrary.org/obo/GO_0006275
GO:0006278,BP,RNA-dependent DNA biosynthetic process,http://purl.obolibrary.org/obo/GO_0006278
GO:0006279,BP,premeiotic DNA replication,http://purl.obolibrary.org/obo/GO_0006279
GO:0006281,BP,DNA repair,http://purl.obolibrary.org/obo/GO_0006281
GO:0006282,BP,regulation of DNA repair,http://purl.obolibrary.org/obo/GO_0006282
GO:0006283,BP,transcription-coupled nucleotide-excision repair,http://purl.obolibrary.org/obo/GO_0006283
GO:0006284,BP,base-excision repair,http://purl.obolibrary.org/obo/GO_0006284
GO:0006285,BP,"base-excision repair, AP site formation",http://purl.obolibrary.org/obo/GO_0006285
GO:0006287,BP,"base-excision repair, gap-filling",http://purl.obolibrary.org/obo/GO_0006287
GO:0006289,BP,nucleotide-excision repair,http://purl.obolibrary.org/obo/GO_0006289
GO:0006290,BP,pyrimidine dimer repair,http://purl.obolibrary.org/obo/GO_0006290
GO:0006294,BP,"nucleotide-excision repair, preincision complex assembly",http://purl.obolibrary.org/obo/GO_0006294
GO:0006297,BP,"nucleotide-excision repair, DNA gap filling",http://purl.obolibrary.org/obo/GO_0006297
GO:0006298,BP,mismatch repair,http://purl.obolibrary.org/obo/GO_0006298
GO:0006301,BP,postreplication repair,http://purl.obolibrary.org/obo/GO_0006301
GO:0006302,BP,double-strand break repair,http://purl.obolibrary.org/obo/GO_0006302
GO:0006303,BP,double-strand break repair via nonhomologous end joining,http://purl.obolibrary.org/obo/GO_0006303
GO:0006304,BP,DNA modification,http://purl.obolibrary.org/obo/GO_0006304
GO:0006307,BP,DNA dealkylation involved in DNA repair,http://purl.obolibrary.org/obo/GO_0006307
GO:0006308,BP,DNA catabolic process,http://purl.obolibrary.org/obo/GO_0006308
GO:0006309,BP,apoptotic DNA fragmentation,http://purl.obolibrary.org/obo/GO_0006309
GO:0006310,BP,DNA recombination,http://purl.obolibrary.org/obo/GO_0006310
GO:0006312,BP,mitotic recombination,http://purl.obolibrary.org/obo/GO_0006312
GO:0006314,BP,intron homing,http://purl.obolibrary.org/obo/GO_0006314
GO:0006315,BP,homing of group II introns,http://purl.obolibrary.org/obo/GO_0006315
GO:0006325,BP,chromatin organization,http://purl.obolibrary.org/obo/GO_0006325
GO:0006334,BP,nucleosome assembly,http://purl.obolibrary.org/obo/GO_0006334
GO:0006335,BP,DNA replication-dependent nucleosome assembly,http://purl.obolibrary.org/obo/GO_0006335
GO:0006337,BP,nucleosome disassembly,http://purl.obolibrary.org/obo/GO_0006337
GO:0006338,BP,chromatin remodeling,http://purl.obolibrary.org/obo/GO_0006338
GO:0006346,BP,DNA methylation-dependent heterochromatin assembly,http://purl.obolibrary.org/obo/GO_0006346
GO:0006351,BP,"transcription, DNA-templated",http://purl.obolibrary.org/obo/GO_0006351
GO:0006352,BP,"DNA-templated transcription, initiation",http://purl.obolibrary.org/obo/GO_0006352
GO:0006353,BP,"DNA-templated transcription, termination",http://purl.obolibrary.org/obo/GO_0006353
GO:0006354,BP,"DNA-templated transcription, elongation",http://purl.obolibrary.org/obo/GO_0006354
GO:0006355,BP,"regulation of transcription, DNA-templated",http://purl.obolibrary.org/obo/GO_0006355
GO:0006356,BP,regulation of transcription by RNA polymerase I,http://purl.obolibrary.org/obo/GO_0006356
GO:0006357,BP,regulation of transcription by RNA polymerase II,http://purl.obolibrary.org/obo/GO_0006357
GO:0006359,BP,regulation of transcription by RNA polymerase III,http://purl.obolibrary.org/obo/GO_0006359
GO:0006360,BP,transcription by RNA polymerase I,http://purl.obolibrary.org/obo/GO_0006360
GO:0006361,BP,transcription initiation from RNA polymerase I promoter,http://purl.obolibrary.org/obo/GO_0006361
GO:0006362,BP,transcription elongation from RNA polymerase I promoter,http://purl.obolibrary.org/obo/GO_0006362
GO:0006363,BP,termination of RNA polymerase I transcription,http://purl.obolibrary.org/obo/GO_0006363
GO:0006364,BP,rRNA processing,http://purl.obolibrary.org/obo/GO_0006364
GO:0006366,BP,transcription by RNA polymerase II,http://purl.obolibrary.org/obo/GO_0006366
GO:0006367,BP,transcription initiation from RNA polymerase II promoter,http://purl.obolibrary.org/obo/GO_0006367
GO:0006368,BP,transcription elongation from RNA polymerase II promoter,http://purl.obolibrary.org/obo/GO_0006368
GO:0006369,BP,termination of RNA polymerase II transcription,http://purl.obolibrary.org/obo/GO_0006369
GO:0006370,BP,7-methylguanosine mRNA capping,http://purl.obolibrary.org/obo/GO_0006370
GO:0006376,BP,mRNA splice site selection,http://purl.obolibrary.org/obo/GO_0006376
GO:0006382,BP,adenosine to inosine editing,http://purl.obolibrary.org/obo/GO_0006382
GO:0006383,BP,transcription by RNA polymerase III,http://purl.obolibrary.org/obo/GO_0006383
GO:0006384,BP,transcription initiation from RNA polymerase III promoter,http://purl.obolibrary.org/obo/GO_0006384
GO:0006386,BP,termination of RNA polymerase III transcription,http://purl.obolibrary.org/obo/GO_0006386
GO:0006388,BP,"tRNA splicing, via endonucleolytic cleavage and ligation",http://purl.obolibrary.org/obo/GO_0006388
GO:0006390,BP,mitochondrial transcription,http://purl.obolibrary.org/obo/GO_0006390
GO:0006393,BP,termination of mitochondrial transcription,http://purl.obolibrary.org/obo/GO_0006393
GO:0006396,BP,RNA processing,http://purl.obolibrary.org/obo/GO_0006396
GO:0006397,BP,mRNA processing,http://purl.obolibrary.org/obo/GO_0006397
GO:0006398,BP,mRNA 3'-end processing by stem-loop binding and cleavage,http://purl.obolibrary.org/obo/GO_0006398
GO:0006399,BP,tRNA metabolic process,http://purl.obolibrary.org/obo/GO_0006399
GO:0006400,BP,tRNA modification,http://purl.obolibrary.org/obo/GO_0006400
GO:0006401,BP,RNA catabolic process,http://purl.obolibrary.org/obo/GO_0006401
GO:0006402,BP,mRNA catabolic process,http://purl.obolibrary.org/obo/GO_0006402
GO:0006403,BP,RNA localization,http://purl.obolibrary.org/obo/GO_0006403
GO:0006405,BP,RNA export from nucleus,http://purl.obolibrary.org/obo/GO_0006405
GO:0006406,BP,mRNA export from nucleus,http://purl.obolibrary.org/obo/GO_0006406
GO:0006409,BP,tRNA export from nucleus,http://purl.obolibrary.org/obo/GO_0006409
GO:0006412,BP,translation,http://purl.obolibrary.org/obo/GO_0006412
GO:0006413,BP,translational initiation,http://purl.obolibrary.org/obo/GO_0006413
GO:0006414,BP,translational elongation,http://purl.obolibrary.org/obo/GO_0006414
GO:0006415,BP,translational termination,http://purl.obolibrary.org/obo/GO_0006415
GO:0006417,BP,regulation of translation,http://purl.obolibrary.org/obo/GO_0006417
GO:0006418,BP,tRNA aminoacylation for protein translation,http://purl.obolibrary.org/obo/GO_0006418
GO:0006419,BP,alanyl-tRNA aminoacylation,http://purl.obolibrary.org/obo/GO_0006419
GO:0006420,BP,arginyl-tRNA aminoacylation,http://purl.obolibrary.org/obo/GO_0006420
GO:0006421,BP,asparaginyl-tRNA aminoacylation,http://purl.obolibrary.org/obo/GO_0006421
GO:0006422,BP,aspartyl-tRNA aminoacylation,http://purl.obolibrary.org/obo/GO_0006422
GO:0006423,BP,cysteinyl-tRNA aminoacylation,http://purl.obolibrary.org/obo/GO_0006423
GO:0006424,BP,glutamyl-tRNA aminoacylation,http://purl.obolibrary.org/obo/GO_0006424
GO:0006425,BP,glutaminyl-tRNA aminoacylation,http://purl.obolibrary.org/obo/GO_0006425
GO:0006426,BP,glycyl-tRNA aminoacylation,http://purl.obolibrary.org/obo/GO_0006426
GO:0006427,BP,histidyl-tRNA aminoacylation,http://purl.obolibrary.org/obo/GO_0006427
GO:0006428,BP,isoleucyl-tRNA aminoacylation,http://purl.obolibrary.org/obo/GO_0006428
GO:0006429,BP,leucyl-tRNA aminoacylation,http://purl.obolibrary.org/obo/GO_0006429
GO:0006430,BP,lysyl-tRNA aminoacylation,http://purl.obolibrary.org/obo/GO_0006430
GO:0006431,BP,methionyl-tRNA aminoacylation,http://purl.obolibrary.org/obo/GO_0006431
GO:0006432,BP,phenylalanyl-tRNA aminoacylation,http://purl.obolibrary.org/obo/GO_0006432
GO:0006433,BP,prolyl-tRNA aminoacylation,http://purl.obolibrary.org/obo/GO_0006433
GO:0006434,BP,seryl-tRNA aminoacylation,http://purl.obolibrary.org/obo/GO_0006434
GO:0006435,BP,threonyl-tRNA aminoacylation,http://purl.obolibrary.org/obo/GO_0006435
GO:0006436,BP,tryptophanyl-tRNA aminoacylation,http://purl.obolibrary.org/obo/GO_0006436
GO:0006437,BP,tyrosyl-tRNA aminoacylation,http://purl.obolibrary.org/obo/GO_0006437
GO:0006438,BP,valyl-tRNA aminoacylation,http://purl.obolibrary.org/obo/GO_0006438
GO:0006446,BP,regulation of translational initiation,http://purl.obolibrary.org/obo/GO_0006446
GO:0006448,BP,regulation of translational elongation,http://purl.obolibrary.org/obo/GO_0006448
GO:0006449,BP,regulation of translational termination,http://purl.obolibrary.org/obo/GO_0006449
GO:0006450,BP,regulation of translational fidelity,http://purl.obolibrary.org/obo/GO_0006450
GO:0006451,BP,translational readthrough,http://purl.obolibrary.org/obo/GO_0006451
GO:0006457,BP,protein folding,http://purl.obolibrary.org/obo/GO_0006457
GO:0006458,BP,'de novo' protein folding,http://purl.obolibrary.org/obo/GO_0006458
GO:0006465,BP,signal peptide processing,http://purl.obolibrary.org/obo/GO_0006465
GO:0006468,BP,protein phosphorylation,http://purl.obolibrary.org/obo/GO_0006468
GO:0006469,BP,negative regulation of protein kinase activity,http://purl.obolibrary.org/obo/GO_0006469
GO:0006470,BP,protein dephosphorylation,http://purl.obolibrary.org/obo/GO_0006470
GO:0006473,BP,protein acetylation,http://purl.obolibrary.org/obo/GO_0006473
GO:0006474,BP,N-terminal protein amino acid acetylation,http://purl.obolibrary.org/obo/GO_0006474
GO:0006476,BP,protein deacetylation,http://purl.obolibrary.org/obo/GO_0006476
GO:0006479,BP,protein methylation,http://purl.obolibrary.org/obo/GO_0006479
GO:0006481,BP,C-terminal protein methylation,http://purl.obolibrary.org/obo/GO_0006481
GO:0006486,BP,protein glycosylation,http://purl.obolibrary.org/obo/GO_0006486
GO:0006487,BP,protein N-linked glycosylation,http://purl.obolibrary.org/obo/GO_0006487
GO:0006488,BP,dolichol-linked oligosaccharide biosynthetic process,http://purl.obolibrary.org/obo/GO_0006488
GO:0006490,BP,oligosaccharide-lipid intermediate biosynthetic process,http://purl.obolibrary.org/obo/GO_0006490
GO:0006491,BP,N-glycan processing,http://purl.obolibrary.org/obo/GO_0006491
GO:0006493,BP,protein O-linked glycosylation,http://purl.obolibrary.org/obo/GO_0006493
GO:0006497,BP,protein lipidation,http://purl.obolibrary.org/obo/GO_0006497
GO:0006498,BP,N-terminal protein lipidation,http://purl.obolibrary.org/obo/GO_0006498
GO:0006499,BP,N-terminal protein myristoylation,http://purl.obolibrary.org/obo/GO_0006499
GO:0006505,BP,GPI anchor metabolic process,http://purl.obolibrary.org/obo/GO_0006505
GO:0006506,BP,GPI anchor biosynthetic process,http://purl.obolibrary.org/obo/GO_0006506
GO:0006508,BP,proteolysis,http://purl.obolibrary.org/obo/GO_0006508
GO:0006509,BP,membrane protein ectodomain proteolysis,http://purl.obolibrary.org/obo/GO_0006509
GO:0006511,BP,ubiquitin-dependent protein catabolic process,http://purl.obolibrary.org/obo/GO_0006511
GO:0006513,BP,protein monoubiquitination,http://purl.obolibrary.org/obo/GO_0006513
GO:0006515,BP,protein quality control for misfolded or incompletely synthesized proteins,http://purl.obolibrary.org/obo/GO_0006515
GO:0006516,BP,glycoprotein catabolic process,http://purl.obolibrary.org/obo/GO_0006516
GO:0006517,BP,protein deglycosylation,http://purl.obolibrary.org/obo/GO_0006517
GO:0006518,BP,peptide metabolic process,http://purl.obolibrary.org/obo/GO_0006518
GO:0006520,BP,cellular amino acid metabolic process,http://purl.obolibrary.org/obo/GO_0006520
GO:0006521,BP,regulation of cellular amino acid metabolic process,http://purl.obolibrary.org/obo/GO_0006521
GO:0006522,BP,alanine metabolic process,http://purl.obolibrary.org/obo/GO_0006522
GO:0006524,BP,alanine catabolic process,http://purl.obolibrary.org/obo/GO_0006524
GO:0006525,BP,arginine metabolic process,http://purl.obolibrary.org/obo/GO_0006525
GO:0006526,BP,arginine biosynthetic process,http://purl.obolibrary.org/obo/GO_0006526
GO:0006527,BP,arginine catabolic process,http://purl.obolibrary.org/obo/GO_0006527
GO:0006528,BP,asparagine metabolic process,http://purl.obolibrary.org/obo/GO_0006528
GO:0006529,BP,asparagine biosynthetic process,http://purl.obolibrary.org/obo/GO_0006529
GO:0006530,BP,asparagine catabolic process,http://purl.obolibrary.org/obo/GO_0006530
GO:0006531,BP,aspartate metabolic process,http://purl.obolibrary.org/obo/GO_0006531
GO:0006534,BP,cysteine metabolic process,http://purl.obolibrary.org/obo/GO_0006534
GO:0006535,BP,cysteine biosynthetic process from serine,http://purl.obolibrary.org/obo/GO_0006535
GO:0006536,BP,glutamate metabolic process,http://purl.obolibrary.org/obo/GO_0006536
GO:0006537,BP,glutamate biosynthetic process,http://purl.obolibrary.org/obo/GO_0006537
GO:0006538,BP,glutamate catabolic process,http://purl.obolibrary.org/obo/GO_0006538
GO:0006540,BP,glutamate decarboxylation to succinate,http://purl.obolibrary.org/obo/GO_0006540
GO:0006541,BP,glutamine metabolic process,http://purl.obolibrary.org/obo/GO_0006541
GO:0006542,BP,glutamine biosynthetic process,http://purl.obolibrary.org/obo/GO_0006542
GO:0006544,BP,glycine metabolic process,http://purl.obolibrary.org/obo/GO_0006544
GO:0006545,BP,glycine biosynthetic process,http://purl.obolibrary.org/obo/GO_0006545
GO:0006546,BP,glycine catabolic process,http://purl.obolibrary.org/obo/GO_0006546
GO:0006547,BP,histidine metabolic process,http://purl.obolibrary.org/obo/GO_0006547
GO:0006549,BP,isoleucine metabolic process,http://purl.obolibrary.org/obo/GO_0006549
GO:0006551,BP,leucine metabolic process,http://purl.obolibrary.org/obo/GO_0006551
GO:0006552,BP,leucine catabolic process,http://purl.obolibrary.org/obo/GO_0006552
GO:0006553,BP,lysine metabolic process,http://purl.obolibrary.org/obo/GO_0006553
GO:0006554,BP,lysine catabolic process,http://purl.obolibrary.org/obo/GO_0006554
GO:0006555,BP,methionine metabolic process,http://purl.obolibrary.org/obo/GO_0006555
GO:0006556,BP,S-adenosylmethionine biosynthetic process,http://purl.obolibrary.org/obo/GO_0006556
GO:0006558,BP,L-phenylalanine metabolic process,http://purl.obolibrary.org/obo/GO_0006558
GO:0006559,BP,L-phenylalanine catabolic process,http://purl.obolibrary.org/obo/GO_0006559
GO:0006560,BP,proline metabolic process,http://purl.obolibrary.org/obo/GO_0006560
GO:0006561,BP,proline biosynthetic process,http://purl.obolibrary.org/obo/GO_0006561
GO:0006562,BP,proline catabolic process,http://purl.obolibrary.org/obo/GO_0006562
GO:0006563,BP,L-serine metabolic process,http://purl.obolibrary.org/obo/GO_0006563
GO:0006564,BP,L-serine biosynthetic process,http://purl.obolibrary.org/obo/GO_0006564
GO:0006565,BP,L-serine catabolic process,http://purl.obolibrary.org/obo/GO_0006565
GO:0006566,BP,threonine metabolic process,http://purl.obolibrary.org/obo/GO_0006566
GO:0006567,BP,threonine catabolic process,http://purl.obolibrary.org/obo/GO_0006567
GO:0006568,BP,tryptophan metabolic process,http://purl.obolibrary.org/obo/GO_0006568
GO:0006569,BP,tryptophan catabolic process,http://purl.obolibrary.org/obo/GO_0006569
GO:0006570,BP,tyrosine metabolic process,http://purl.obolibrary.org/obo/GO_0006570
GO:0006571,BP,tyrosine biosynthetic process,http://purl.obolibrary.org/obo/GO_0006571
GO:0006572,BP,tyrosine catabolic process,http://purl.obolibrary.org/obo/GO_0006572
GO:0006573,BP,valine metabolic process,http://purl.obolibrary.org/obo/GO_0006573
GO:0006574,BP,valine catabolic process,http://purl.obolibrary.org/obo/GO_0006574
GO:0006575,BP,cellular modified amino acid metabolic process,http://purl.obolibrary.org/obo/GO_0006575
GO:0006576,BP,cellular biogenic amine metabolic process,http://purl.obolibrary.org/obo/GO_0006576
GO:0006577,BP,amino-acid betaine metabolic process,http://purl.obolibrary.org/obo/GO_0006577
GO:0006578,BP,amino-acid betaine biosynthetic process,http://purl.obolibrary.org/obo/GO_0006578
GO:0006580,BP,ethanolamine metabolic process,http://purl.obolibrary.org/obo/GO_0006580
GO:0006581,BP,acetylcholine catabolic process,http://purl.obolibrary.org/obo/GO_0006581
GO:0006586,BP,indolalkylamine metabolic process,http://purl.obolibrary.org/obo/GO_0006586
GO:0006587,BP,serotonin biosynthetic process from tryptophan,http://purl.obolibrary.org/obo/GO_0006587
GO:0006591,BP,ornithine metabolic process,http://purl.obolibrary.org/obo/GO_0006591
GO:0006592,BP,ornithine biosynthetic process,http://purl.obolibrary.org/obo/GO_0006592
GO:0006593,BP,ornithine catabolic process,http://purl.obolibrary.org/obo/GO_0006593
GO:0006595,BP,polyamine metabolic process,http://purl.obolibrary.org/obo/GO_0006595
GO:0006596,BP,polyamine biosynthetic process,http://purl.obolibrary.org/obo/GO_0006596
GO:0006597,BP,spermine biosynthetic process,http://purl.obolibrary.org/obo/GO_0006597
GO:0006598,BP,polyamine catabolic process,http://purl.obolibrary.org/obo/GO_0006598
GO:0006605,BP,protein targeting,http://purl.obolibrary.org/obo/GO_0006605
GO:0006606,BP,protein import into nucleus,http://purl.obolibrary.org/obo/GO_0006606
GO:0006607,BP,NLS-bearing protein import into nucleus,http://purl.obolibrary.org/obo/GO_0006607
GO:0006611,BP,protein export from nucleus,http://purl.obolibrary.org/obo/GO_0006611
GO:0006612,BP,protein targeting to membrane,http://purl.obolibrary.org/obo/GO_0006612
GO:0006613,BP,cotranslational protein targeting to membrane,http://purl.obolibrary.org/obo/GO_0006613
GO:0006614,BP,SRP-dependent cotranslational protein targeting to membrane,http://purl.obolibrary.org/obo/GO_0006614
GO:0006616,BP,"SRP-dependent cotranslational protein targeting to membrane, translocation",http://purl.obolibrary.org/obo/GO_0006616
GO:0006617,BP,"SRP-dependent cotranslational protein targeting to membrane, signal sequence recognition",http://purl.obolibrary.org/obo/GO_0006617
GO:0006620,BP,posttranslational protein targeting to endoplasmic reticulum membrane,http://purl.obolibrary.org/obo/GO_0006620
GO:0006621,BP,protein retention in ER lumen,http://purl.obolibrary.org/obo/GO_0006621
GO:0006623,BP,protein targeting to vacuole,http://purl.obolibrary.org/obo/GO_0006623
GO:0006624,BP,vacuolar protein processing,http://purl.obolibrary.org/obo/GO_0006624
GO:0006625,BP,protein targeting to peroxisome,http://purl.obolibrary.org/obo/GO_0006625
GO:0006626,BP,protein targeting to mitochondrion,http://purl.obolibrary.org/obo/GO_0006626
GO:0006627,BP,protein processing involved in protein targeting to mitochondrion,http://purl.obolibrary.org/obo/GO_0006627
GO:0006629,BP,lipid metabolic process,http://purl.obolibrary.org/obo/GO_0006629
GO:0006631,BP,fatty acid metabolic process,http://purl.obolibrary.org/obo/GO_0006631
GO:0006633,BP,fatty acid biosynthetic process,http://purl.obolibrary.org/obo/GO_0006633
GO:0006635,BP,fatty acid beta-oxidation,http://purl.obolibrary.org/obo/GO_0006635
GO:0006636,BP,unsaturated fatty acid biosynthetic process,http://purl.obolibrary.org/obo/GO_0006636
GO:0006637,BP,acyl-CoA metabolic process,http://purl.obolibrary.org/obo/GO_0006637
GO:0006638,BP,neutral lipid metabolic process,http://purl.obolibrary.org/obo/GO_0006638
GO:0006639,BP,acylglycerol metabolic process,http://purl.obolibrary.org/obo/GO_0006639
GO:0006641,BP,triglyceride metabolic process,http://purl.obolibrary.org/obo/GO_0006641
GO:0006642,BP,triglyceride mobilization,http://purl.obolibrary.org/obo/GO_0006642
GO:0006643,BP,membrane lipid metabolic process,http://purl.obolibrary.org/obo/GO_0006643
GO:0006644,BP,phospholipid metabolic process,http://purl.obolibrary.org/obo/GO_0006644
GO:0006646,BP,phosphatidylethanolamine biosynthetic process,http://purl.obolibrary.org/obo/GO_0006646
GO:0006649,BP,phospholipid transfer to membrane,http://purl.obolibrary.org/obo/GO_0006649
GO:0006650,BP,glycerophospholipid metabolic process,http://purl.obolibrary.org/obo/GO_0006650
GO:0006651,BP,diacylglycerol biosynthetic process,http://purl.obolibrary.org/obo/GO_0006651
GO:0006654,BP,phosphatidic acid biosynthetic process,http://purl.obolibrary.org/obo/GO_0006654
GO:0006655,BP,phosphatidylglycerol biosynthetic process,http://purl.obolibrary.org/obo/GO_0006655
GO:0006656,BP,phosphatidylcholine biosynthetic process,http://purl.obolibrary.org/obo/GO_0006656
GO:0006657,BP,CDP-choline pathway,http://purl.obolibrary.org/obo/GO_0006657
GO:0006658,BP,phosphatidylserine metabolic process,http://purl.obolibrary.org/obo/GO_0006658
GO:0006659,BP,phosphatidylserine biosynthetic process,http://purl.obolibrary.org/obo/GO_0006659
GO:0006661,BP,phosphatidylinositol biosynthetic process,http://purl.obolibrary.org/obo/GO_0006661
GO:0006664,BP,glycolipid metabolic process,http://purl.obolibrary.org/obo/GO_0006664
GO:0006665,BP,sphingolipid metabolic process,http://purl.obolibrary.org/obo/GO_0006665
GO:0006666,BP,3-keto-sphinganine metabolic process,http://purl.obolibrary.org/obo/GO_0006666
GO:0006670,BP,sphingosine metabolic process,http://purl.obolibrary.org/obo/GO_0006670
GO:0006671,BP,phytosphingosine metabolic process,http://purl.obolibrary.org/obo/GO_0006671
GO:0006672,BP,ceramide metabolic process,http://purl.obolibrary.org/obo/GO_0006672
GO:0006673,BP,inositol phosphoceramide metabolic process,http://purl.obolibrary.org/obo/GO_0006673
GO:0006675,BP,mannosyl-inositol phosphorylceramide metabolic process,http://purl.obolibrary.org/obo/GO_0006675
GO:0006677,BP,glycosylceramide metabolic process,http://purl.obolibrary.org/obo/GO_0006677
GO:0006678,BP,glucosylceramide metabolic process,http://purl.obolibrary.org/obo/GO_0006678
GO:0006679,BP,glucosylceramide biosynthetic process,http://purl.obolibrary.org/obo/GO_0006679
GO:0006684,BP,sphingomyelin metabolic process,http://purl.obolibrary.org/obo/GO_0006684
GO:0006685,BP,sphingomyelin catabolic process,http://purl.obolibrary.org/obo/GO_0006685
GO:0006687,BP,glycosphingolipid metabolic process,http://purl.obolibrary.org/obo/GO_0006687
GO:0006688,BP,glycosphingolipid biosynthetic process,http://purl.obolibrary.org/obo/GO_0006688
GO:0006689,BP,ganglioside catabolic process,http://purl.obolibrary.org/obo/GO_0006689
GO:0006690,BP,icosanoid metabolic process,http://purl.obolibrary.org/obo/GO_0006690
GO:0006694,BP,steroid biosynthetic process,http://purl.obolibrary.org/obo/GO_0006694
GO:0006706,BP,steroid catabolic process,http://purl.obolibrary.org/obo/GO_0006706
GO:0006714,BP,sesquiterpenoid metabolic process,http://purl.obolibrary.org/obo/GO_0006714
GO:0006715,BP,farnesol biosynthetic process,http://purl.obolibrary.org/obo/GO_0006715
GO:0006720,BP,isoprenoid metabolic process,http://purl.obolibrary.org/obo/GO_0006720
GO:0006721,BP,terpenoid metabolic process,http://purl.obolibrary.org/obo/GO_0006721
GO:0006722,BP,triterpenoid metabolic process,http://purl.obolibrary.org/obo/GO_0006722
GO:0006723,BP,cuticle hydrocarbon biosynthetic process,http://purl.obolibrary.org/obo/GO_0006723
GO:0006729,BP,tetrahydrobiopterin biosynthetic process,http://purl.obolibrary.org/obo/GO_0006729
GO:0006730,BP,one-carbon metabolic process,http://purl.obolibrary.org/obo/GO_0006730
GO:0006734,BP,NADH metabolic process,http://purl.obolibrary.org/obo/GO_0006734
GO:0006739,BP,NADP metabolic process,http://purl.obolibrary.org/obo/GO_0006739
GO:0006740,BP,NADPH regeneration,http://purl.obolibrary.org/obo/GO_0006740
GO:0006741,BP,NADP biosynthetic process,http://purl.obolibrary.org/obo/GO_0006741
GO:0006742,BP,NADP catabolic process,http://purl.obolibrary.org/obo/GO_0006742
GO:0006743,BP,ubiquinone metabolic process,http://purl.obolibrary.org/obo/GO_0006743
GO:0006744,BP,ubiquinone biosynthetic process,http://purl.obolibrary.org/obo/GO_0006744
GO:0006747,BP,FAD biosynthetic process,http://purl.obolibrary.org/obo/GO_0006747
GO:0006749,BP,glutathione metabolic process,http://purl.obolibrary.org/obo/GO_0006749
GO:0006750,BP,glutathione biosynthetic process,http://purl.obolibrary.org/obo/GO_0006750
GO:0006751,BP,glutathione catabolic process,http://purl.obolibrary.org/obo/GO_0006751
GO:0006753,BP,nucleoside phosphate metabolic process,http://purl.obolibrary.org/obo/GO_0006753
GO:0006754,BP,ATP biosynthetic process,http://purl.obolibrary.org/obo/GO_0006754
GO:0006760,BP,folic acid-containing compound metabolic process,http://purl.obolibrary.org/obo/GO_0006760
GO:0006761,BP,dihydrofolate biosynthetic process,http://purl.obolibrary.org/obo/GO_0006761
GO:0006766,BP,vitamin metabolic process,http://purl.obolibrary.org/obo/GO_0006766
GO:0006767,BP,water-soluble vitamin metabolic process,http://purl.obolibrary.org/obo/GO_0006767
GO:0006768,BP,biotin metabolic process,http://purl.obolibrary.org/obo/GO_0006768
GO:0006771,BP,riboflavin metabolic process,http://purl.obolibrary.org/obo/GO_0006771
GO:0006772,BP,thiamine metabolic process,http://purl.obolibrary.org/obo/GO_0006772
GO:0006775,BP,fat-soluble vitamin metabolic process,http://purl.obolibrary.org/obo/GO_0006775
GO:0006777,BP,Mo-molybdopterin cofactor biosynthetic process,http://purl.obolibrary.org/obo/GO_0006777
GO:0006778,BP,porphyrin-containing compound metabolic process,http://purl.obolibrary.org/obo/GO_0006778
GO:0006779,BP,porphyrin-containing compound biosynthetic process,http://purl.obolibrary.org/obo/GO_0006779
GO:0006780,BP,uroporphyrinogen III biosynthetic process,http://purl.obolibrary.org/obo/GO_0006780
GO:0006782,BP,protoporphyrinogen IX biosynthetic process,http://purl.obolibrary.org/obo/GO_0006782
GO:0006783,BP,heme biosynthetic process,http://purl.obolibrary.org/obo/GO_0006783
GO:0006784,BP,heme A biosynthetic process,http://purl.obolibrary.org/obo/GO_0006784
GO:0006787,BP,porphyrin-containing compound catabolic process,http://purl.obolibrary.org/obo/GO_0006787
GO:0006788,BP,heme oxidation,http://purl.obolibrary.org/obo/GO_0006788
GO:0006790,BP,sulfur compound metabolic process,http://purl.obolibrary.org/obo/GO_0006790
GO:0006791,BP,sulfur utilization,http://purl.obolibrary.org/obo/GO_0006791
GO:0006792,BP,regulation of sulfur utilization,http://purl.obolibrary.org/obo/GO_0006792
GO:0006793,BP,phosphorus metabolic process,http://purl.obolibrary.org/obo/GO_0006793
GO:0006796,BP,phosphate-containing compound metabolic process,http://purl.obolibrary.org/obo/GO_0006796
GO:0006797,BP,polyphosphate metabolic process,http://purl.obolibrary.org/obo/GO_0006797
GO:0006798,BP,polyphosphate catabolic process,http://purl.obolibrary.org/obo/GO_0006798
GO:0006799,BP,polyphosphate biosynthetic process,http://purl.obolibrary.org/obo/GO_0006799
GO:0006801,BP,superoxide metabolic process,http://purl.obolibrary.org/obo/GO_0006801
GO:0006805,BP,xenobiotic metabolic process,http://purl.obolibrary.org/obo/GO_0006805
GO:0006808,BP,regulation of nitrogen utilization,http://purl.obolibrary.org/obo/GO_0006808
GO:0006809,BP,nitric oxide biosynthetic process,http://purl.obolibrary.org/obo/GO_0006809
GO:0006810,BP,transport,http://purl.obolibrary.org/obo/GO_0006810
GO:0006811,BP,ion transport,http://purl.obolibrary.org/obo/GO_0006811
GO:0006812,BP,cation transport,http://purl.obolibrary.org/obo/GO_0006812
GO:0006813,BP,potassium ion transport,http://purl.obolibrary.org/obo/GO_0006813
GO:0006814,BP,sodium ion transport,http://purl.obolibrary.org/obo/GO_0006814
GO:0006816,BP,calcium ion transport,http://purl.obolibrary.org/obo/GO_0006816
GO:0006817,BP,phosphate ion transport,http://purl.obolibrary.org/obo/GO_0006817
GO:0006820,BP,anion transport,http://purl.obolibrary.org/obo/GO_0006820
GO:0006821,BP,chloride transport,http://purl.obolibrary.org/obo/GO_0006821
GO:0006824,BP,cobalt ion transport,http://purl.obolibrary.org/obo/GO_0006824
GO:0006825,BP,copper ion transport,http://purl.obolibrary.org/obo/GO_0006825
GO:0006826,BP,iron ion transport,http://purl.obolibrary.org/obo/GO_0006826
GO:0006828,BP,manganese ion transport,http://purl.obolibrary.org/obo/GO_0006828
GO:0006829,BP,zinc ion transport,http://purl.obolibrary.org/obo/GO_0006829
GO:0006833,BP,water transport,http://purl.obolibrary.org/obo/GO_0006833
GO:0006835,BP,dicarboxylic acid transport,http://purl.obolibrary.org/obo/GO_0006835
GO:0006836,BP,neurotransmitter transport,http://purl.obolibrary.org/obo/GO_0006836
GO:0006839,BP,mitochondrial transport,http://purl.obolibrary.org/obo/GO_0006839
GO:0006842,BP,tricarboxylic acid transport,http://purl.obolibrary.org/obo/GO_0006842
GO:0006843,BP,mitochondrial citrate transmembrane transport,http://purl.obolibrary.org/obo/GO_0006843
GO:0006844,BP,acyl carnitine transport,http://purl.obolibrary.org/obo/GO_0006844
GO:0006846,BP,acetate transport,http://purl.obolibrary.org/obo/GO_0006846
GO:0006848,BP,pyruvate transport,http://purl.obolibrary.org/obo/GO_0006848
GO:0006849,BP,plasma membrane pyruvate transport,http://purl.obolibrary.org/obo/GO_0006849
GO:0006850,BP,mitochondrial pyruvate transmembrane transport,http://purl.obolibrary.org/obo/GO_0006850
GO:0006851,BP,mitochondrial calcium ion transmembrane transport,http://purl.obolibrary.org/obo/GO_0006851
GO:0006857,BP,oligopeptide transport,http://purl.obolibrary.org/obo/GO_0006857
GO:0006858,BP,extracellular transport,http://purl.obolibrary.org/obo/GO_0006858
GO:0006862,BP,nucleotide transport,http://purl.obolibrary.org/obo/GO_0006862
GO:0006863,BP,purine nucleobase transport,http://purl.obolibrary.org/obo/GO_0006863
GO:0006865,BP,amino acid transport,http://purl.obolibrary.org/obo/GO_0006865
GO:0006868,BP,glutamine transport,http://purl.obolibrary.org/obo/GO_0006868
GO:0006869,BP,lipid transport,http://purl.obolibrary.org/obo/GO_0006869
GO:0006873,BP,cellular ion homeostasis,http://purl.obolibrary.org/obo/GO_0006873
GO:0006874,BP,cellular calcium ion homeostasis,http://purl.obolibrary.org/obo/GO_0006874
GO:0006878,BP,cellular copper ion homeostasis,http://purl.obolibrary.org/obo/GO_0006878
GO:0006879,BP,cellular iron ion homeostasis,http://purl.obolibrary.org/obo/GO_0006879
GO:0006880,BP,intracellular sequestering of iron ion,http://purl.obolibrary.org/obo/GO_0006880
GO:0006882,BP,cellular zinc ion homeostasis,http://purl.obolibrary.org/obo/GO_0006882
GO:0006883,BP,cellular sodium ion homeostasis,http://purl.obolibrary.org/obo/GO_0006883
GO:0006884,BP,cell volume homeostasis,http://purl.obolibrary.org/obo/GO_0006884
GO:0006885,BP,regulation of pH,http://purl.obolibrary.org/obo/GO_0006885
GO:0006886,BP,intracellular protein transport,http://purl.obolibrary.org/obo/GO_0006886
GO:0006887,BP,exocytosis,http://purl.obolibrary.org/obo/GO_0006887
GO:0006888,BP,endoplasmic reticulum to Golgi vesicle-mediated transport,http://purl.obolibrary.org/obo/GO_0006888
GO:0006890,BP,"retrograde vesicle-mediated transport, Golgi to endoplasmic reticulum",http://purl.obolibrary.org/obo/GO_0006890
GO:0006891,BP,intra-Golgi vesicle-mediated transport,http://purl.obolibrary.org/obo/GO_0006891
GO:0006892,BP,post-Golgi vesicle-mediated transport,http://purl.obolibrary.org/obo/GO_0006892
GO:0006893,BP,Golgi to plasma membrane transport,http://purl.obolibrary.org/obo/GO_0006893
GO:0006895,BP,Golgi to endosome transport,http://purl.obolibrary.org/obo/GO_0006895
GO:0006896,BP,Golgi to vacuole transport,http://purl.obolibrary.org/obo/GO_0006896
GO:0006897,BP,endocytosis,http://purl.obolibrary.org/obo/GO_0006897
GO:0006898,BP,receptor-mediated endocytosis,http://purl.obolibrary.org/obo/GO_0006898
GO:0006900,BP,vesicle budding from membrane,http://purl.obolibrary.org/obo/GO_0006900
GO:0006901,BP,vesicle coating,http://purl.obolibrary.org/obo/GO_0006901
GO:0006903,BP,vesicle targeting,http://purl.obolibrary.org/obo/GO_0006903
GO:0006904,BP,vesicle docking involved in exocytosis,http://purl.obolibrary.org/obo/GO_0006904
GO:0006906,BP,vesicle fusion,http://purl.obolibrary.org/obo/GO_0006906
GO:0006907,BP,pinocytosis,http://purl.obolibrary.org/obo/GO_0006907
GO:0006909,BP,phagocytosis,http://purl.obolibrary.org/obo/GO_0006909
GO:0006913,BP,nucleocytoplasmic transport,http://purl.obolibrary.org/obo/GO_0006913
GO:0006914,BP,autophagy,http://purl.obolibrary.org/obo/GO_0006914
GO:0006915,BP,apoptotic process,http://purl.obolibrary.org/obo/GO_0006915
GO:0006921,BP,cellular component disassembly involved in execution phase of apoptosis,http://purl.obolibrary.org/obo/GO_0006921
GO:0006935,BP,chemotaxis,http://purl.obolibrary.org/obo/GO_0006935
GO:0006949,BP,syncytium formation,http://purl.obolibrary.org/obo/GO_0006949
GO:0006950,BP,response to stress,http://purl.obolibrary.org/obo/GO_0006950
GO:0006952,BP,defense response,http://purl.obolibrary.org/obo/GO_0006952
GO:0006954,BP,inflammatory response,http://purl.obolibrary.org/obo/GO_0006954
GO:0006955,BP,immune response,http://purl.obolibrary.org/obo/GO_0006955
GO:0006968,BP,cellular defense response,http://purl.obolibrary.org/obo/GO_0006968
GO:0006970,BP,response to osmotic stress,http://purl.obolibrary.org/obo/GO_0006970
GO:0006971,BP,hypotonic response,http://purl.obolibrary.org/obo/GO_0006971
GO:0006972,BP,hyperosmotic response,http://purl.obolibrary.org/obo/GO_0006972
GO:0006974,BP,cellular response to DNA damage stimulus,http://purl.obolibrary.org/obo/GO_0006974
GO:0006979,BP,response to oxidative stress,http://purl.obolibrary.org/obo/GO_0006979
GO:0006982,BP,response to lipid hydroperoxide,http://purl.obolibrary.org/obo/GO_0006982
GO:0006983,BP,ER overload response,http://purl.obolibrary.org/obo/GO_0006983
GO:0006984,BP,ER-nucleus signaling pathway,http://purl.obolibrary.org/obo/GO_0006984
GO:0006986,BP,response to unfolded protein,http://purl.obolibrary.org/obo/GO_0006986
GO:0006991,BP,response to sterol depletion,http://purl.obolibrary.org/obo/GO_0006991
GO:0006995,BP,cellular response to nitrogen starvation,http://purl.obolibrary.org/obo/GO_0006995
GO:0006996,BP,organelle organization,http://purl.obolibrary.org/obo/GO_0006996
GO:0006997,BP,nucleus organization,http://purl.obolibrary.org/obo/GO_0006997
GO:0006998,BP,nuclear envelope organization,http://purl.obolibrary.org/obo/GO_0006998
GO:0006999,BP,nuclear pore organization,http://purl.obolibrary.org/obo/GO_0006999
GO:0007000,BP,nucleolus organization,http://purl.obolibrary.org/obo/GO_0007000
GO:0007004,BP,telomere maintenance via telomerase,http://purl.obolibrary.org/obo/GO_0007004
GO:0007005,BP,mitochondrion organization,http://purl.obolibrary.org/obo/GO_0007005
GO:0007006,BP,mitochondrial membrane organization,http://purl.obolibrary.org/obo/GO_0007006
GO:0007007,BP,inner mitochondrial membrane organization,http://purl.obolibrary.org/obo/GO_0007007
GO:0007008,BP,outer mitochondrial membrane organization,http://purl.obolibrary.org/obo/GO_0007008
GO:0007009,BP,plasma membrane organization,http://purl.obolibrary.org/obo/GO_0007009
GO:0007010,BP,cytoskeleton organization,http://purl.obolibrary.org/obo/GO_0007010
GO:0007015,BP,actin filament organization,http://purl.obolibrary.org/obo/GO_0007015
GO:0007017,BP,microtubule-based process,http://purl.obolibrary.org/obo/GO_0007017
GO:0007018,BP,microtubule-based movement,http://purl.obolibrary.org/obo/GO_0007018
GO:0007019,BP,microtubule depolymerization,http://purl.obolibrary.org/obo/GO_0007019
GO:0007020,BP,microtubule nucleation,http://purl.obolibrary.org/obo/GO_0007020
GO:0007021,BP,tubulin complex assembly,http://purl.obolibrary.org/obo/GO_0007021
GO:0007023,BP,post-chaperonin tubulin folding pathway,http://purl.obolibrary.org/obo/GO_0007023
GO:0007026,BP,negative regulation of microtubule depolymerization,http://purl.obolibrary.org/obo/GO_0007026
GO:0007029,BP,endoplasmic reticulum organization,http://purl.obolibrary.org/obo/GO_0007029
GO:0007030,BP,Golgi organization,http://purl.obolibrary.org/obo/GO_0007030
GO:0007031,BP,peroxisome organization,http://purl.obolibrary.org/obo/GO_0007031
GO:0007032,BP,endosome organization,http://purl.obolibrary.org/obo/GO_0007032
GO:0007033,BP,vacuole organization,http://purl.obolibrary.org/obo/GO_0007033
GO:0007034,BP,vacuolar transport,http://purl.obolibrary.org/obo/GO_0007034
GO:0007035,BP,vacuolar acidification,http://purl.obolibrary.org/obo/GO_0007035
GO:0007039,BP,protein catabolic process in the vacuole,http://purl.obolibrary.org/obo/GO_0007039
GO:0007040,BP,lysosome organization,http://purl.obolibrary.org/obo/GO_0007040
GO:0007041,BP,lysosomal transport,http://purl.obolibrary.org/obo/GO_0007041
GO:0007043,BP,cell-cell junction assembly,http://purl.obolibrary.org/obo/GO_0007043
GO:0007044,BP,cell-substrate junction assembly,http://purl.obolibrary.org/obo/GO_0007044
GO:0007049,BP,cell cycle,http://purl.obolibrary.org/obo/GO_0007049
GO:0007051,BP,spindle organization,http://purl.obolibrary.org/obo/GO_0007051
GO:0007052,BP,mitotic spindle organization,http://purl.obolibrary.org/obo/GO_0007052
GO:0007053,BP,spindle assembly involved in male meiosis,http://purl.obolibrary.org/obo/GO_0007053
GO:0007059,BP,chromosome segregation,http://purl.obolibrary.org/obo/GO_0007059
GO:0007060,BP,male meiosis chromosome segregation,http://purl.obolibrary.org/obo/GO_0007060
GO:0007062,BP,sister chromatid cohesion,http://purl.obolibrary.org/obo/GO_0007062
GO:0007063,BP,regulation of sister chromatid cohesion,http://purl.obolibrary.org/obo/GO_0007063
GO:0007064,BP,mitotic sister chromatid cohesion,http://purl.obolibrary.org/obo/GO_0007064
GO:0007065,BP,male meiosis sister chromatid cohesion,http://purl.obolibrary.org/obo/GO_0007065
GO:0007066,BP,female meiosis sister chromatid cohesion,http://purl.obolibrary.org/obo/GO_0007066
GO:0007076,BP,mitotic chromosome condensation,http://purl.obolibrary.org/obo/GO_0007076
GO:0007080,BP,mitotic metaphase plate congression,http://purl.obolibrary.org/obo/GO_0007080
GO:0007088,BP,regulation of mitotic nuclear division,http://purl.obolibrary.org/obo/GO_0007088
GO:0007091,BP,metaphase/anaphase transition of mitotic cell cycle,http://purl.obolibrary.org/obo/GO_0007091
GO:0007093,BP,mitotic cell cycle checkpoint signaling,http://purl.obolibrary.org/obo/GO_0007093
GO:0007094,BP,mitotic spindle assembly checkpoint signaling,http://purl.obolibrary.org/obo/GO_0007094
GO:0007095,BP,mitotic G2 DNA damage checkpoint signaling,http://purl.obolibrary.org/obo/GO_0007095
GO:0007096,BP,regulation of exit from mitosis,http://purl.obolibrary.org/obo/GO_0007096
GO:0007097,BP,nuclear migration,http://purl.obolibrary.org/obo/GO_0007097
GO:0007105,BP,"cytokinesis, site selection",http://purl.obolibrary.org/obo/GO_0007105
GO:0007112,BP,male meiosis cytokinesis,http://purl.obolibrary.org/obo/GO_0007112
GO:0007113,BP,endomitotic cell cycle,http://purl.obolibrary.org/obo/GO_0007113
GO:0007127,BP,meiosis I,http://purl.obolibrary.org/obo/GO_0007127
GO:0007129,BP,homologous chromosome pairing at meiosis,http://purl.obolibrary.org/obo/GO_0007129
GO:0007130,BP,synaptonemal complex assembly,http://purl.obolibrary.org/obo/GO_0007130
GO:0007131,BP,reciprocal meiotic recombination,http://purl.obolibrary.org/obo/GO_0007131
GO:0007135,BP,meiosis II,http://purl.obolibrary.org/obo/GO_0007135
GO:0007140,BP,male meiotic nuclear division,http://purl.obolibrary.org/obo/GO_0007140
GO:0007141,BP,male meiosis I,http://purl.obolibrary.org/obo/GO_0007141
GO:0007142,BP,male meiosis II,http://purl.obolibrary.org/obo/GO_0007142
GO:0007143,BP,female meiotic nuclear division,http://purl.obolibrary.org/obo/GO_0007143
GO:0007154,BP,cell communication,http://purl.obolibrary.org/obo/GO_0007154
GO:0007155,BP,cell adhesion,http://purl.obolibrary.org/obo/GO_0007155
GO:0007157,BP,heterophilic cell-cell adhesion via plasma membrane cell adhesion molecules,http://purl.obolibrary.org/obo/GO_0007157
GO:0007160,BP,cell-matrix adhesion,http://purl.obolibrary.org/obo/GO_0007160
GO:0007163,BP,establishment or maintenance of cell polarity,http://purl.obolibrary.org/obo/GO_0007163
GO:0007164,BP,establishment of tissue polarity,http://purl.obolibrary.org/obo/GO_0007164
GO:0007165,BP,signal transduction,http://purl.obolibrary.org/obo/GO_0007165
GO:0007166,BP,cell surface receptor signaling pathway,http://purl.obolibrary.org/obo/GO_0007166
GO:0007167,BP,enzyme linked receptor protein signaling pathway,http://purl.obolibrary.org/obo/GO_0007167
GO:0007168,BP,receptor guanylyl cyclase signaling pathway,http://purl.obolibrary.org/obo/GO_0007168
GO:0007178,BP,transmembrane receptor protein serine/threonine kinase signaling pathway,http://purl.obolibrary.org/obo/GO_0007178
GO:0007186,BP,G protein-coupled receptor signaling pathway,http://purl.obolibrary.org/obo/GO_0007186
GO:0007188,BP,adenylate cyclase-modulating G protein-coupled receptor signaling pathway,http://purl.obolibrary.org/obo/GO_0007188
GO:0007189,BP,adenylate cyclase-activating G protein-coupled receptor signaling pathway,http://purl.obolibrary.org/obo/GO_0007189
GO:0007202,BP,activation of phospholipase C activity,http://purl.obolibrary.org/obo/GO_0007202
GO:0007204,BP,positive regulation of cytosolic calcium ion concentration,http://purl.obolibrary.org/obo/GO_0007204
GO:0007219,BP,Notch signaling pathway,http://purl.obolibrary.org/obo/GO_0007219
GO:0007231,BP,osmosensory signaling pathway,http://purl.obolibrary.org/obo/GO_0007231
GO:0007259,BP,receptor signaling pathway via JAK-STAT,http://purl.obolibrary.org/obo/GO_0007259
GO:0007260,BP,tyrosine phosphorylation of STAT protein,http://purl.obolibrary.org/obo/GO_0007260
GO:0007263,BP,nitric oxide mediated signal transduction,http://purl.obolibrary.org/obo/GO_0007263
GO:0007264,BP,small GTPase mediated signal transduction,http://purl.obolibrary.org/obo/GO_0007264
GO:0007265,BP,Ras protein signal transduction,http://purl.obolibrary.org/obo/GO_0007265
GO:0007266,BP,Rho protein signal transduction,http://purl.obolibrary.org/obo/GO_0007266
GO:0007267,BP,cell-cell signaling,http://purl.obolibrary.org/obo/GO_0007267
GO:0007268,BP,chemical synaptic transmission,http://purl.obolibrary.org/obo/GO_0007268
GO:0007269,BP,neurotransmitter secretion,http://purl.obolibrary.org/obo/GO_0007269
GO:0007275,BP,multicellular organism development,http://purl.obolibrary.org/obo/GO_0007275
GO:0007276,BP,gamete generation,http://purl.obolibrary.org/obo/GO_0007276
GO:0007281,BP,germ cell development,http://purl.obolibrary.org/obo/GO_0007281
GO:0007283,BP,spermatogenesis,http://purl.obolibrary.org/obo/GO_0007283
GO:0007286,BP,spermatid development,http://purl.obolibrary.org/obo/GO_0007286
GO:0007292,BP,female gamete generation,http://purl.obolibrary.org/obo/GO_0007292
GO:0007338,BP,single fertilization,http://purl.obolibrary.org/obo/GO_0007338
GO:0007342,BP,fusion of sperm to egg plasma membrane involved in single fertilization,http://purl.obolibrary.org/obo/GO_0007342
GO:0007346,BP,regulation of mitotic cell cycle,http://purl.obolibrary.org/obo/GO_0007346
GO:0007349,BP,cellularization,http://purl.obolibrary.org/obo/GO_0007349
GO:0007368,BP,determination of left/right symmetry,http://purl.obolibrary.org/obo/GO_0007368
GO:0007369,BP,gastrulation,http://purl.obolibrary.org/obo/GO_0007369
GO:0007389,BP,pattern specification process,http://purl.obolibrary.org/obo/GO_0007389
GO:0007399,BP,nervous system development,http://purl.obolibrary.org/obo/GO_0007399
GO:0007417,BP,central nervous system development,http://purl.obolibrary.org/obo/GO_0007417
GO:0007420,BP,brain development,http://purl.obolibrary.org/obo/GO_0007420
GO:0007492,BP,endoderm development,http://purl.obolibrary.org/obo/GO_0007492
GO:0007584,BP,response to nutrient,http://purl.obolibrary.org/obo/GO_0007584
GO:0007585,BP,respiratory gaseous exchange by respiratory system,http://purl.obolibrary.org/obo/GO_0007585
GO:0007596,BP,blood coagulation,http://purl.obolibrary.org/obo/GO_0007596
GO:0007599,BP,hemostasis,http://purl.obolibrary.org/obo/GO_0007599
GO:0007602,BP,phototransduction,http://purl.obolibrary.org/obo/GO_0007602
GO:0007610,BP,behavior,http://purl.obolibrary.org/obo/GO_0007610
GO:0007623,BP,circadian rhythm,http://purl.obolibrary.org/obo/GO_0007623
GO:0007639,BP,homeostasis of number of meristem cells,http://purl.obolibrary.org/obo/GO_0007639
GO:0008017,MF,microtubule binding,http://purl.obolibrary.org/obo/GO_0008017
GO:0008023,CC,transcription elongation factor complex,http://purl.obolibrary.org/obo/GO_0008023
GO:0008024,CC,cyclin/CDK positive transcription elongation factor complex,http://purl.obolibrary.org/obo/GO_0008024
GO:0008028,MF,monocarboxylic acid transmembrane transporter activity,http://purl.obolibrary.org/obo/GO_0008028
GO:0008033,BP,tRNA processing,http://purl.obolibrary.org/obo/GO_0008033
GO:0008037,BP,cell recognition,http://purl.obolibrary.org/obo/GO_0008037
GO:0008047,MF,enzyme activator activity,http://purl.obolibrary.org/obo/GO_0008047
GO:0008053,BP,mitochondrial fusion,http://purl.obolibrary.org/obo/GO_0008053
GO:0008061,MF,chitin binding,http://purl.obolibrary.org/obo/GO_0008061
GO:0008064,BP,regulation of actin polymerization or depolymerization,http://purl.obolibrary.org/obo/GO_0008064
GO:0008066,MF,glutamate receptor activity,http://purl.obolibrary.org/obo/GO_0008066
GO:0008074,CC,"guanylate cyclase complex, soluble",http://purl.obolibrary.org/obo/GO_0008074
GO:0008076,CC,voltage-gated potassium channel complex,http://purl.obolibrary.org/obo/GO_0008076
GO:0008079,MF,translation termination factor activity,http://purl.obolibrary.org/obo/GO_0008079
GO:0008080,MF,N-acetyltransferase activity,http://purl.obolibrary.org/obo/GO_0008080
GO:0008081,MF,phosphoric diester hydrolase activity,http://purl.obolibrary.org/obo/GO_0008081
GO:0008083,MF,growth factor activity,http://purl.obolibrary.org/obo/GO_0008083
GO:0008088,BP,axo-dendritic transport,http://purl.obolibrary.org/obo/GO_0008088
GO:0008090,BP,retrograde axonal transport,http://purl.obolibrary.org/obo/GO_0008090
GO:0008092,MF,cytoskeletal protein binding,http://purl.obolibrary.org/obo/GO_0008092
GO:0008093,MF,cytoskeletal anchor activity,http://purl.obolibrary.org/obo/GO_0008093
GO:0008094,MF,"ATP-dependent activity, acting on DNA",http://purl.obolibrary.org/obo/GO_0008094
GO:0008097,MF,5S rRNA binding,http://purl.obolibrary.org/obo/GO_0008097
GO:0008104,BP,protein localization,http://purl.obolibrary.org/obo/GO_0008104
GO:0008106,MF,alcohol dehydrogenase (NADP+) activity,http://purl.obolibrary.org/obo/GO_0008106
GO:0008113,MF,peptide-methionine (S)-S-oxide reductase activity,http://purl.obolibrary.org/obo/GO_0008113
GO:0008114,MF,phosphogluconate 2-dehydrogenase activity,http://purl.obolibrary.org/obo/GO_0008114
GO:0008115,MF,sarcosine oxidase activity,http://purl.obolibrary.org/obo/GO_0008115
GO:0008117,MF,sphinganine-1-phosphate aldolase activity,http://purl.obolibrary.org/obo/GO_0008117
GO:0008119,MF,thiopurine S-methyltransferase activity,http://purl.obolibrary.org/obo/GO_0008119
GO:0008120,MF,ceramide glucosyltransferase activity,http://purl.obolibrary.org/obo/GO_0008120
GO:0008121,MF,ubiquinol-cytochrome-c reductase activity,http://purl.obolibrary.org/obo/GO_0008121
GO:0008124,MF,4-alpha-hydroxytetrahydrobiopterin dehydratase activity,http://purl.obolibrary.org/obo/GO_0008124
GO:0008126,MF,acetylesterase activity,http://purl.obolibrary.org/obo/GO_0008126
GO:0008131,MF,primary amine oxidase activity,http://purl.obolibrary.org/obo/GO_0008131
GO:0008134,MF,transcription factor binding,http://purl.obolibrary.org/obo/GO_0008134
GO:0008135,MF,"translation factor activity, RNA binding",http://purl.obolibrary.org/obo/GO_0008135
GO:0008137,MF,NADH dehydrogenase (ubiquinone) activity,http://purl.obolibrary.org/obo/GO_0008137
GO:0008138,MF,protein tyrosine/serine/threonine phosphatase activity,http://purl.obolibrary.org/obo/GO_0008138
GO:0008139,MF,nuclear localization sequence binding,http://purl.obolibrary.org/obo/GO_0008139
GO:0008143,MF,poly(A) binding,http://purl.obolibrary.org/obo/GO_0008143
GO:0008146,MF,sulfotransferase activity,http://purl.obolibrary.org/obo/GO_0008146
GO:0008150,BP,biological_process,http://purl.obolibrary.org/obo/GO_0008150
GO:0008152,BP,metabolic process,http://purl.obolibrary.org/obo/GO_0008152
GO:0008153,BP,para-aminobenzoic acid biosynthetic process,http://purl.obolibrary.org/obo/GO_0008153
GO:0008154,BP,actin polymerization or depolymerization,http://purl.obolibrary.org/obo/GO_0008154
GO:0008156,BP,negative regulation of DNA replication,http://purl.obolibrary.org/obo/GO_0008156
GO:0008157,MF,protein phosphatase 1 binding,http://purl.obolibrary.org/obo/GO_0008157
GO:0008160,MF,protein tyrosine phosphatase activator activity,http://purl.obolibrary.org/obo/GO_0008160
GO:0008168,MF,methyltransferase activity,http://purl.obolibrary.org/obo/GO_0008168
GO:0008169,MF,C-methyltransferase activity,http://purl.obolibrary.org/obo/GO_0008169
GO:0008170,MF,N-methyltransferase activity,http://purl.obolibrary.org/obo/GO_0008170
GO:0008171,MF,O-methyltransferase activity,http://purl.obolibrary.org/obo/GO_0008171
GO:0008172,MF,S-methyltransferase activity,http://purl.obolibrary.org/obo/GO_0008172
GO:0008173,MF,RNA methyltransferase activity,http://purl.obolibrary.org/obo/GO_0008173
GO:0008174,MF,mRNA methyltransferase activity,http://purl.obolibrary.org/obo/GO_0008174
GO:0008175,MF,tRNA methyltransferase activity,http://purl.obolibrary.org/obo/GO_0008175
GO:0008176,MF,tRNA (guanine-N7-)-methyltransferase activity,http://purl.obolibrary.org/obo/GO_0008176
GO:0008177,MF,succinate dehydrogenase (ubiquinone) activity,http://purl.obolibrary.org/obo/GO_0008177
GO:0008179,MF,adenylate cyclase binding,http://purl.obolibrary.org/obo/GO_0008179
GO:0008180,CC,COP9 signalosome,http://purl.obolibrary.org/obo/GO_0008180
GO:0008184,MF,glycogen phosphorylase activity,http://purl.obolibrary.org/obo/GO_0008184
GO:0008186,MF,"ATP-dependent activity, acting on RNA",http://purl.obolibrary.org/obo/GO_0008186
GO:0008187,MF,poly-pyrimidine tract binding,http://purl.obolibrary.org/obo/GO_0008187
GO:0008192,MF,RNA guanylyltransferase activity,http://purl.obolibrary.org/obo/GO_0008192
GO:0008193,MF,tRNA guanylyltransferase activity,http://purl.obolibrary.org/obo/GO_0008193
GO:0008194,MF,UDP-glycosyltransferase activity,http://purl.obolibrary.org/obo/GO_0008194
GO:0008195,MF,phosphatidate phosphatase activity,http://purl.obolibrary.org/obo/GO_0008195
GO:0008198,MF,ferrous iron binding,http://purl.obolibrary.org/obo/GO_0008198
GO:0008199,MF,ferric iron binding,http://purl.obolibrary.org/obo/GO_0008199
GO:0008202,BP,steroid metabolic process,http://purl.obolibrary.org/obo/GO_0008202
GO:0008203,BP,cholesterol metabolic process,http://purl.obolibrary.org/obo/GO_0008203
GO:0008213,BP,protein alkylation,http://purl.obolibrary.org/obo/GO_0008213
GO:0008215,BP,spermine metabolic process,http://purl.obolibrary.org/obo/GO_0008215
GO:0008216,BP,spermidine metabolic process,http://purl.obolibrary.org/obo/GO_0008216
GO:0008219,BP,cell death,http://purl.obolibrary.org/obo/GO_0008219
GO:0008233,MF,peptidase activity,http://purl.obolibrary.org/obo/GO_0008233
GO:0008234,MF,cysteine-type peptidase activity,http://purl.obolibrary.org/obo/GO_0008234
GO:0008235,MF,metalloexopeptidase activity,http://purl.obolibrary.org/obo/GO_0008235
GO:0008236,MF,serine-type peptidase activity,http://purl.obolibrary.org/obo/GO_0008236
GO:0008237,MF,metallopeptidase activity,http://purl.obolibrary.org/obo/GO_0008237
GO:0008238,MF,exopeptidase activity,http://purl.obolibrary.org/obo/GO_0008238
GO:0008239,MF,dipeptidyl-peptidase activity,http://purl.obolibrary.org/obo/GO_0008239
GO:0008240,MF,tripeptidyl-peptidase activity,http://purl.obolibrary.org/obo/GO_0008240
GO:0008242,MF,omega peptidase activity,http://purl.obolibrary.org/obo/GO_0008242
GO:0008250,CC,oligosaccharyltransferase complex,http://purl.obolibrary.org/obo/GO_0008250
GO:0008251,MF,tRNA-specific adenosine deaminase activity,http://purl.obolibrary.org/obo/GO_0008251
GO:0008252,MF,nucleotidase activity,http://purl.obolibrary.org/obo/GO_0008252
GO:0008253,MF,5'-nucleotidase activity,http://purl.obolibrary.org/obo/GO_0008253
GO:0008263,MF,pyrimidine-specific mismatch base pair DNA N-glycosylase activity,http://purl.obolibrary.org/obo/GO_0008263
GO:0008265,MF,Mo-molybdopterin cofactor sulfurase activity,http://purl.obolibrary.org/obo/GO_0008265
GO:0008266,MF,poly(U) RNA binding,http://purl.obolibrary.org/obo/GO_0008266
GO:0008270,MF,zinc ion binding,http://purl.obolibrary.org/obo/GO_0008270
GO:0008272,BP,sulfate transport,http://purl.obolibrary.org/obo/GO_0008272
GO:0008276,MF,protein methyltransferase activity,http://purl.obolibrary.org/obo/GO_0008276
GO:0008278,CC,cohesin complex,http://purl.obolibrary.org/obo/GO_0008278
GO:0008281,MF,sulfonylurea receptor activity,http://purl.obolibrary.org/obo/GO_0008281
GO:0008283,BP,cell population proliferation,http://purl.obolibrary.org/obo/GO_0008283
GO:0008284,BP,positive regulation of cell population proliferation,http://purl.obolibrary.org/obo/GO_0008284
GO:0008285,BP,negative regulation of cell population proliferation,http://purl.obolibrary.org/obo/GO_0008285
GO:0008287,CC,protein serine/threonine phosphatase complex,http://purl.obolibrary.org/obo/GO_0008287
GO:0008289,MF,lipid binding,http://purl.obolibrary.org/obo/GO_0008289
GO:0008290,CC,F-actin capping protein complex,http://purl.obolibrary.org/obo/GO_0008290
GO:0008291,BP,acetylcholine metabolic process,http://purl.obolibrary.org/obo/GO_0008291
GO:0008295,BP,spermidine biosynthetic process,http://purl.obolibrary.org/obo/GO_0008295
GO:0008296,MF,3'-5'-exodeoxyribonuclease activity,http://purl.obolibrary.org/obo/GO_0008296
GO:0008297,MF,single-stranded DNA exodeoxyribonuclease activity,http://purl.obolibrary.org/obo/GO_0008297
GO:0008298,BP,intracellular mRNA localization,http://purl.obolibrary.org/obo/GO_0008298
GO:0008299,BP,isoprenoid biosynthetic process,http://purl.obolibrary.org/obo/GO_0008299
GO:0008300,BP,isoprenoid catabolic process,http://purl.obolibrary.org/obo/GO_0008300
GO:0008301,MF,"DNA binding, bending",http://purl.obolibrary.org/obo/GO_0008301
GO:0008303,CC,caspase complex,http://purl.obolibrary.org/obo/GO_0008303
GO:0008308,MF,voltage-gated anion channel activity,http://purl.obolibrary.org/obo/GO_0008308
GO:0008309,MF,double-stranded DNA exodeoxyribonuclease activity,http://purl.obolibrary.org/obo/GO_0008309
GO:0008310,MF,single-stranded DNA 3'-5' exodeoxyribonuclease activity,http://purl.obolibrary.org/obo/GO_0008310
GO:0008311,MF,double-stranded DNA 3'-5' exodeoxyribonuclease activity,http://purl.obolibrary.org/obo/GO_0008311
GO:0008312,MF,7S RNA binding,http://purl.obolibrary.org/obo/GO_0008312
GO:0008315,BP,G2/MI transition of meiotic cell cycle,http://purl.obolibrary.org/obo/GO_0008315
GO:0008318,MF,protein prenyltransferase activity,http://purl.obolibrary.org/obo/GO_0008318
GO:0008320,MF,protein transmembrane transporter activity,http://purl.obolibrary.org/obo/GO_0008320
GO:0008324,MF,cation transmembrane transporter activity,http://purl.obolibrary.org/obo/GO_0008324
GO:0008327,MF,methyl-CpG binding,http://purl.obolibrary.org/obo/GO_0008327
GO:0008330,MF,protein tyrosine/threonine phosphatase activity,http://purl.obolibrary.org/obo/GO_0008330
GO:0008331,MF,high voltage-gated calcium channel activity,http://purl.obolibrary.org/obo/GO_0008331
GO:0008333,BP,endosome to lysosome transport,http://purl.obolibrary.org/obo/GO_0008333
GO:0008334,BP,histone mRNA metabolic process,http://purl.obolibrary.org/obo/GO_0008334
GO:0008352,CC,katanin complex,http://purl.obolibrary.org/obo/GO_0008352
GO:0008353,MF,RNA polymerase II CTD heptapeptide repeat kinase activity,http://purl.obolibrary.org/obo/GO_0008353
GO:0008356,BP,asymmetric cell division,http://purl.obolibrary.org/obo/GO_0008356
GO:0008360,BP,regulation of cell shape,http://purl.obolibrary.org/obo/GO_0008360
GO:0008361,BP,regulation of cell size,http://purl.obolibrary.org/obo/GO_0008361
GO:0008373,MF,sialyltransferase activity,http://purl.obolibrary.org/obo/GO_0008373
GO:0008374,MF,O-acyltransferase activity,http://purl.obolibrary.org/obo/GO_0008374
GO:0008375,MF,acetylglucosaminyltransferase activity,http://purl.obolibrary.org/obo/GO_0008375
GO:0008376,MF,acetylgalactosaminyltransferase activity,http://purl.obolibrary.org/obo/GO_0008376
GO:0008378,MF,galactosyltransferase activity,http://purl.obolibrary.org/obo/GO_0008378
GO:0008379,MF,thioredoxin peroxidase activity,http://purl.obolibrary.org/obo/GO_0008379
GO:0008380,BP,RNA splicing,http://purl.obolibrary.org/obo/GO_0008380
GO:0008381,MF,mechanosensitive ion channel activity,http://purl.obolibrary.org/obo/GO_0008381
GO:0008395,MF,steroid hydroxylase activity,http://purl.obolibrary.org/obo/GO_0008395
GO:0008398,MF,sterol 14-demethylase activity,http://purl.obolibrary.org/obo/GO_0008398
GO:0008408,MF,3'-5' exonuclease activity,http://purl.obolibrary.org/obo/GO_0008408
GO:0008409,MF,5'-3' exonuclease activity,http://purl.obolibrary.org/obo/GO_0008409
GO:0008413,MF,"8-oxo-7,8-dihydroguanosine triphosphate pyrophosphatase activity",http://purl.obolibrary.org/obo/GO_0008413
GO:0008417,MF,fucosyltransferase activity,http://purl.obolibrary.org/obo/GO_0008417
GO:0008418,MF,protein-N-terminal asparagine amidohydrolase activity,http://purl.obolibrary.org/obo/GO_0008418
GO:0008419,MF,RNA lariat debranching enzyme activity,http://purl.obolibrary.org/obo/GO_0008419
GO:0008420,MF,RNA polymerase II CTD heptapeptide repeat phosphatase activity,http://purl.obolibrary.org/obo/GO_0008420
GO:0008422,MF,beta-glucosidase activity,http://purl.obolibrary.org/obo/GO_0008422
GO:0008425,MF,"2-polyprenyl-6-methoxy-1,4-benzoquinone methyltransferase activity",http://purl.obolibrary.org/obo/GO_0008425
GO:0008426,MF,protein kinase C inhibitor activity,http://purl.obolibrary.org/obo/GO_0008426
GO:0008429,MF,phosphatidylethanolamine binding,http://purl.obolibrary.org/obo/GO_0008429
GO:0008430,MF,selenium binding,http://purl.obolibrary.org/obo/GO_0008430
GO:0008440,MF,"inositol-1,4,5-trisphosphate 3-kinase activity",http://purl.obolibrary.org/obo/GO_0008440
GO:0008441,MF,"3'(2'),5'-bisphosphate nucleotidase activity",http://purl.obolibrary.org/obo/GO_0008441
GO:0008442,MF,3-hydroxyisobutyrate dehydrogenase activity,http://purl.obolibrary.org/obo/GO_0008442
GO:0008443,MF,phosphofructokinase activity,http://purl.obolibrary.org/obo/GO_0008443
GO:0008444,MF,CDP-diacylglycerol-glycerol-3-phosphate 3-phosphatidyltransferase activity,http://purl.obolibrary.org/obo/GO_0008444
GO:0008445,MF,D-aspartate oxidase activity,http://purl.obolibrary.org/obo/GO_0008445
GO:0008446,MF,"GDP-mannose 4,6-dehydratase activity",http://purl.obolibrary.org/obo/GO_0008446
GO:0008447,MF,L-ascorbate oxidase activity,http://purl.obolibrary.org/obo/GO_0008447
GO:0008448,MF,N-acetylglucosamine-6-phosphate deacetylase activity,http://purl.obolibrary.org/obo/GO_0008448
GO:0008449,MF,N-acetylglucosamine-6-sulfatase activity,http://purl.obolibrary.org/obo/GO_0008449
GO:0008452,MF,RNA ligase activity,http://purl.obolibrary.org/obo/GO_0008452
GO:0008453,MF,alanine-glyoxylate transaminase activity,http://purl.obolibrary.org/obo/GO_0008453
GO:0008455,MF,"alpha-1,6-mannosylglycoprotein 2-beta-N-acetylglucosaminyltransferase activity",http://purl.obolibrary.org/obo/GO_0008455
GO:0008460,MF,"dTDP-glucose 4,6-dehydratase activity",http://purl.obolibrary.org/obo/GO_0008460
GO:0008465,MF,glycerate dehydrogenase activity,http://purl.obolibrary.org/obo/GO_0008465
GO:0008469,MF,histone-arginine N-methyltransferase activity,http://purl.obolibrary.org/obo/GO_0008469
GO:0008470,MF,isovaleryl-CoA dehydrogenase activity,http://purl.obolibrary.org/obo/GO_0008470
GO:0008473,MF,ornithine cyclodeaminase activity,http://purl.obolibrary.org/obo/GO_0008473
GO:0008474,MF,palmitoyl-(protein) hydrolase activity,http://purl.obolibrary.org/obo/GO_0008474
GO:0008476,MF,protein-tyrosine sulfotransferase activity,http://purl.obolibrary.org/obo/GO_0008476
GO:0008477,MF,purine nucleosidase activity,http://purl.obolibrary.org/obo/GO_0008477
GO:0008478,MF,pyridoxal kinase activity,http://purl.obolibrary.org/obo/GO_0008478
GO:0008479,MF,queuine tRNA-ribosyltransferase activity,http://purl.obolibrary.org/obo/GO_0008479
GO:0008481,MF,sphinganine kinase activity,http://purl.obolibrary.org/obo/GO_0008481
GO:0008482,MF,sulfite oxidase activity,http://purl.obolibrary.org/obo/GO_0008482
GO:0008483,MF,transaminase activity,http://purl.obolibrary.org/obo/GO_0008483
GO:0008484,MF,sulfuric ester hydrolase activity,http://purl.obolibrary.org/obo/GO_0008484
GO:0008486,MF,diphosphoinositol-polyphosphate diphosphatase activity,http://purl.obolibrary.org/obo/GO_0008486
GO:0008494,MF,translation activator activity,http://purl.obolibrary.org/obo/GO_0008494
GO:0008495,MF,protoheme IX farnesyltransferase activity,http://purl.obolibrary.org/obo/GO_0008495
GO:0008502,MF,melatonin receptor activity,http://purl.obolibrary.org/obo/GO_0008502
GO:0008506,MF,sucrose:proton symporter activity,http://purl.obolibrary.org/obo/GO_0008506
GO:0008509,MF,anion transmembrane transporter activity,http://purl.obolibrary.org/obo/GO_0008509
GO:0008511,MF,sodium:potassium:chloride symporter activity,http://purl.obolibrary.org/obo/GO_0008511
GO:0008514,MF,organic anion transmembrane transporter activity,http://purl.obolibrary.org/obo/GO_0008514
GO:0008515,MF,sucrose transmembrane transporter activity,http://purl.obolibrary.org/obo/GO_0008515
GO:0008517,MF,folic acid transmembrane transporter activity,http://purl.obolibrary.org/obo/GO_0008517
GO:0008519,MF,ammonium transmembrane transporter activity,http://purl.obolibrary.org/obo/GO_0008519
GO:0008525,MF,phosphatidylcholine transporter activity,http://purl.obolibrary.org/obo/GO_0008525
GO:0008526,MF,phosphatidylinositol transfer activity,http://purl.obolibrary.org/obo/GO_0008526
GO:0008531,MF,riboflavin kinase activity,http://purl.obolibrary.org/obo/GO_0008531
GO:0008534,MF,oxidized purine nucleobase lesion DNA N-glycosylase activity,http://purl.obolibrary.org/obo/GO_0008534
GO:0008535,BP,respiratory chain complex IV assembly,http://purl.obolibrary.org/obo/GO_0008535
GO:0008540,CC,"proteasome regulatory particle, base subcomplex",http://purl.obolibrary.org/obo/GO_0008540
GO:0008541,CC,"proteasome regulatory particle, lid subcomplex",http://purl.obolibrary.org/obo/GO_0008541
GO:0008544,BP,epidermis development,http://purl.obolibrary.org/obo/GO_0008544
GO:0008553,MF,P-type proton-exporting transporter activity,http://purl.obolibrary.org/obo/GO_0008553
GO:0008554,MF,P-type sodium transporter activity,http://purl.obolibrary.org/obo/GO_0008554
GO:0008556,MF,P-type potassium transmembrane transporter activity,http://purl.obolibrary.org/obo/GO_0008556
GO:0008559,MF,ABC-type xenobiotic transporter activity,http://purl.obolibrary.org/obo/GO_0008559
GO:0008569,MF,minus-end-directed microtubule motor activity,http://purl.obolibrary.org/obo/GO_0008569
GO:0008574,MF,plus-end-directed microtubule motor activity,http://purl.obolibrary.org/obo/GO_0008574
GO:0008579,MF,JUN kinase phosphatase activity,http://purl.obolibrary.org/obo/GO_0008579
GO:0008597,MF,calcium-dependent protein serine/threonine phosphatase regulator activity,http://purl.obolibrary.org/obo/GO_0008597
GO:0008603,MF,cAMP-dependent protein kinase regulator activity,http://purl.obolibrary.org/obo/GO_0008603
GO:0008608,BP,attachment of spindle microtubules to kinetochore,http://purl.obolibrary.org/obo/GO_0008608
GO:0008610,BP,lipid biosynthetic process,http://purl.obolibrary.org/obo/GO_0008610
GO:0008612,BP,peptidyl-lysine modification to peptidyl-hypusine,http://purl.obolibrary.org/obo/GO_0008612
GO:0008614,BP,pyridoxine metabolic process,http://purl.obolibrary.org/obo/GO_0008614
GO:0008615,BP,pyridoxine biosynthetic process,http://purl.obolibrary.org/obo/GO_0008615
GO:0008618,BP,7-methylguanosine metabolic process,http://purl.obolibrary.org/obo/GO_0008618
GO:0008622,CC,epsilon DNA polymerase complex,http://purl.obolibrary.org/obo/GO_0008622
GO:0008623,CC,CHRAC,http://purl.obolibrary.org/obo/GO_0008623
GO:0008641,MF,ubiquitin-like modifier activating enzyme activity,http://purl.obolibrary.org/obo/GO_0008641
GO:0008643,BP,carbohydrate transport,http://purl.obolibrary.org/obo/GO_0008643
GO:0008645,BP,hexose transmembrane transport,http://purl.obolibrary.org/obo/GO_0008645
GO:0008649,MF,rRNA methyltransferase activity,http://purl.obolibrary.org/obo/GO_0008649
GO:0008650,MF,rRNA (uridine-2'-O-)-methyltransferase activity,http://purl.obolibrary.org/obo/GO_0008650
GO:0008652,BP,cellular amino acid biosynthetic process,http://purl.obolibrary.org/obo/GO_0008652
GO:0008654,BP,phospholipid biosynthetic process,http://purl.obolibrary.org/obo/GO_0008654
GO:0008655,BP,pyrimidine-containing compound salvage,http://purl.obolibrary.org/obo/GO_0008655
GO:0008658,MF,penicillin binding,http://purl.obolibrary.org/obo/GO_0008658
GO:0008660,MF,1-aminocyclopropane-1-carboxylate deaminase activity,http://purl.obolibrary.org/obo/GO_0008660
GO:0008661,MF,1-deoxy-D-xylulose-5-phosphate synthase activity,http://purl.obolibrary.org/obo/GO_0008661
GO:0008663,MF,"2',3'-cyclic-nucleotide 2'-phosphodiesterase activity",http://purl.obolibrary.org/obo/GO_0008663
GO:0008676,MF,3-deoxy-8-phosphooctulonate synthase activity,http://purl.obolibrary.org/obo/GO_0008676
GO:0008677,MF,2-dehydropantoate 2-reductase activity,http://purl.obolibrary.org/obo/GO_0008677
GO:0008682,MF,"2-octoprenyl-3-methyl-6-methoxy-1,4-benzoquinone hydroxylase activity",http://purl.obolibrary.org/obo/GO_0008682
GO:0008685,MF,"2-C-methyl-D-erythritol 2,4-cyclodiphosphate synthase activity",http://purl.obolibrary.org/obo/GO_0008685
GO:0008686,MF,"3,4-dihydroxy-2-butanone-4-phosphate synthase activity",http://purl.obolibrary.org/obo/GO_0008686
GO:0008690,MF,3-deoxy-manno-octulosonate cytidylyltransferase activity,http://purl.obolibrary.org/obo/GO_0008690
GO:0008692,MF,3-hydroxybutyryl-CoA epimerase activity,http://purl.obolibrary.org/obo/GO_0008692
GO:0008697,MF,4-deoxy-L-threo-5-hexosulose-uronate ketol-isomerase activity,http://purl.obolibrary.org/obo/GO_0008697
GO:0008703,MF,5-amino-6-(5-phosphoribosylamino)uracil reductase activity,http://purl.obolibrary.org/obo/GO_0008703
GO:0008705,MF,methionine synthase activity,http://purl.obolibrary.org/obo/GO_0008705
GO:0008709,MF,cholate 7-alpha-dehydrogenase activity,http://purl.obolibrary.org/obo/GO_0008709
GO:0008716,MF,D-alanine-D-alanine ligase activity,http://purl.obolibrary.org/obo/GO_0008716
GO:0008720,MF,D-lactate dehydrogenase activity,http://purl.obolibrary.org/obo/GO_0008720
GO:0008721,MF,D-serine ammonia-lyase activity,http://purl.obolibrary.org/obo/GO_0008721
GO:0008725,MF,DNA-3-methyladenine glycosylase activity,http://purl.obolibrary.org/obo/GO_0008725
GO:0008728,MF,GTP diphosphokinase activity,http://purl.obolibrary.org/obo/GO_0008728
GO:0008732,MF,L-allo-threonine aldolase activity,http://purl.obolibrary.org/obo/GO_0008732
GO:0008743,MF,L-threonine 3-dehydrogenase activity,http://purl.obolibrary.org/obo/GO_0008743
GO:0008746,MF,NAD(P)+ transhydrogenase activity,http://purl.obolibrary.org/obo/GO_0008746
GO:0008757,MF,S-adenosylmethionine-dependent methyltransferase activity,http://purl.obolibrary.org/obo/GO_0008757
GO:0008759,MF,UDP-3-O-[3-hydroxymyristoyl] N-acetylglucosamine deacetylase activity,http://purl.obolibrary.org/obo/GO_0008759
GO:0008762,MF,UDP-N-acetylmuramate dehydrogenase activity,http://purl.obolibrary.org/obo/GO_0008762
GO:0008770,MF,[acyl-carrier-protein] phosphodiesterase activity,http://purl.obolibrary.org/obo/GO_0008770
GO:0008774,MF,acetaldehyde dehydrogenase (acetylating) activity,http://purl.obolibrary.org/obo/GO_0008774
GO:0008776,MF,acetate kinase activity,http://purl.obolibrary.org/obo/GO_0008776
GO:0008777,MF,acetylornithine deacetylase activity,http://purl.obolibrary.org/obo/GO_0008777
GO:0008780,MF,acyl-[acyl-carrier-protein]-UDP-N-acetylglucosamine O-acyltransferase activity,http://purl.obolibrary.org/obo/GO_0008780
GO:0008783,MF,agmatinase activity,http://purl.obolibrary.org/obo/GO_0008783
GO:0008784,MF,alanine racemase activity,http://purl.obolibrary.org/obo/GO_0008784
GO:0008792,MF,arginine decarboxylase activity,http://purl.obolibrary.org/obo/GO_0008792
GO:0008793,MF,aromatic-amino-acid:2-oxoglutarate aminotransferase activity,http://purl.obolibrary.org/obo/GO_0008793
GO:0008794,MF,arsenate reductase (glutaredoxin) activity,http://purl.obolibrary.org/obo/GO_0008794
GO:0008796,MF,bis(5'-nucleosyl)-tetraphosphatase activity,http://purl.obolibrary.org/obo/GO_0008796
GO:0008798,MF,beta-aspartyl-peptidase activity,http://purl.obolibrary.org/obo/GO_0008798
GO:0008800,MF,beta-lactamase activity,http://purl.obolibrary.org/obo/GO_0008800
GO:0008801,MF,beta-phosphoglucomutase activity,http://purl.obolibrary.org/obo/GO_0008801
GO:0008802,MF,betaine-aldehyde dehydrogenase activity,http://purl.obolibrary.org/obo/GO_0008802
GO:0008808,MF,cardiolipin synthase activity,http://purl.obolibrary.org/obo/GO_0008808
GO:0008810,MF,cellulase activity,http://purl.obolibrary.org/obo/GO_0008810
GO:0008812,MF,choline dehydrogenase activity,http://purl.obolibrary.org/obo/GO_0008812
GO:0008817,MF,"cob(I)yrinic acid a,c-diamide adenosyltransferase activity",http://purl.obolibrary.org/obo/GO_0008817
GO:0008821,MF,crossover junction endodeoxyribonuclease activity,http://purl.obolibrary.org/obo/GO_0008821
GO:0008824,MF,cyanate hydratase activity,http://purl.obolibrary.org/obo/GO_0008824
GO:0008830,MF,"dTDP-4-dehydrorhamnose 3,5-epimerase activity",http://purl.obolibrary.org/obo/GO_0008830
GO:0008831,MF,dTDP-4-dehydrorhamnose reductase activity,http://purl.obolibrary.org/obo/GO_0008831
GO:0008832,MF,dGTPase activity,http://purl.obolibrary.org/obo/GO_0008832
GO:0008835,MF,diaminohydroxyphosphoribosylaminopyrimidine deaminase activity,http://purl.obolibrary.org/obo/GO_0008835
GO:0008836,MF,diaminopimelate decarboxylase activity,http://purl.obolibrary.org/obo/GO_0008836
GO:0008837,MF,diaminopimelate epimerase activity,http://purl.obolibrary.org/obo/GO_0008837
GO:0008839,MF,4-hydroxy-tetrahydrodipicolinate reductase,http://purl.obolibrary.org/obo/GO_0008839
GO:0008840,MF,4-hydroxy-tetrahydrodipicolinate synthase activity,http://purl.obolibrary.org/obo/GO_0008840
GO:0008841,MF,dihydrofolate synthase activity,http://purl.obolibrary.org/obo/GO_0008841
GO:0008843,MF,endochitinase activity,http://purl.obolibrary.org/obo/GO_0008843
GO:0008861,MF,formate C-acetyltransferase activity,http://purl.obolibrary.org/obo/GO_0008861
GO:0008863,MF,formate dehydrogenase (NAD+) activity,http://purl.obolibrary.org/obo/GO_0008863
GO:0008865,MF,fructokinase activity,http://purl.obolibrary.org/obo/GO_0008865
GO:0008870,MF,galactoside O-acetyltransferase activity,http://purl.obolibrary.org/obo/GO_0008870
GO:0008876,MF,quinoprotein glucose dehydrogenase activity,http://purl.obolibrary.org/obo/GO_0008876
GO:0008878,MF,glucose-1-phosphate adenylyltransferase activity,http://purl.obolibrary.org/obo/GO_0008878
GO:0008883,MF,glutamyl-tRNA reductase activity,http://purl.obolibrary.org/obo/GO_0008883
GO:0008886,MF,glyceraldehyde-3-phosphate dehydrogenase (NADP+) (non-phosphorylating) activity,http://purl.obolibrary.org/obo/GO_0008886
GO:0008887,MF,glycerate kinase activity,http://purl.obolibrary.org/obo/GO_0008887
GO:0008889,MF,glycerophosphodiester phosphodiesterase activity,http://purl.obolibrary.org/obo/GO_0008889
GO:0008892,MF,guanine deaminase activity,http://purl.obolibrary.org/obo/GO_0008892
GO:0008893,MF,"guanosine-3',5'-bis(diphosphate) 3'-diphosphatase activity",http://purl.obolibrary.org/obo/GO_0008893
GO:0008897,MF,holo-[acyl-carrier-protein] synthase activity,http://purl.obolibrary.org/obo/GO_0008897
GO:0008898,MF,S-adenosylmethionine-homocysteine S-methyltransferase activity,http://purl.obolibrary.org/obo/GO_0008898
GO:0008900,MF,P-type potassium:proton transporter activity,http://purl.obolibrary.org/obo/GO_0008900
GO:0008902,MF,hydroxymethylpyrimidine kinase activity,http://purl.obolibrary.org/obo/GO_0008902
GO:0008903,MF,hydroxypyruvate isomerase activity,http://purl.obolibrary.org/obo/GO_0008903
GO:0008909,MF,isochorismate synthase activity,http://purl.obolibrary.org/obo/GO_0008909
GO:0008911,MF,lactaldehyde dehydrogenase activity,http://purl.obolibrary.org/obo/GO_0008911
GO:0008915,MF,lipid-A-disaccharide synthase activity,http://purl.obolibrary.org/obo/GO_0008915
GO:0008922,MF,long-chain fatty acid [acyl-carrier-protein] ligase activity,http://purl.obolibrary.org/obo/GO_0008922
GO:0008923,MF,lysine decarboxylase activity,http://purl.obolibrary.org/obo/GO_0008923
GO:0008928,MF,mannose-1-phosphate guanylyltransferase (GDP) activity,http://purl.obolibrary.org/obo/GO_0008928
GO:0008930,MF,methylthioadenosine nucleosidase activity,http://purl.obolibrary.org/obo/GO_0008930
GO:0008933,MF,lytic transglycosylase activity,http://purl.obolibrary.org/obo/GO_0008933
GO:0008934,MF,inositol monophosphate 1-phosphatase activity,http://purl.obolibrary.org/obo/GO_0008934
GO:0008935,MF,"1,4-dihydroxy-2-naphthoyl-CoA synthase activity",http://purl.obolibrary.org/obo/GO_0008935
GO:0008936,MF,nicotinamidase activity,http://purl.obolibrary.org/obo/GO_0008936
GO:0008937,MF,ferredoxin-NAD(P) reductase activity,http://purl.obolibrary.org/obo/GO_0008937
GO:0008938,MF,nicotinate N-methyltransferase activity,http://purl.obolibrary.org/obo/GO_0008938
GO:0008940,MF,nitrate reductase activity,http://purl.obolibrary.org/obo/GO_0008940
GO:0008948,MF,oxaloacetate decarboxylase activity,http://purl.obolibrary.org/obo/GO_0008948
GO:0008955,MF,peptidoglycan glycosyltransferase activity,http://purl.obolibrary.org/obo/GO_0008955
GO:0008957,MF,phenylacetaldehyde dehydrogenase activity,http://purl.obolibrary.org/obo/GO_0008957
GO:0008962,MF,phosphatidylglycerophosphatase activity,http://purl.obolibrary.org/obo/GO_0008962
GO:0008963,MF,phospho-N-acetylmuramoyl-pentapeptide-transferase activity,http://purl.obolibrary.org/obo/GO_0008963
GO:0008964,MF,phosphoenolpyruvate carboxylase activity,http://purl.obolibrary.org/obo/GO_0008964
GO:0008967,MF,phosphoglycolate phosphatase activity,http://purl.obolibrary.org/obo/GO_0008967
GO:0008970,MF,phospholipase A1 activity,http://purl.obolibrary.org/obo/GO_0008970
GO:0008972,MF,phosphomethylpyrimidine kinase activity,http://purl.obolibrary.org/obo/GO_0008972
GO:0008973,MF,phosphopentomutase activity,http://purl.obolibrary.org/obo/GO_0008973
GO:0008974,MF,phosphoribulokinase activity,http://purl.obolibrary.org/obo/GO_0008974
GO:0008987,MF,quinolinate synthetase A activity,http://purl.obolibrary.org/obo/GO_0008987
GO:0008988,MF,rRNA (adenine-N6-)-methyltransferase activity,http://purl.obolibrary.org/obo/GO_0008988
GO:0008990,MF,rRNA (guanine-N2-)-methyltransferase activity,http://purl.obolibrary.org/obo/GO_0008990
GO:0008999,MF,ribosomal-protein-alanine N-acetyltransferase activity,http://purl.obolibrary.org/obo/GO_0008999
GO:0009000,MF,selenocysteine lyase activity,http://purl.obolibrary.org/obo/GO_0009000
GO:0009001,MF,serine O-acetyltransferase activity,http://purl.obolibrary.org/obo/GO_0009001
GO:0009007,MF,site-specific DNA-methyltransferase (adenine-specific) activity,http://purl.obolibrary.org/obo/GO_0009007
GO:0009008,MF,DNA-methyltransferase activity,http://purl.obolibrary.org/obo/GO_0009008
GO:0009010,MF,sorbitol-6-phosphate 2-dehydrogenase activity,http://purl.obolibrary.org/obo/GO_0009010
GO:0009011,MF,starch synthase activity,http://purl.obolibrary.org/obo/GO_0009011
GO:0009013,MF,succinate-semialdehyde dehydrogenase [NAD(P)+] activity,http://purl.obolibrary.org/obo/GO_0009013
GO:0009029,MF,tetraacyldisaccharide 4'-kinase activity,http://purl.obolibrary.org/obo/GO_0009029
GO:0009039,MF,urease activity,http://purl.obolibrary.org/obo/GO_0009039
GO:0009041,MF,uridylate kinase activity,http://purl.obolibrary.org/obo/GO_0009041
GO:0009044,MF,"xylan 1,4-beta-xylosidase activity",http://purl.obolibrary.org/obo/GO_0009044
GO:0009051,BP,"pentose-phosphate shunt, oxidative branch",http://purl.obolibrary.org/obo/GO_0009051
GO:0009052,BP,"pentose-phosphate shunt, non-oxidative branch",http://purl.obolibrary.org/obo/GO_0009052
GO:0009055,MF,electron transfer activity,http://purl.obolibrary.org/obo/GO_0009055
GO:0009056,BP,catabolic process,http://purl.obolibrary.org/obo/GO_0009056
GO:0009057,BP,macromolecule catabolic process,http://purl.obolibrary.org/obo/GO_0009057
GO:0009058,BP,biosynthetic process,http://purl.obolibrary.org/obo/GO_0009058
GO:0009059,BP,macromolecule biosynthetic process,http://purl.obolibrary.org/obo/GO_0009059
GO:0009060,BP,aerobic respiration,http://purl.obolibrary.org/obo/GO_0009060
GO:0009061,BP,anaerobic respiration,http://purl.obolibrary.org/obo/GO_0009061
GO:0009062,BP,fatty acid catabolic process,http://purl.obolibrary.org/obo/GO_0009062
GO:0009063,BP,cellular amino acid catabolic process,http://purl.obolibrary.org/obo/GO_0009063
GO:0009064,BP,glutamine family amino acid metabolic process,http://purl.obolibrary.org/obo/GO_0009064
GO:0009065,BP,glutamine family amino acid catabolic process,http://purl.obolibrary.org/obo/GO_0009065
GO:0009066,BP,aspartate family amino acid metabolic process,http://purl.obolibrary.org/obo/GO_0009066
GO:0009067,BP,aspartate family amino acid biosynthetic process,http://purl.obolibrary.org/obo/GO_0009067
GO:0009068,BP,aspartate family amino acid catabolic process,http://purl.obolibrary.org/obo/GO_0009068
GO:0009069,BP,serine family amino acid metabolic process,http://purl.obolibrary.org/obo/GO_0009069
GO:0009070,BP,serine family amino acid biosynthetic process,http://purl.obolibrary.org/obo/GO_0009070
GO:0009071,BP,serine family amino acid catabolic process,http://purl.obolibrary.org/obo/GO_0009071
GO:0009072,BP,aromatic amino acid family metabolic process,http://purl.obolibrary.org/obo/GO_0009072
GO:0009073,BP,aromatic amino acid family biosynthetic process,http://purl.obolibrary.org/obo/GO_0009073
GO:0009074,BP,aromatic amino acid family catabolic process,http://purl.obolibrary.org/obo/GO_0009074
GO:0009078,BP,pyruvate family amino acid metabolic process,http://purl.obolibrary.org/obo/GO_0009078
GO:0009079,BP,pyruvate family amino acid biosynthetic process,http://purl.obolibrary.org/obo/GO_0009079
GO:0009080,BP,pyruvate family amino acid catabolic process,http://purl.obolibrary.org/obo/GO_0009080
GO:0009081,BP,branched-chain amino acid metabolic process,http://purl.obolibrary.org/obo/GO_0009081
GO:0009082,BP,branched-chain amino acid biosynthetic process,http://purl.obolibrary.org/obo/GO_0009082
GO:0009083,BP,branched-chain amino acid catabolic process,http://purl.obolibrary.org/obo/GO_0009083
GO:0009084,BP,glutamine family amino acid biosynthetic process,http://purl.obolibrary.org/obo/GO_0009084
GO:0009085,BP,lysine biosynthetic process,http://purl.obolibrary.org/obo/GO_0009085
GO:0009086,BP,methionine biosynthetic process,http://purl.obolibrary.org/obo/GO_0009086
GO:0009087,BP,methionine catabolic process,http://purl.obolibrary.org/obo/GO_0009087
GO:0009088,BP,threonine biosynthetic process,http://purl.obolibrary.org/obo/GO_0009088
GO:0009089,BP,lysine biosynthetic process via diaminopimelate,http://purl.obolibrary.org/obo/GO_0009089
GO:0009090,BP,homoserine biosynthetic process,http://purl.obolibrary.org/obo/GO_0009090
GO:0009092,BP,homoserine metabolic process,http://purl.obolibrary.org/obo/GO_0009092
GO:0009093,BP,cysteine catabolic process,http://purl.obolibrary.org/obo/GO_0009093
GO:0009094,BP,L-phenylalanine biosynthetic process,http://purl.obolibrary.org/obo/GO_0009094
GO:0009095,BP,"aromatic amino acid family biosynthetic process, prephenate pathway",http://purl.obolibrary.org/obo/GO_0009095
GO:0009097,BP,isoleucine biosynthetic process,http://purl.obolibrary.org/obo/GO_0009097
GO:0009098,BP,leucine biosynthetic process,http://purl.obolibrary.org/obo/GO_0009098
GO:0009099,BP,valine biosynthetic process,http://purl.obolibrary.org/obo/GO_0009099
GO:0009100,BP,glycoprotein metabolic process,http://purl.obolibrary.org/obo/GO_0009100
GO:0009101,BP,glycoprotein biosynthetic process,http://purl.obolibrary.org/obo/GO_0009101
GO:0009102,BP,biotin biosynthetic process,http://purl.obolibrary.org/obo/GO_0009102
GO:0009106,BP,lipoate metabolic process,http://purl.obolibrary.org/obo/GO_0009106
GO:0009107,BP,lipoate biosynthetic process,http://purl.obolibrary.org/obo/GO_0009107
GO:0009110,BP,vitamin biosynthetic process,http://purl.obolibrary.org/obo/GO_0009110
GO:0009111,BP,vitamin catabolic process,http://purl.obolibrary.org/obo/GO_0009111
GO:0009112,BP,nucleobase metabolic process,http://purl.obolibrary.org/obo/GO_0009112
GO:0009113,BP,purine nucleobase biosynthetic process,http://purl.obolibrary.org/obo/GO_0009113
GO:0009116,BP,nucleoside metabolic process,http://purl.obolibrary.org/obo/GO_0009116
GO:0009117,BP,nucleotide metabolic process,http://purl.obolibrary.org/obo/GO_0009117
GO:0009119,BP,ribonucleoside metabolic process,http://purl.obolibrary.org/obo/GO_0009119
GO:0009120,BP,deoxyribonucleoside metabolic process,http://purl.obolibrary.org/obo/GO_0009120
GO:0009123,BP,nucleoside monophosphate metabolic process,http://purl.obolibrary.org/obo/GO_0009123
GO:0009124,BP,nucleoside monophosphate biosynthetic process,http://purl.obolibrary.org/obo/GO_0009124
GO:0009126,BP,purine nucleoside monophosphate metabolic process,http://purl.obolibrary.org/obo/GO_0009126
GO:0009127,BP,purine nucleoside monophosphate biosynthetic process,http://purl.obolibrary.org/obo/GO_0009127
GO:0009129,BP,pyrimidine nucleoside monophosphate metabolic process,http://purl.obolibrary.org/obo/GO_0009129
GO:0009130,BP,pyrimidine nucleoside monophosphate biosynthetic process,http://purl.obolibrary.org/obo/GO_0009130
GO:0009132,BP,nucleoside diphosphate metabolic process,http://purl.obolibrary.org/obo/GO_0009132
GO:0009133,BP,nucleoside diphosphate biosynthetic process,http://purl.obolibrary.org/obo/GO_0009133
GO:0009134,BP,nucleoside diphosphate catabolic process,http://purl.obolibrary.org/obo/GO_0009134
GO:0009135,BP,purine nucleoside diphosphate metabolic process,http://purl.obolibrary.org/obo/GO_0009135
GO:0009137,BP,purine nucleoside diphosphate catabolic process,http://purl.obolibrary.org/obo/GO_0009137
GO:0009138,BP,pyrimidine nucleoside diphosphate metabolic process,http://purl.obolibrary.org/obo/GO_0009138
GO:0009139,BP,pyrimidine nucleoside diphosphate biosynthetic process,http://purl.obolibrary.org/obo/GO_0009139
GO:0009141,BP,nucleoside triphosphate metabolic process,http://purl.obolibrary.org/obo/GO_0009141
GO:0009142,BP,nucleoside triphosphate biosynthetic process,http://purl.obolibrary.org/obo/GO_0009142
GO:0009143,BP,nucleoside triphosphate catabolic process,http://purl.obolibrary.org/obo/GO_0009143
GO:0009144,BP,purine nucleoside triphosphate metabolic process,http://purl.obolibrary.org/obo/GO_0009144
GO:0009145,BP,purine nucleoside triphosphate biosynthetic process,http://purl.obolibrary.org/obo/GO_0009145
GO:0009146,BP,purine nucleoside triphosphate catabolic process,http://purl.obolibrary.org/obo/GO_0009146
GO:0009147,BP,pyrimidine nucleoside triphosphate metabolic process,http://purl.obolibrary.org/obo/GO_0009147
GO:0009148,BP,pyrimidine nucleoside triphosphate biosynthetic process,http://purl.obolibrary.org/obo/GO_0009148
GO:0009149,BP,pyrimidine nucleoside triphosphate catabolic process,http://purl.obolibrary.org/obo/GO_0009149
GO:0009150,BP,purine ribonucleotide metabolic process,http://purl.obolibrary.org/obo/GO_0009150
GO:0009151,BP,purine deoxyribonucleotide metabolic process,http://purl.obolibrary.org/obo/GO_0009151
GO:0009152,BP,purine ribonucleotide biosynthetic process,http://purl.obolibrary.org/obo/GO_0009152
GO:0009154,BP,purine ribonucleotide catabolic process,http://purl.obolibrary.org/obo/GO_0009154
GO:0009155,BP,purine deoxyribonucleotide catabolic process,http://purl.obolibrary.org/obo/GO_0009155
GO:0009156,BP,ribonucleoside monophosphate biosynthetic process,http://purl.obolibrary.org/obo/GO_0009156
GO:0009157,BP,deoxyribonucleoside monophosphate biosynthetic process,http://purl.obolibrary.org/obo/GO_0009157
GO:0009161,BP,ribonucleoside monophosphate metabolic process,http://purl.obolibrary.org/obo/GO_0009161
GO:0009162,BP,deoxyribonucleoside monophosphate metabolic process,http://purl.obolibrary.org/obo/GO_0009162
GO:0009163,BP,nucleoside biosynthetic process,http://purl.obolibrary.org/obo/GO_0009163
GO:0009164,BP,nucleoside catabolic process,http://purl.obolibrary.org/obo/GO_0009164
GO:0009165,BP,nucleotide biosynthetic process,http://purl.obolibrary.org/obo/GO_0009165
GO:0009166,BP,nucleotide catabolic process,http://purl.obolibrary.org/obo/GO_0009166
GO:0009167,BP,purine ribonucleoside monophosphate metabolic process,http://purl.obolibrary.org/obo/GO_0009167
GO:0009168,BP,purine ribonucleoside monophosphate biosynthetic process,http://purl.obolibrary.org/obo/GO_0009168
GO:0009173,BP,pyrimidine ribonucleoside monophosphate metabolic process,http://purl.obolibrary.org/obo/GO_0009173
GO:0009174,BP,pyrimidine ribonucleoside monophosphate biosynthetic process,http://purl.obolibrary.org/obo/GO_0009174
GO:0009176,BP,pyrimidine deoxyribonucleoside monophosphate metabolic process,http://purl.obolibrary.org/obo/GO_0009176
GO:0009177,BP,pyrimidine deoxyribonucleoside monophosphate biosynthetic process,http://purl.obolibrary.org/obo/GO_0009177
GO:0009179,BP,purine ribonucleoside diphosphate metabolic process,http://purl.obolibrary.org/obo/GO_0009179
GO:0009181,BP,purine ribonucleoside diphosphate catabolic process,http://purl.obolibrary.org/obo/GO_0009181
GO:0009185,BP,ribonucleoside diphosphate metabolic process,http://purl.obolibrary.org/obo/GO_0009185
GO:0009186,BP,deoxyribonucleoside diphosphate metabolic process,http://purl.obolibrary.org/obo/GO_0009186
GO:0009187,BP,cyclic nucleotide metabolic process,http://purl.obolibrary.org/obo/GO_0009187
GO:0009188,BP,ribonucleoside diphosphate biosynthetic process,http://purl.obolibrary.org/obo/GO_0009188
GO:0009189,BP,deoxyribonucleoside diphosphate biosynthetic process,http://purl.obolibrary.org/obo/GO_0009189
GO:0009190,BP,cyclic nucleotide biosynthetic process,http://purl.obolibrary.org/obo/GO_0009190
GO:0009191,BP,ribonucleoside diphosphate catabolic process,http://purl.obolibrary.org/obo/GO_0009191
GO:0009193,BP,pyrimidine ribonucleoside diphosphate metabolic process,http://purl.obolibrary.org/obo/GO_0009193
GO:0009194,BP,pyrimidine ribonucleoside diphosphate biosynthetic process,http://purl.obolibrary.org/obo/GO_0009194
GO:0009196,BP,pyrimidine deoxyribonucleoside diphosphate metabolic process,http://purl.obolibrary.org/obo/GO_0009196
GO:0009197,BP,pyrimidine deoxyribonucleoside diphosphate biosynthetic process,http://purl.obolibrary.org/obo/GO_0009197
GO:0009199,BP,ribonucleoside triphosphate metabolic process,http://purl.obolibrary.org/obo/GO_0009199
GO:0009200,BP,deoxyribonucleoside triphosphate metabolic process,http://purl.obolibrary.org/obo/GO_0009200
GO:0009201,BP,ribonucleoside triphosphate biosynthetic process,http://purl.obolibrary.org/obo/GO_0009201
GO:0009202,BP,deoxyribonucleoside triphosphate biosynthetic process,http://purl.obolibrary.org/obo/GO_0009202
GO:0009203,BP,ribonucleoside triphosphate catabolic process,http://purl.obolibrary.org/obo/GO_0009203
GO:0009204,BP,deoxyribonucleoside triphosphate catabolic process,http://purl.obolibrary.org/obo/GO_0009204
GO:0009205,BP,purine ribonucleoside triphosphate metabolic process,http://purl.obolibrary.org/obo/GO_0009205
GO:0009206,BP,purine ribonucleoside triphosphate biosynthetic process,http://purl.obolibrary.org/obo/GO_0009206
GO:0009208,BP,pyrimidine ribonucleoside triphosphate metabolic process,http://purl.obolibrary.org/obo/GO_0009208
GO:0009209,BP,pyrimidine ribonucleoside triphosphate biosynthetic process,http://purl.obolibrary.org/obo/GO_0009209
GO:0009210,BP,pyrimidine ribonucleoside triphosphate catabolic process,http://purl.obolibrary.org/obo/GO_0009210
GO:0009211,BP,pyrimidine deoxyribonucleoside triphosphate metabolic process,http://purl.obolibrary.org/obo/GO_0009211
GO:0009212,BP,pyrimidine deoxyribonucleoside triphosphate biosynthetic process,http://purl.obolibrary.org/obo/GO_0009212
GO:0009213,BP,pyrimidine deoxyribonucleoside triphosphate catabolic process,http://purl.obolibrary.org/obo/GO_0009213
GO:0009215,BP,purine deoxyribonucleoside triphosphate metabolic process,http://purl.obolibrary.org/obo/GO_0009215
GO:0009217,BP,purine deoxyribonucleoside triphosphate catabolic process,http://purl.obolibrary.org/obo/GO_0009217
GO:0009218,BP,pyrimidine ribonucleotide metabolic process,http://purl.obolibrary.org/obo/GO_0009218
GO:0009219,BP,pyrimidine deoxyribonucleotide metabolic process,http://purl.obolibrary.org/obo/GO_0009219
GO:0009220,BP,pyrimidine ribonucleotide biosynthetic process,http://purl.obolibrary.org/obo/GO_0009220
GO:0009221,BP,pyrimidine deoxyribonucleotide biosynthetic process,http://purl.obolibrary.org/obo/GO_0009221
GO:0009222,BP,pyrimidine ribonucleotide catabolic process,http://purl.obolibrary.org/obo/GO_0009222
GO:0009223,BP,pyrimidine deoxyribonucleotide catabolic process,http://purl.obolibrary.org/obo/GO_0009223
GO:0009225,BP,nucleotide-sugar metabolic process,http://purl.obolibrary.org/obo/GO_0009225
GO:0009226,BP,nucleotide-sugar biosynthetic process,http://purl.obolibrary.org/obo/GO_0009226
GO:0009228,BP,thiamine biosynthetic process,http://purl.obolibrary.org/obo/GO_0009228
GO:0009229,BP,thiamine diphosphate biosynthetic process,http://purl.obolibrary.org/obo/GO_0009229
GO:0009231,BP,riboflavin biosynthetic process,http://purl.obolibrary.org/obo/GO_0009231
GO:0009233,BP,menaquinone metabolic process,http://purl.obolibrary.org/obo/GO_0009233
GO:0009234,BP,menaquinone biosynthetic process,http://purl.obolibrary.org/obo/GO_0009234
GO:0009235,BP,cobalamin metabolic process,http://purl.obolibrary.org/obo/GO_0009235
GO:0009236,BP,cobalamin biosynthetic process,http://purl.obolibrary.org/obo/GO_0009236
GO:0009237,BP,siderophore metabolic process,http://purl.obolibrary.org/obo/GO_0009237
GO:0009240,BP,isopentenyl diphosphate biosynthetic process,http://purl.obolibrary.org/obo/GO_0009240
GO:0009242,BP,colanic acid biosynthetic process,http://purl.obolibrary.org/obo/GO_0009242
GO:0009245,BP,lipid A biosynthetic process,http://purl.obolibrary.org/obo/GO_0009245
GO:0009246,BP,enterobacterial common antigen biosynthetic process,http://purl.obolibrary.org/obo/GO_0009246
GO:0009247,BP,glycolipid biosynthetic process,http://purl.obolibrary.org/obo/GO_0009247
GO:0009249,BP,protein lipoylation,http://purl.obolibrary.org/obo/GO_0009249
GO:0009250,BP,glucan biosynthetic process,http://purl.obolibrary.org/obo/GO_0009250
GO:0009251,BP,glucan catabolic process,http://purl.obolibrary.org/obo/GO_0009251
GO:0009253,BP,peptidoglycan catabolic process,http://purl.obolibrary.org/obo/GO_0009253
GO:0009254,BP,peptidoglycan turnover,http://purl.obolibrary.org/obo/GO_0009254
GO:0009256,BP,10-formyltetrahydrofolate metabolic process,http://purl.obolibrary.org/obo/GO_0009256
GO:0009257,BP,10-formyltetrahydrofolate biosynthetic process,http://purl.obolibrary.org/obo/GO_0009257
GO:0009259,BP,ribonucleotide metabolic process,http://purl.obolibrary.org/obo/GO_0009259
GO:0009260,BP,ribonucleotide biosynthetic process,http://purl.obolibrary.org/obo/GO_0009260
GO:0009261,BP,ribonucleotide catabolic process,http://purl.obolibrary.org/obo/GO_0009261
GO:0009262,BP,deoxyribonucleotide metabolic process,http://purl.obolibrary.org/obo/GO_0009262
GO:0009263,BP,deoxyribonucleotide biosynthetic process,http://purl.obolibrary.org/obo/GO_0009263
GO:0009264,BP,deoxyribonucleotide catabolic process,http://purl.obolibrary.org/obo/GO_0009264
GO:0009265,BP,2'-deoxyribonucleotide biosynthetic process,http://purl.obolibrary.org/obo/GO_0009265
GO:0009266,BP,response to temperature stimulus,http://purl.obolibrary.org/obo/GO_0009266
GO:0009267,BP,cellular response to starvation,http://purl.obolibrary.org/obo/GO_0009267
GO:0009268,BP,response to pH,http://purl.obolibrary.org/obo/GO_0009268
GO:0009269,BP,response to desiccation,http://purl.obolibrary.org/obo/GO_0009269
GO:0009270,BP,response to humidity,http://purl.obolibrary.org/obo/GO_0009270
GO:0009292,BP,genetic transfer,http://purl.obolibrary.org/obo/GO_0009292
GO:0009294,BP,DNA mediated transformation,http://purl.obolibrary.org/obo/GO_0009294
GO:0009295,CC,nucleoid,http://purl.obolibrary.org/obo/GO_0009295
GO:0009298,BP,GDP-mannose biosynthetic process,http://purl.obolibrary.org/obo/GO_0009298
GO:0009299,BP,mRNA transcription,http://purl.obolibrary.org/obo/GO_0009299
GO:0009300,BP,antisense RNA transcription,http://purl.obolibrary.org/obo/GO_0009300
GO:0009301,BP,snRNA transcription,http://purl.obolibrary.org/obo/GO_0009301
GO:0009303,BP,rRNA transcription,http://purl.obolibrary.org/obo/GO_0009303
GO:0009304,BP,tRNA transcription,http://purl.obolibrary.org/obo/GO_0009304
GO:0009306,BP,protein secretion,http://purl.obolibrary.org/obo/GO_0009306
GO:0009308,BP,amine metabolic process,http://purl.obolibrary.org/obo/GO_0009308
GO:0009309,BP,amine biosynthetic process,http://purl.obolibrary.org/obo/GO_0009309
GO:0009310,BP,amine catabolic process,http://purl.obolibrary.org/obo/GO_0009310
GO:0009311,BP,oligosaccharide metabolic process,http://purl.obolibrary.org/obo/GO_0009311
GO:0009312,BP,oligosaccharide biosynthetic process,http://purl.obolibrary.org/obo/GO_0009312
GO:0009313,BP,oligosaccharide catabolic process,http://purl.obolibrary.org/obo/GO_0009313
GO:0009314,BP,response to radiation,http://purl.obolibrary.org/obo/GO_0009314
GO:0009328,CC,phenylalanine-tRNA ligase complex,http://purl.obolibrary.org/obo/GO_0009328
GO:0009330,CC,"DNA topoisomerase type II (double strand cut, ATP-hydrolyzing) complex",http://purl.obolibrary.org/obo/GO_0009330
GO:0009337,CC,sulfite reductase complex (NADPH),http://purl.obolibrary.org/obo/GO_0009337
GO:0009341,CC,beta-galactosidase complex,http://purl.obolibrary.org/obo/GO_0009341
GO:0009344,CC,nitrite reductase complex [NAD(P)H],http://purl.obolibrary.org/obo/GO_0009344
GO:0009361,CC,succinate-CoA ligase complex (ADP-forming),http://purl.obolibrary.org/obo/GO_0009361
GO:0009368,CC,endopeptidase Clp complex,http://purl.obolibrary.org/obo/GO_0009368
GO:0009376,CC,HslUV protease complex,http://purl.obolibrary.org/obo/GO_0009376
GO:0009378,MF,four-way junction helicase activity,http://purl.obolibrary.org/obo/GO_0009378
GO:0009383,MF,rRNA (cytosine-C5-)-methyltransferase activity,http://purl.obolibrary.org/obo/GO_0009383
GO:0009394,BP,2'-deoxyribonucleotide metabolic process,http://purl.obolibrary.org/obo/GO_0009394
GO:0009395,BP,phospholipid catabolic process,http://purl.obolibrary.org/obo/GO_0009395
GO:0009396,BP,folic acid-containing compound biosynthetic process,http://purl.obolibrary.org/obo/GO_0009396
GO:0009397,BP,folic acid-containing compound catabolic process,http://purl.obolibrary.org/obo/GO_0009397
GO:0009398,BP,FMN biosynthetic process,http://purl.obolibrary.org/obo/GO_0009398
GO:0009401,BP,phosphoenolpyruvate-dependent sugar phosphotransferase system,http://purl.obolibrary.org/obo/GO_0009401
GO:0009403,BP,toxin biosynthetic process,http://purl.obolibrary.org/obo/GO_0009403
GO:0009404,BP,toxin metabolic process,http://purl.obolibrary.org/obo/GO_0009404
GO:0009407,BP,toxin catabolic process,http://purl.obolibrary.org/obo/GO_0009407
GO:0009408,BP,response to heat,http://purl.obolibrary.org/obo/GO_0009408
GO:0009409,BP,response to cold,http://purl.obolibrary.org/obo/GO_0009409
GO:0009410,BP,response to xenobiotic stimulus,http://purl.obolibrary.org/obo/GO_0009410
GO:0009411,BP,response to UV,http://purl.obolibrary.org/obo/GO_0009411
GO:0009413,BP,response to flooding,http://purl.obolibrary.org/obo/GO_0009413
GO:0009414,BP,response to water deprivation,http://purl.obolibrary.org/obo/GO_0009414
GO:0009415,BP,response to water,http://purl.obolibrary.org/obo/GO_0009415
GO:0009416,BP,response to light stimulus,http://purl.obolibrary.org/obo/GO_0009416
GO:0009423,BP,chorismate biosynthetic process,http://purl.obolibrary.org/obo/GO_0009423
GO:0009435,BP,NAD biosynthetic process,http://purl.obolibrary.org/obo/GO_0009435
GO:0009436,BP,glyoxylate catabolic process,http://purl.obolibrary.org/obo/GO_0009436
GO:0009438,BP,methylglyoxal metabolic process,http://purl.obolibrary.org/obo/GO_0009438
GO:0009439,BP,cyanate metabolic process,http://purl.obolibrary.org/obo/GO_0009439
GO:0009440,BP,cyanate catabolic process,http://purl.obolibrary.org/obo/GO_0009440
GO:0009443,BP,pyridoxal 5'-phosphate salvage,http://purl.obolibrary.org/obo/GO_0009443
GO:0009445,BP,putrescine metabolic process,http://purl.obolibrary.org/obo/GO_0009445
GO:0009446,BP,putrescine biosynthetic process,http://purl.obolibrary.org/obo/GO_0009446
GO:0009447,BP,putrescine catabolic process,http://purl.obolibrary.org/obo/GO_0009447
GO:0009448,BP,gamma-aminobutyric acid metabolic process,http://purl.obolibrary.org/obo/GO_0009448
GO:0009450,BP,gamma-aminobutyric acid catabolic process,http://purl.obolibrary.org/obo/GO_0009450
GO:0009451,BP,RNA modification,http://purl.obolibrary.org/obo/GO_0009451
GO:0009452,BP,7-methylguanosine RNA capping,http://purl.obolibrary.org/obo/GO_0009452
GO:0009496,MF,plastoquinol--plastocyanin reductase activity,http://purl.obolibrary.org/obo/GO_0009496
GO:0009501,CC,amyloplast,http://purl.obolibrary.org/obo/GO_0009501
GO:0009503,CC,thylakoid light-harvesting complex,http://purl.obolibrary.org/obo/GO_0009503
GO:0009504,CC,cell plate,http://purl.obolibrary.org/obo/GO_0009504
GO:0009505,CC,plant-type cell wall,http://purl.obolibrary.org/obo/GO_0009505
GO:0009506,CC,plasmodesma,http://purl.obolibrary.org/obo/GO_0009506
GO:0009507,CC,chloroplast,http://purl.obolibrary.org/obo/GO_0009507
GO:0009509,CC,chromoplast,http://purl.obolibrary.org/obo/GO_0009509
GO:0009510,CC,plasmodesmatal desmotubule,http://purl.obolibrary.org/obo/GO_0009510
GO:0009511,CC,plasmodesmatal endoplasmic reticulum,http://purl.obolibrary.org/obo/GO_0009511
GO:0009512,CC,cytochrome b6f complex,http://purl.obolibrary.org/obo/GO_0009512
GO:0009513,CC,etioplast,http://purl.obolibrary.org/obo/GO_0009513
GO:0009514,CC,glyoxysome,http://purl.obolibrary.org/obo/GO_0009514
GO:0009515,CC,granal stacked thylakoid,http://purl.obolibrary.org/obo/GO_0009515
GO:0009516,CC,leucoplast,http://purl.obolibrary.org/obo/GO_0009516
GO:0009517,CC,PSII associated light-harvesting complex II,http://purl.obolibrary.org/obo/GO_0009517
GO:0009519,CC,middle lamella,http://purl.obolibrary.org/obo/GO_0009519
GO:0009521,CC,photosystem,http://purl.obolibrary.org/obo/GO_0009521
GO:0009522,CC,photosystem I,http://purl.obolibrary.org/obo/GO_0009522
GO:0009523,CC,photosystem II,http://purl.obolibrary.org/obo/GO_0009523
GO:0009524,CC,phragmoplast,http://purl.obolibrary.org/obo/GO_0009524
GO:0009526,CC,plastid envelope,http://purl.obolibrary.org/obo/GO_0009526
GO:0009527,CC,plastid outer membrane,http://purl.obolibrary.org/obo/GO_0009527
GO:0009528,CC,plastid inner membrane,http://purl.obolibrary.org/obo/GO_0009528
GO:0009529,CC,plastid intermembrane space,http://purl.obolibrary.org/obo/GO_0009529
GO:0009530,CC,primary cell wall,http://purl.obolibrary.org/obo/GO_0009530
GO:0009531,CC,secondary cell wall,http://purl.obolibrary.org/obo/GO_0009531
GO:0009532,CC,plastid stroma,http://purl.obolibrary.org/obo/GO_0009532
GO:0009533,CC,chloroplast stromal thylakoid,http://purl.obolibrary.org/obo/GO_0009533
GO:0009534,CC,chloroplast thylakoid,http://purl.obolibrary.org/obo/GO_0009534
GO:0009535,CC,chloroplast thylakoid membrane,http://purl.obolibrary.org/obo/GO_0009535
GO:0009536,CC,plastid,http://purl.obolibrary.org/obo/GO_0009536
GO:0009537,CC,proplastid,http://purl.obolibrary.org/obo/GO_0009537
GO:0009539,CC,photosystem II reaction center,http://purl.obolibrary.org/obo/GO_0009539
GO:0009541,CC,etioplast prolamellar body,http://purl.obolibrary.org/obo/GO_0009541
GO:0009542,CC,granum,http://purl.obolibrary.org/obo/GO_0009542
GO:0009543,CC,chloroplast thylakoid lumen,http://purl.obolibrary.org/obo/GO_0009543
GO:0009544,CC,chloroplast ATP synthase complex,http://purl.obolibrary.org/obo/GO_0009544
GO:0009545,CC,elaioplast,http://purl.obolibrary.org/obo/GO_0009545
GO:0009547,CC,plastid ribosome,http://purl.obolibrary.org/obo/GO_0009547
GO:0009549,CC,cellulose microfibril,http://purl.obolibrary.org/obo/GO_0009549
GO:0009551,CC,secondary plasmodesma,http://purl.obolibrary.org/obo/GO_0009551
GO:0009553,BP,embryo sac development,http://purl.obolibrary.org/obo/GO_0009553
GO:0009554,BP,megasporogenesis,http://purl.obolibrary.org/obo/GO_0009554
GO:0009555,BP,pollen development,http://purl.obolibrary.org/obo/GO_0009555
GO:0009556,BP,microsporogenesis,http://purl.obolibrary.org/obo/GO_0009556
GO:0009557,BP,antipodal cell differentiation,http://purl.obolibrary.org/obo/GO_0009557
GO:0009558,BP,embryo sac cellularization,http://purl.obolibrary.org/obo/GO_0009558
GO:0009559,BP,embryo sac central cell differentiation,http://purl.obolibrary.org/obo/GO_0009559
GO:0009560,BP,embryo sac egg cell differentiation,http://purl.obolibrary.org/obo/GO_0009560
GO:0009561,BP,megagametogenesis,http://purl.obolibrary.org/obo/GO_0009561
GO:0009563,BP,synergid differentiation,http://purl.obolibrary.org/obo/GO_0009563
GO:0009566,BP,fertilization,http://purl.obolibrary.org/obo/GO_0009566
GO:0009567,BP,double fertilization forming a zygote and endosperm,http://purl.obolibrary.org/obo/GO_0009567
GO:0009569,CC,chloroplast starch grain,http://purl.obolibrary.org/obo/GO_0009569
GO:0009570,CC,chloroplast stroma,http://purl.obolibrary.org/obo/GO_0009570
GO:0009573,CC,chloroplast ribulose bisphosphate carboxylase complex,http://purl.obolibrary.org/obo/GO_0009573
GO:0009574,CC,preprophase band,http://purl.obolibrary.org/obo/GO_0009574
GO:0009575,CC,chromoplast stroma,http://purl.obolibrary.org/obo/GO_0009575
GO:0009576,CC,leucoplast stroma,http://purl.obolibrary.org/obo/GO_0009576
GO:0009577,CC,elaioplast stroma,http://purl.obolibrary.org/obo/GO_0009577
GO:0009578,CC,etioplast stroma,http://purl.obolibrary.org/obo/GO_0009578
GO:0009579,CC,thylakoid,http://purl.obolibrary.org/obo/GO_0009579
GO:0009581,BP,detection of external stimulus,http://purl.obolibrary.org/obo/GO_0009581
GO:0009582,BP,detection of abiotic stimulus,http://purl.obolibrary.org/obo/GO_0009582
GO:0009583,BP,detection of light stimulus,http://purl.obolibrary.org/obo/GO_0009583
GO:0009585,BP,"red, far-red light phototransduction",http://purl.obolibrary.org/obo/GO_0009585
GO:0009590,BP,detection of gravity,http://purl.obolibrary.org/obo/GO_0009590
GO:0009593,BP,detection of chemical stimulus,http://purl.obolibrary.org/obo/GO_0009593
GO:0009594,BP,detection of nutrient,http://purl.obolibrary.org/obo/GO_0009594
GO:0009595,BP,detection of biotic stimulus,http://purl.obolibrary.org/obo/GO_0009595
GO:0009597,BP,detection of virus,http://purl.obolibrary.org/obo/GO_0009597
GO:0009602,BP,detection of symbiont,http://purl.obolibrary.org/obo/GO_0009602
GO:0009603,BP,detection of symbiotic fungus,http://purl.obolibrary.org/obo/GO_0009603
GO:0009605,BP,response to external stimulus,http://purl.obolibrary.org/obo/GO_0009605
GO:0009606,BP,tropism,http://purl.obolibrary.org/obo/GO_0009606
GO:0009607,BP,response to biotic stimulus,http://purl.obolibrary.org/obo/GO_0009607
GO:0009608,BP,response to symbiont,http://purl.obolibrary.org/obo/GO_0009608
GO:0009609,BP,response to symbiotic bacterium,http://purl.obolibrary.org/obo/GO_0009609
GO:0009610,BP,response to symbiotic fungus,http://purl.obolibrary.org/obo/GO_0009610
GO:0009611,BP,response to wounding,http://purl.obolibrary.org/obo/GO_0009611
GO:0009612,BP,response to mechanical stimulus,http://purl.obolibrary.org/obo/GO_0009612
GO:0009615,BP,response to virus,http://purl.obolibrary.org/obo/GO_0009615
GO:0009616,BP,RNAi-mediated antiviral immune response,http://purl.obolibrary.org/obo/GO_0009616
GO:0009617,BP,response to bacterium,http://purl.obolibrary.org/obo/GO_0009617
GO:0009620,BP,response to fungus,http://purl.obolibrary.org/obo/GO_0009620
GO:0009624,BP,response to nematode,http://purl.obolibrary.org/obo/GO_0009624
GO:0009625,BP,response to insect,http://purl.obolibrary.org/obo/GO_0009625
GO:0009626,BP,plant-type hypersensitive response,http://purl.obolibrary.org/obo/GO_0009626
GO:0009627,BP,systemic acquired resistance,http://purl.obolibrary.org/obo/GO_0009627
GO:0009628,BP,response to abiotic stimulus,http://purl.obolibrary.org/obo/GO_0009628
GO:0009629,BP,response to gravity,http://purl.obolibrary.org/obo/GO_0009629
GO:0009630,BP,gravitropism,http://purl.obolibrary.org/obo/GO_0009630
GO:0009631,BP,cold acclimation,http://purl.obolibrary.org/obo/GO_0009631
GO:0009635,BP,response to herbicide,http://purl.obolibrary.org/obo/GO_0009635
GO:0009636,BP,response to toxic substance,http://purl.obolibrary.org/obo/GO_0009636
GO:0009637,BP,response to blue light,http://purl.obolibrary.org/obo/GO_0009637
GO:0009638,BP,phototropism,http://purl.obolibrary.org/obo/GO_0009638
GO:0009639,BP,response to red or far red light,http://purl.obolibrary.org/obo/GO_0009639
GO:0009640,BP,photomorphogenesis,http://purl.obolibrary.org/obo/GO_0009640
GO:0009641,BP,shade avoidance,http://purl.obolibrary.org/obo/GO_0009641
GO:0009642,BP,response to light intensity,http://purl.obolibrary.org/obo/GO_0009642
GO:0009643,BP,photosynthetic acclimation,http://purl.obolibrary.org/obo/GO_0009643
GO:0009644,BP,response to high light intensity,http://purl.obolibrary.org/obo/GO_0009644
GO:0009645,BP,response to low light intensity stimulus,http://purl.obolibrary.org/obo/GO_0009645
GO:0009646,BP,response to absence of light,http://purl.obolibrary.org/obo/GO_0009646
GO:0009647,BP,skotomorphogenesis,http://purl.obolibrary.org/obo/GO_0009647
GO:0009648,BP,photoperiodism,http://purl.obolibrary.org/obo/GO_0009648
GO:0009649,BP,entrainment of circadian clock,http://purl.obolibrary.org/obo/GO_0009649
GO:0009650,BP,UV protection,http://purl.obolibrary.org/obo/GO_0009650
GO:0009651,BP,response to salt stress,http://purl.obolibrary.org/obo/GO_0009651
GO:0009652,BP,thigmotropism,http://purl.obolibrary.org/obo/GO_0009652
GO:0009653,BP,anatomical structure morphogenesis,http://purl.obolibrary.org/obo/GO_0009653
GO:0009654,CC,photosystem II oxygen evolving complex,http://purl.obolibrary.org/obo/GO_0009654
GO:0009655,CC,"PSII associated light-harvesting complex II, core complex",http://purl.obolibrary.org/obo/GO_0009655
GO:0009656,CC,"PSII associated light-harvesting complex II, peripheral complex",http://purl.obolibrary.org/obo/GO_0009656
GO:0009657,BP,plastid organization,http://purl.obolibrary.org/obo/GO_0009657
GO:0009658,BP,chloroplast organization,http://purl.obolibrary.org/obo/GO_0009658
GO:0009660,BP,amyloplast organization,http://purl.obolibrary.org/obo/GO_0009660
GO:0009661,BP,chromoplast organization,http://purl.obolibrary.org/obo/GO_0009661
GO:0009662,BP,etioplast organization,http://purl.obolibrary.org/obo/GO_0009662
GO:0009663,BP,plasmodesma organization,http://purl.obolibrary.org/obo/GO_0009663
GO:0009664,BP,plant-type cell wall organization,http://purl.obolibrary.org/obo/GO_0009664
GO:0009666,BP,plastid outer membrane organization,http://purl.obolibrary.org/obo/GO_0009666
GO:0009667,BP,plastid inner membrane organization,http://purl.obolibrary.org/obo/GO_0009667
GO:0009668,BP,plastid membrane organization,http://purl.obolibrary.org/obo/GO_0009668
GO:0009669,MF,sucrose:cation symporter activity,http://purl.obolibrary.org/obo/GO_0009669
GO:0009670,MF,triose-phosphate:phosphate antiporter activity,http://purl.obolibrary.org/obo/GO_0009670
GO:0009671,MF,nitrate:proton symporter activity,http://purl.obolibrary.org/obo/GO_0009671
GO:0009673,MF,low-affinity phosphate transmembrane transporter activity,http://purl.obolibrary.org/obo/GO_0009673
GO:0009674,MF,potassium:sodium symporter activity,http://purl.obolibrary.org/obo/GO_0009674
GO:0009678,MF,pyrophosphate hydrolysis-driven proton transmembrane transporter activity,http://purl.obolibrary.org/obo/GO_0009678
GO:0009679,MF,hexose:proton symporter activity,http://purl.obolibrary.org/obo/GO_0009679
GO:0009682,BP,induced systemic resistance,http://purl.obolibrary.org/obo/GO_0009682
GO:0009683,BP,indoleacetic acid metabolic process,http://purl.obolibrary.org/obo/GO_0009683
GO:0009684,BP,indoleacetic acid biosynthetic process,http://purl.obolibrary.org/obo/GO_0009684
GO:0009685,BP,gibberellin metabolic process,http://purl.obolibrary.org/obo/GO_0009685
GO:0009686,BP,gibberellin biosynthetic process,http://purl.obolibrary.org/obo/GO_0009686
GO:0009687,BP,abscisic acid metabolic process,http://purl.obolibrary.org/obo/GO_0009687
GO:0009688,BP,abscisic acid biosynthetic process,http://purl.obolibrary.org/obo/GO_0009688
GO:0009689,BP,induction of phytoalexin biosynthetic process,http://purl.obolibrary.org/obo/GO_0009689
GO:0009690,BP,cytokinin metabolic process,http://purl.obolibrary.org/obo/GO_0009690
GO:0009691,BP,cytokinin biosynthetic process,http://purl.obolibrary.org/obo/GO_0009691
GO:0009692,BP,ethylene metabolic process,http://purl.obolibrary.org/obo/GO_0009692
GO:0009693,BP,ethylene biosynthetic process,http://purl.obolibrary.org/obo/GO_0009693
GO:0009694,BP,jasmonic acid metabolic process,http://purl.obolibrary.org/obo/GO_0009694
GO:0009695,BP,jasmonic acid biosynthetic process,http://purl.obolibrary.org/obo/GO_0009695
GO:0009696,BP,salicylic acid metabolic process,http://purl.obolibrary.org/obo/GO_0009696
GO:0009697,BP,salicylic acid biosynthetic process,http://purl.obolibrary.org/obo/GO_0009697
GO:0009698,BP,phenylpropanoid metabolic process,http://purl.obolibrary.org/obo/GO_0009698
GO:0009699,BP,phenylpropanoid biosynthetic process,http://purl.obolibrary.org/obo/GO_0009699
GO:0009700,BP,indole phytoalexin biosynthetic process,http://purl.obolibrary.org/obo/GO_0009700
GO:0009701,BP,isoflavonoid phytoalexin biosynthetic process,http://purl.obolibrary.org/obo/GO_0009701
GO:0009702,MF,L-arabinokinase activity,http://purl.obolibrary.org/obo/GO_0009702
GO:0009703,MF,nitrate reductase (NADH) activity,http://purl.obolibrary.org/obo/GO_0009703
GO:0009704,BP,de-etiolation,http://purl.obolibrary.org/obo/GO_0009704
GO:0009705,CC,plant-type vacuole membrane,http://purl.obolibrary.org/obo/GO_0009705
GO:0009706,CC,chloroplast inner membrane,http://purl.obolibrary.org/obo/GO_0009706
GO:0009707,CC,chloroplast outer membrane,http://purl.obolibrary.org/obo/GO_0009707
GO:0009708,BP,benzyl isoquinoline alkaloid biosynthetic process,http://purl.obolibrary.org/obo/GO_0009708
GO:0009709,BP,terpenoid indole alkaloid biosynthetic process,http://purl.obolibrary.org/obo/GO_0009709
GO:0009710,BP,tropane alkaloid biosynthetic process,http://purl.obolibrary.org/obo/GO_0009710
GO:0009712,BP,catechol-containing compound metabolic process,http://purl.obolibrary.org/obo/GO_0009712
GO:0009713,BP,catechol-containing compound biosynthetic process,http://purl.obolibrary.org/obo/GO_0009713
GO:0009714,BP,chalcone metabolic process,http://purl.obolibrary.org/obo/GO_0009714
GO:0009715,BP,chalcone biosynthetic process,http://purl.obolibrary.org/obo/GO_0009715
GO:0009717,BP,isoflavonoid biosynthetic process,http://purl.obolibrary.org/obo/GO_0009717
GO:0009718,BP,anthocyanin-containing compound biosynthetic process,http://purl.obolibrary.org/obo/GO_0009718
GO:0009719,BP,response to endogenous stimulus,http://purl.obolibrary.org/obo/GO_0009719
GO:0009720,BP,detection of hormone stimulus,http://purl.obolibrary.org/obo/GO_0009720
GO:0009722,BP,detection of cytokinin stimulus,http://purl.obolibrary.org/obo/GO_0009722
GO:0009723,BP,response to ethylene,http://purl.obolibrary.org/obo/GO_0009723
GO:0009725,BP,response to hormone,http://purl.obolibrary.org/obo/GO_0009725
GO:0009726,BP,detection of endogenous stimulus,http://purl.obolibrary.org/obo/GO_0009726
GO:0009727,BP,detection of ethylene stimulus,http://purl.obolibrary.org/obo/GO_0009727
GO:0009729,BP,detection of brassinosteroid stimulus,http://purl.obolibrary.org/obo/GO_0009729
GO:0009733,BP,response to auxin,http://purl.obolibrary.org/obo/GO_0009733
GO:0009734,BP,auxin-activated signaling pathway,http://purl.obolibrary.org/obo/GO_0009734
GO:0009735,BP,response to cytokinin,http://purl.obolibrary.org/obo/GO_0009735
GO:0009736,BP,cytokinin-activated signaling pathway,http://purl.obolibrary.org/obo/GO_0009736
GO:0009737,BP,response to abscisic acid,http://purl.obolibrary.org/obo/GO_0009737
GO:0009738,BP,abscisic acid-activated signaling pathway,http://purl.obolibrary.org/obo/GO_0009738
GO:0009739,BP,response to gibberellin,http://purl.obolibrary.org/obo/GO_0009739
GO:0009740,BP,gibberellic acid mediated signaling pathway,http://purl.obolibrary.org/obo/GO_0009740
GO:0009741,BP,response to brassinosteroid,http://purl.obolibrary.org/obo/GO_0009741
GO:0009742,BP,brassinosteroid mediated signaling pathway,http://purl.obolibrary.org/obo/GO_0009742
GO:0009743,BP,response to carbohydrate,http://purl.obolibrary.org/obo/GO_0009743
GO:0009744,BP,response to sucrose,http://purl.obolibrary.org/obo/GO_0009744
GO:0009745,BP,sucrose mediated signaling,http://purl.obolibrary.org/obo/GO_0009745
GO:0009746,BP,response to hexose,http://purl.obolibrary.org/obo/GO_0009746
GO:0009747,BP,hexokinase-dependent signaling,http://purl.obolibrary.org/obo/GO_0009747
GO:0009749,BP,response to glucose,http://purl.obolibrary.org/obo/GO_0009749
GO:0009750,BP,response to fructose,http://purl.obolibrary.org/obo/GO_0009750
GO:0009751,BP,response to salicylic acid,http://purl.obolibrary.org/obo/GO_0009751
GO:0009753,BP,response to jasmonic acid,http://purl.obolibrary.org/obo/GO_0009753
GO:0009755,BP,hormone-mediated signaling pathway,http://purl.obolibrary.org/obo/GO_0009755
GO:0009756,BP,carbohydrate mediated signaling,http://purl.obolibrary.org/obo/GO_0009756
GO:0009757,BP,hexose mediated signaling,http://purl.obolibrary.org/obo/GO_0009757
GO:0009758,BP,carbohydrate utilization,http://purl.obolibrary.org/obo/GO_0009758
GO:0009759,BP,indole glucosinolate biosynthetic process,http://purl.obolibrary.org/obo/GO_0009759
GO:0009760,BP,C4 photosynthesis,http://purl.obolibrary.org/obo/GO_0009760
GO:0009761,BP,CAM photosynthesis,http://purl.obolibrary.org/obo/GO_0009761
GO:0009765,BP,"photosynthesis, light harvesting",http://purl.obolibrary.org/obo/GO_0009765
GO:0009767,BP,photosynthetic electron transport chain,http://purl.obolibrary.org/obo/GO_0009767
GO:0009768,BP,"photosynthesis, light harvesting in photosystem I",http://purl.obolibrary.org/obo/GO_0009768
GO:0009769,BP,"photosynthesis, light harvesting in photosystem II",http://purl.obolibrary.org/obo/GO_0009769
GO:0009772,BP,photosynthetic electron transport in photosystem II,http://purl.obolibrary.org/obo/GO_0009772
GO:0009773,BP,photosynthetic electron transport in photosystem I,http://purl.obolibrary.org/obo/GO_0009773
GO:0009780,BP,photosynthetic NADP+ reduction,http://purl.obolibrary.org/obo/GO_0009780
GO:0009782,CC,photosystem I antenna complex,http://purl.obolibrary.org/obo/GO_0009782
GO:0009783,CC,photosystem II antenna complex,http://purl.obolibrary.org/obo/GO_0009783
GO:0009784,MF,transmembrane receptor histidine kinase activity,http://purl.obolibrary.org/obo/GO_0009784
GO:0009785,BP,blue light signaling pathway,http://purl.obolibrary.org/obo/GO_0009785
GO:0009786,BP,regulation of asymmetric cell division,http://purl.obolibrary.org/obo/GO_0009786
GO:0009787,BP,regulation of abscisic acid-activated signaling pathway,http://purl.obolibrary.org/obo/GO_0009787
GO:0009788,BP,negative regulation of abscisic acid-activated signaling pathway,http://purl.obolibrary.org/obo/GO_0009788
GO:0009789,BP,positive regulation of abscisic acid-activated signaling pathway,http://purl.obolibrary.org/obo/GO_0009789
GO:0009790,BP,embryo development,http://purl.obolibrary.org/obo/GO_0009790
GO:0009791,BP,post-embryonic development,http://purl.obolibrary.org/obo/GO_0009791
GO:0009793,BP,embryo development ending in seed dormancy,http://purl.obolibrary.org/obo/GO_0009793
GO:0009798,BP,axis specification,http://purl.obolibrary.org/obo/GO_0009798
GO:0009799,BP,specification of symmetry,http://purl.obolibrary.org/obo/GO_0009799
GO:0009800,BP,cinnamic acid biosynthetic process,http://purl.obolibrary.org/obo/GO_0009800
GO:0009801,BP,cinnamic acid ester metabolic process,http://purl.obolibrary.org/obo/GO_0009801
GO:0009802,BP,cinnamic acid ester biosynthetic process,http://purl.obolibrary.org/obo/GO_0009802
GO:0009803,BP,cinnamic acid metabolic process,http://purl.obolibrary.org/obo/GO_0009803
GO:0009804,BP,coumarin metabolic process,http://purl.obolibrary.org/obo/GO_0009804
GO:0009805,BP,coumarin biosynthetic process,http://purl.obolibrary.org/obo/GO_0009805
GO:0009806,BP,lignan metabolic process,http://purl.obolibrary.org/obo/GO_0009806
GO:0009807,BP,lignan biosynthetic process,http://purl.obolibrary.org/obo/GO_0009807
GO:0009808,BP,lignin metabolic process,http://purl.obolibrary.org/obo/GO_0009808
GO:0009809,BP,lignin biosynthetic process,http://purl.obolibrary.org/obo/GO_0009809
GO:0009812,BP,flavonoid metabolic process,http://purl.obolibrary.org/obo/GO_0009812
GO:0009813,BP,flavonoid biosynthetic process,http://purl.obolibrary.org/obo/GO_0009813
GO:0009815,MF,1-aminocyclopropane-1-carboxylate oxidase activity,http://purl.obolibrary.org/obo/GO_0009815
GO:0009819,BP,drought recovery,http://purl.obolibrary.org/obo/GO_0009819
GO:0009820,BP,alkaloid metabolic process,http://purl.obolibrary.org/obo/GO_0009820
GO:0009821,BP,alkaloid biosynthetic process,http://purl.obolibrary.org/obo/GO_0009821
GO:0009822,BP,alkaloid catabolic process,http://purl.obolibrary.org/obo/GO_0009822
GO:0009823,BP,cytokinin catabolic process,http://purl.obolibrary.org/obo/GO_0009823
GO:0009824,MF,AMP dimethylallyltransferase activity,http://purl.obolibrary.org/obo/GO_0009824
GO:0009825,BP,multidimensional cell growth,http://purl.obolibrary.org/obo/GO_0009825
GO:0009826,BP,unidimensional cell growth,http://purl.obolibrary.org/obo/GO_0009826
GO:0009827,BP,plant-type cell wall modification,http://purl.obolibrary.org/obo/GO_0009827
GO:0009828,BP,plant-type cell wall loosening,http://purl.obolibrary.org/obo/GO_0009828
GO:0009830,BP,cell wall modification involved in abscission,http://purl.obolibrary.org/obo/GO_0009830
GO:0009831,BP,plant-type cell wall modification involved in multidimensional cell growth,http://purl.obolibrary.org/obo/GO_0009831
GO:0009832,BP,plant-type cell wall biogenesis,http://purl.obolibrary.org/obo/GO_0009832
GO:0009833,BP,plant-type primary cell wall biogenesis,http://purl.obolibrary.org/obo/GO_0009833
GO:0009834,BP,plant-type secondary cell wall biogenesis,http://purl.obolibrary.org/obo/GO_0009834
GO:0009835,BP,fruit ripening,http://purl.obolibrary.org/obo/GO_0009835
GO:0009836,BP,"fruit ripening, climacteric",http://purl.obolibrary.org/obo/GO_0009836
GO:0009838,BP,abscission,http://purl.obolibrary.org/obo/GO_0009838
GO:0009840,CC,chloroplastic endopeptidase Clp complex,http://purl.obolibrary.org/obo/GO_0009840
GO:0009845,BP,seed germination,http://purl.obolibrary.org/obo/GO_0009845
GO:0009846,BP,pollen germination,http://purl.obolibrary.org/obo/GO_0009846
GO:0009848,BP,indoleacetic acid biosynthetic process via tryptophan,http://purl.obolibrary.org/obo/GO_0009848
GO:0009850,BP,auxin metabolic process,http://purl.obolibrary.org/obo/GO_0009850
GO:0009851,BP,auxin biosynthetic process,http://purl.obolibrary.org/obo/GO_0009851
GO:0009852,BP,auxin catabolic process,http://purl.obolibrary.org/obo/GO_0009852
GO:0009853,BP,photorespiration,http://purl.obolibrary.org/obo/GO_0009853
GO:0009854,BP,oxidative photosynthetic carbon pathway,http://purl.obolibrary.org/obo/GO_0009854
GO:0009855,BP,determination of bilateral symmetry,http://purl.obolibrary.org/obo/GO_0009855
GO:0009856,BP,pollination,http://purl.obolibrary.org/obo/GO_0009856
GO:0009859,BP,pollen hydration,http://purl.obolibrary.org/obo/GO_0009859
GO:0009860,BP,pollen tube growth,http://purl.obolibrary.org/obo/GO_0009860
GO:0009861,BP,jasmonic acid and ethylene-dependent systemic resistance,http://purl.obolibrary.org/obo/GO_0009861
GO:0009862,BP,"systemic acquired resistance, salicylic acid mediated signaling pathway",http://purl.obolibrary.org/obo/GO_0009862
GO:0009863,BP,salicylic acid mediated signaling pathway,http://purl.obolibrary.org/obo/GO_0009863
GO:0009864,BP,"induced systemic resistance, jasmonic acid mediated signaling pathway",http://purl.obolibrary.org/obo/GO_0009864
GO:0009865,BP,pollen tube adhesion,http://purl.obolibrary.org/obo/GO_0009865
GO:0009866,BP,"induced systemic resistance, ethylene mediated signaling pathway",http://purl.obolibrary.org/obo/GO_0009866
GO:0009867,BP,jasmonic acid mediated signaling pathway,http://purl.obolibrary.org/obo/GO_0009867
GO:0009868,BP,"jasmonic acid and ethylene-dependent systemic resistance, jasmonic acid mediated signaling pathway",http://purl.obolibrary.org/obo/GO_0009868
GO:0009871,BP,"jasmonic acid and ethylene-dependent systemic resistance, ethylene mediated signaling pathway",http://purl.obolibrary.org/obo/GO_0009871
GO:0009873,BP,ethylene-activated signaling pathway,http://purl.obolibrary.org/obo/GO_0009873
GO:0009875,BP,pollen-pistil interaction,http://purl.obolibrary.org/obo/GO_0009875
GO:0009877,BP,nodulation,http://purl.obolibrary.org/obo/GO_0009877
GO:0009880,BP,embryonic pattern specification,http://purl.obolibrary.org/obo/GO_0009880
GO:0009881,MF,photoreceptor activity,http://purl.obolibrary.org/obo/GO_0009881
GO:0009882,MF,blue light photoreceptor activity,http://purl.obolibrary.org/obo/GO_0009882
GO:0009883,MF,red or far-red light photoreceptor activity,http://purl.obolibrary.org/obo/GO_0009883
GO:0009884,MF,cytokinin receptor activity,http://purl.obolibrary.org/obo/GO_0009884
GO:0009885,MF,transmembrane histidine kinase cytokinin receptor activity,http://purl.obolibrary.org/obo/GO_0009885
GO:0009887,BP,animal organ morphogenesis,http://purl.obolibrary.org/obo/GO_0009887
GO:0009888,BP,tissue development,http://purl.obolibrary.org/obo/GO_0009888
GO:0009889,BP,regulation of biosynthetic process,http://purl.obolibrary.org/obo/GO_0009889
GO:0009890,BP,negative regulation of biosynthetic process,http://purl.obolibrary.org/obo/GO_0009890
GO:0009891,BP,positive regulation of biosynthetic process,http://purl.obolibrary.org/obo/GO_0009891
GO:0009892,BP,negative regulation of metabolic process,http://purl.obolibrary.org/obo/GO_0009892
GO:0009893,BP,positive regulation of metabolic process,http://purl.obolibrary.org/obo/GO_0009893
GO:0009894,BP,regulation of catabolic process,http://purl.obolibrary.org/obo/GO_0009894
GO:0009895,BP,negative regulation of catabolic process,http://purl.obolibrary.org/obo/GO_0009895
GO:0009896,BP,positive regulation of catabolic process,http://purl.obolibrary.org/obo/GO_0009896
GO:0009897,CC,external side of plasma membrane,http://purl.obolibrary.org/obo/GO_0009897
GO:0009898,CC,cytoplasmic side of plasma membrane,http://purl.obolibrary.org/obo/GO_0009898
GO:0009899,MF,ent-kaurene synthase activity,http://purl.obolibrary.org/obo/GO_0009899
GO:0009900,BP,dehiscence,http://purl.obolibrary.org/obo/GO_0009900
GO:0009901,BP,anther dehiscence,http://purl.obolibrary.org/obo/GO_0009901
GO:0009902,BP,chloroplast relocation,http://purl.obolibrary.org/obo/GO_0009902
GO:0009903,BP,chloroplast avoidance movement,http://purl.obolibrary.org/obo/GO_0009903
GO:0009904,BP,chloroplast accumulation movement,http://purl.obolibrary.org/obo/GO_0009904
GO:0009905,MF,ent-copalyl diphosphate synthase activity,http://purl.obolibrary.org/obo/GO_0009905
GO:0009908,BP,flower development,http://purl.obolibrary.org/obo/GO_0009908
GO:0009909,BP,regulation of flower development,http://purl.obolibrary.org/obo/GO_0009909
GO:0009910,BP,negative regulation of flower development,http://purl.obolibrary.org/obo/GO_0009910
GO:0009911,BP,positive regulation of flower development,http://purl.obolibrary.org/obo/GO_0009911
GO:0009913,BP,epidermal cell differentiation,http://purl.obolibrary.org/obo/GO_0009913
GO:0009914,BP,hormone transport,http://purl.obolibrary.org/obo/GO_0009914
GO:0009915,BP,phloem sucrose loading,http://purl.obolibrary.org/obo/GO_0009915
GO:0009916,MF,alternative oxidase activity,http://purl.obolibrary.org/obo/GO_0009916
GO:0009920,BP,cell plate formation involved in plant-type cell wall biogenesis,http://purl.obolibrary.org/obo/GO_0009920
GO:0009921,CC,auxin efflux carrier complex,http://purl.obolibrary.org/obo/GO_0009921
GO:0009922,MF,fatty acid elongase activity,http://purl.obolibrary.org/obo/GO_0009922
GO:0009923,CC,fatty acid elongase complex,http://purl.obolibrary.org/obo/GO_0009923
GO:0009925,CC,basal plasma membrane,http://purl.obolibrary.org/obo/GO_0009925
GO:0009926,BP,auxin polar transport,http://purl.obolibrary.org/obo/GO_0009926
GO:0009927,MF,histidine phosphotransfer kinase activity,http://purl.obolibrary.org/obo/GO_0009927
GO:0009930,CC,longitudinal side of cell surface,http://purl.obolibrary.org/obo/GO_0009930
GO:0009931,MF,calcium-dependent protein serine/threonine kinase activity,http://purl.obolibrary.org/obo/GO_0009931
GO:0009932,BP,cell tip growth,http://purl.obolibrary.org/obo/GO_0009932
GO:0009933,BP,meristem structural organization,http://purl.obolibrary.org/obo/GO_0009933
GO:0009934,BP,regulation of meristem structural organization,http://purl.obolibrary.org/obo/GO_0009934
GO:0009937,BP,regulation of gibberellic acid mediated signaling pathway,http://purl.obolibrary.org/obo/GO_0009937
GO:0009938,BP,negative regulation of gibberellic acid mediated signaling pathway,http://purl.obolibrary.org/obo/GO_0009938
GO:0009939,BP,positive regulation of gibberellic acid mediated signaling pathway,http://purl.obolibrary.org/obo/GO_0009939
GO:0009940,MF,amino-terminal vacuolar sorting propeptide binding,http://purl.obolibrary.org/obo/GO_0009940
GO:0009941,CC,chloroplast envelope,http://purl.obolibrary.org/obo/GO_0009941
GO:0009942,BP,longitudinal axis specification,http://purl.obolibrary.org/obo/GO_0009942
GO:0009943,BP,adaxial/abaxial axis specification,http://purl.obolibrary.org/obo/GO_0009943
GO:0009944,BP,polarity specification of adaxial/abaxial axis,http://purl.obolibrary.org/obo/GO_0009944
GO:0009945,BP,radial axis specification,http://purl.obolibrary.org/obo/GO_0009945
GO:0009946,BP,proximal/distal axis specification,http://purl.obolibrary.org/obo/GO_0009946
GO:0009947,BP,centrolateral axis specification,http://purl.obolibrary.org/obo/GO_0009947
GO:0009953,BP,dorsal/ventral pattern formation,http://purl.obolibrary.org/obo/GO_0009953
GO:0009954,BP,proximal/distal pattern formation,http://purl.obolibrary.org/obo/GO_0009954
GO:0009955,BP,adaxial/abaxial pattern specification,http://purl.obolibrary.org/obo/GO_0009955
GO:0009956,BP,radial pattern formation,http://purl.obolibrary.org/obo/GO_0009956
GO:0009957,BP,epidermal cell fate specification,http://purl.obolibrary.org/obo/GO_0009957
GO:0009958,BP,positive gravitropism,http://purl.obolibrary.org/obo/GO_0009958
GO:0009959,BP,negative gravitropism,http://purl.obolibrary.org/obo/GO_0009959
GO:0009960,BP,endosperm development,http://purl.obolibrary.org/obo/GO_0009960
GO:0009961,BP,response to 1-aminocyclopropane-1-carboxylic acid,http://purl.obolibrary.org/obo/GO_0009961
GO:0009962,BP,regulation of flavonoid biosynthetic process,http://purl.obolibrary.org/obo/GO_0009962
GO:0009963,BP,positive regulation of flavonoid biosynthetic process,http://purl.obolibrary.org/obo/GO_0009963
GO:0009964,BP,negative regulation of flavonoid biosynthetic process,http://purl.obolibrary.org/obo/GO_0009964
GO:0009965,BP,leaf morphogenesis,http://purl.obolibrary.org/obo/GO_0009965
GO:0009966,BP,regulation of signal transduction,http://purl.obolibrary.org/obo/GO_0009966
GO:0009967,BP,positive regulation of signal transduction,http://purl.obolibrary.org/obo/GO_0009967
GO:0009968,BP,negative regulation of signal transduction,http://purl.obolibrary.org/obo/GO_0009968
GO:0009969,BP,xyloglucan biosynthetic process,http://purl.obolibrary.org/obo/GO_0009969
GO:0009970,BP,cellular response to sulfate starvation,http://purl.obolibrary.org/obo/GO_0009970
GO:0009971,BP,anastral spindle assembly involved in male meiosis,http://purl.obolibrary.org/obo/GO_0009971
GO:0009972,BP,cytidine deamination,http://purl.obolibrary.org/obo/GO_0009972
GO:0009973,MF,adenylyl-sulfate reductase activity,http://purl.obolibrary.org/obo/GO_0009973
GO:0009974,MF,zeinoxanthin epsilon hydroxylase activity,http://purl.obolibrary.org/obo/GO_0009974
GO:0009975,MF,cyclase activity,http://purl.obolibrary.org/obo/GO_0009975
GO:0009976,MF,tocopherol cyclase activity,http://purl.obolibrary.org/obo/GO_0009976
GO:0009977,MF,proton motive force dependent protein transmembrane transporter activity,http://purl.obolibrary.org/obo/GO_0009977
GO:0009978,MF,allene oxide synthase activity,http://purl.obolibrary.org/obo/GO_0009978
GO:0009979,MF,16:0 monogalactosyldiacylglycerol desaturase activity,http://purl.obolibrary.org/obo/GO_0009979
GO:0009982,MF,pseudouridine synthase activity,http://purl.obolibrary.org/obo/GO_0009982
GO:0009986,CC,cell surface,http://purl.obolibrary.org/obo/GO_0009986
GO:0009987,BP,cellular process,http://purl.obolibrary.org/obo/GO_0009987
GO:0009988,BP,cell-cell recognition,http://purl.obolibrary.org/obo/GO_0009988
GO:0009992,BP,cellular water homeostasis,http://purl.obolibrary.org/obo/GO_0009992
GO:0009996,BP,negative regulation of cell fate specification,http://purl.obolibrary.org/obo/GO_0009996
GO:0010005,CC,"cortical microtubule, transverse to long axis",http://purl.obolibrary.org/obo/GO_0010005
GO:0010006,CC,Toc complex,http://purl.obolibrary.org/obo/GO_0010006
GO:0010007,CC,magnesium chelatase complex,http://purl.obolibrary.org/obo/GO_0010007
GO:0010008,CC,endosome membrane,http://purl.obolibrary.org/obo/GO_0010008
GO:0010009,CC,cytoplasmic side of endosome membrane,http://purl.obolibrary.org/obo/GO_0010009
GO:0010011,MF,auxin binding,http://purl.obolibrary.org/obo/GO_0010011
GO:0010012,MF,steroid 22-alpha hydroxylase activity,http://purl.obolibrary.org/obo/GO_0010012
GO:0010013,MF,N-1-naphthylphthalamic acid binding,http://purl.obolibrary.org/obo/GO_0010013
GO:0010014,BP,meristem initiation,http://purl.obolibrary.org/obo/GO_0010014
GO:0010015,BP,root morphogenesis,http://purl.obolibrary.org/obo/GO_0010015
GO:0010016,BP,shoot system morphogenesis,http://purl.obolibrary.org/obo/GO_0010016
GO:0010017,BP,red or far-red light signaling pathway,http://purl.obolibrary.org/obo/GO_0010017
GO:0010018,BP,far-red light signaling pathway,http://purl.obolibrary.org/obo/GO_0010018
GO:0010019,BP,chloroplast-nucleus signaling pathway,http://purl.obolibrary.org/obo/GO_0010019
GO:0010020,BP,chloroplast fission,http://purl.obolibrary.org/obo/GO_0010020
GO:0010021,BP,amylopectin biosynthetic process,http://purl.obolibrary.org/obo/GO_0010021
GO:0010022,BP,meristem determinacy,http://purl.obolibrary.org/obo/GO_0010022
GO:0010023,BP,proanthocyanidin biosynthetic process,http://purl.obolibrary.org/obo/GO_0010023
GO:0010024,BP,phytochromobilin biosynthetic process,http://purl.obolibrary.org/obo/GO_0010024
GO:0010025,BP,wax biosynthetic process,http://purl.obolibrary.org/obo/GO_0010025
GO:0010026,BP,trichome differentiation,http://purl.obolibrary.org/obo/GO_0010026
GO:0010027,BP,thylakoid membrane organization,http://purl.obolibrary.org/obo/GO_0010027
GO:0010028,BP,xanthophyll cycle,http://purl.obolibrary.org/obo/GO_0010028
GO:0010029,BP,regulation of seed germination,http://purl.obolibrary.org/obo/GO_0010029
GO:0010030,BP,positive regulation of seed germination,http://purl.obolibrary.org/obo/GO_0010030
GO:0010031,BP,circumnutation,http://purl.obolibrary.org/obo/GO_0010031
GO:0010032,BP,meiotic chromosome condensation,http://purl.obolibrary.org/obo/GO_0010032
GO:0010033,BP,response to organic substance,http://purl.obolibrary.org/obo/GO_0010033
GO:0010034,BP,response to acetate,http://purl.obolibrary.org/obo/GO_0010034
GO:0010035,BP,response to inorganic substance,http://purl.obolibrary.org/obo/GO_0010035
GO:0010036,BP,response to boron-containing substance,http://purl.obolibrary.org/obo/GO_0010036
GO:0010037,BP,response to carbon dioxide,http://purl.obolibrary.org/obo/GO_0010037
GO:0010038,BP,response to metal ion,http://purl.obolibrary.org/obo/GO_0010038
GO:0010039,BP,response to iron ion,http://purl.obolibrary.org/obo/GO_0010039
GO:0010041,BP,response to iron(III) ion,http://purl.obolibrary.org/obo/GO_0010041
GO:0010042,BP,response to manganese ion,http://purl.obolibrary.org/obo/GO_0010042
GO:0010043,BP,response to zinc ion,http://purl.obolibrary.org/obo/GO_0010043
GO:0010044,BP,response to aluminum ion,http://purl.obolibrary.org/obo/GO_0010044
GO:0010045,BP,response to nickel cation,http://purl.obolibrary.org/obo/GO_0010045
GO:0010046,BP,response to mycotoxin,http://purl.obolibrary.org/obo/GO_0010046
GO:0010047,BP,fruit dehiscence,http://purl.obolibrary.org/obo/GO_0010047
GO:0010048,BP,vernalization response,http://purl.obolibrary.org/obo/GO_0010048
GO:0010049,BP,acquisition of plant reproductive competence,http://purl.obolibrary.org/obo/GO_0010049
GO:0010050,BP,vegetative phase change,http://purl.obolibrary.org/obo/GO_0010050
GO:0010051,BP,xylem and phloem pattern formation,http://purl.obolibrary.org/obo/GO_0010051
GO:0010052,BP,guard cell differentiation,http://purl.obolibrary.org/obo/GO_0010052
GO:0010053,BP,root epidermal cell differentiation,http://purl.obolibrary.org/obo/GO_0010053
GO:0010054,BP,trichoblast differentiation,http://purl.obolibrary.org/obo/GO_0010054
GO:0010055,BP,atrichoblast differentiation,http://purl.obolibrary.org/obo/GO_0010055
GO:0010056,BP,atrichoblast fate specification,http://purl.obolibrary.org/obo/GO_0010056
GO:0010057,BP,trichoblast fate specification,http://purl.obolibrary.org/obo/GO_0010057
GO:0010058,BP,regulation of atrichoblast fate specification,http://purl.obolibrary.org/obo/GO_0010058
GO:0010059,BP,positive regulation of atrichoblast fate specification,http://purl.obolibrary.org/obo/GO_0010059
GO:0010061,BP,regulation of trichoblast fate specification,http://purl.obolibrary.org/obo/GO_0010061
GO:0010062,BP,negative regulation of trichoblast fate specification,http://purl.obolibrary.org/obo/GO_0010062
GO:0010063,BP,positive regulation of trichoblast fate specification,http://purl.obolibrary.org/obo/GO_0010063
GO:0010064,BP,embryonic shoot morphogenesis,http://purl.obolibrary.org/obo/GO_0010064
GO:0010065,BP,primary meristem tissue development,http://purl.obolibrary.org/obo/GO_0010065
GO:0010067,BP,procambium histogenesis,http://purl.obolibrary.org/obo/GO_0010067
GO:0010068,BP,protoderm histogenesis,http://purl.obolibrary.org/obo/GO_0010068
GO:0010069,BP,zygote asymmetric cytokinesis in embryo sac,http://purl.obolibrary.org/obo/GO_0010069
GO:0010070,BP,zygote asymmetric cell division,http://purl.obolibrary.org/obo/GO_0010070
GO:0010071,BP,root meristem specification,http://purl.obolibrary.org/obo/GO_0010071
GO:0010072,BP,primary shoot apical meristem specification,http://purl.obolibrary.org/obo/GO_0010072
GO:0010073,BP,meristem maintenance,http://purl.obolibrary.org/obo/GO_0010073
GO:0010074,BP,maintenance of meristem identity,http://purl.obolibrary.org/obo/GO_0010074
GO:0010075,BP,regulation of meristem growth,http://purl.obolibrary.org/obo/GO_0010075
GO:0010076,BP,maintenance of floral meristem identity,http://purl.obolibrary.org/obo/GO_0010076
GO:0010077,BP,maintenance of inflorescence meristem identity,http://purl.obolibrary.org/obo/GO_0010077
GO:0010078,BP,maintenance of root meristem identity,http://purl.obolibrary.org/obo/GO_0010078
GO:0010080,BP,regulation of floral meristem growth,http://purl.obolibrary.org/obo/GO_0010080
GO:0010081,BP,regulation of inflorescence meristem growth,http://purl.obolibrary.org/obo/GO_0010081
GO:0010082,BP,regulation of root meristem growth,http://purl.obolibrary.org/obo/GO_0010082
GO:0010083,BP,regulation of vegetative meristem growth,http://purl.obolibrary.org/obo/GO_0010083
GO:0010086,BP,embryonic root morphogenesis,http://purl.obolibrary.org/obo/GO_0010086
GO:0010087,BP,phloem or xylem histogenesis,http://purl.obolibrary.org/obo/GO_0010087
GO:0010088,BP,phloem development,http://purl.obolibrary.org/obo/GO_0010088
GO:0010089,BP,xylem development,http://purl.obolibrary.org/obo/GO_0010089
GO:0010090,BP,trichome morphogenesis,http://purl.obolibrary.org/obo/GO_0010090
GO:0010091,BP,trichome branching,http://purl.obolibrary.org/obo/GO_0010091
GO:0010092,BP,specification of animal organ identity,http://purl.obolibrary.org/obo/GO_0010092
GO:0010093,BP,specification of floral organ identity,http://purl.obolibrary.org/obo/GO_0010093
GO:0010094,BP,specification of carpel identity,http://purl.obolibrary.org/obo/GO_0010094
GO:0010095,BP,specification of petal identity,http://purl.obolibrary.org/obo/GO_0010095
GO:0010097,BP,specification of stamen identity,http://purl.obolibrary.org/obo/GO_0010097
GO:0010098,BP,suspensor development,http://purl.obolibrary.org/obo/GO_0010098
GO:0010099,BP,regulation of photomorphogenesis,http://purl.obolibrary.org/obo/GO_0010099
GO:0010100,BP,negative regulation of photomorphogenesis,http://purl.obolibrary.org/obo/GO_0010100
GO:0010101,BP,post-embryonic root morphogenesis,http://purl.obolibrary.org/obo/GO_0010101
GO:0010102,BP,lateral root morphogenesis,http://purl.obolibrary.org/obo/GO_0010102
GO:0010103,BP,stomatal complex morphogenesis,http://purl.obolibrary.org/obo/GO_0010103
GO:0010104,BP,regulation of ethylene-activated signaling pathway,http://purl.obolibrary.org/obo/GO_0010104
GO:0010105,BP,negative regulation of ethylene-activated signaling pathway,http://purl.obolibrary.org/obo/GO_0010105
GO:0010106,BP,cellular response to iron ion starvation,http://purl.obolibrary.org/obo/GO_0010106
GO:0010109,BP,regulation of photosynthesis,http://purl.obolibrary.org/obo/GO_0010109
GO:0010110,BP,"regulation of photosynthesis, dark reaction",http://purl.obolibrary.org/obo/GO_0010110
GO:0010111,BP,glyoxysome organization,http://purl.obolibrary.org/obo/GO_0010111
GO:0010112,BP,regulation of systemic acquired resistance,http://purl.obolibrary.org/obo/GO_0010112
GO:0010113,BP,negative regulation of systemic acquired resistance,http://purl.obolibrary.org/obo/GO_0010113
GO:0010114,BP,response to red light,http://purl.obolibrary.org/obo/GO_0010114
GO:0010115,BP,regulation of abscisic acid biosynthetic process,http://purl.obolibrary.org/obo/GO_0010115
GO:0010116,BP,positive regulation of abscisic acid biosynthetic process,http://purl.obolibrary.org/obo/GO_0010116
GO:0010117,BP,photoprotection,http://purl.obolibrary.org/obo/GO_0010117
GO:0010118,BP,stomatal movement,http://purl.obolibrary.org/obo/GO_0010118
GO:0010119,BP,regulation of stomatal movement,http://purl.obolibrary.org/obo/GO_0010119
GO:0010120,BP,camalexin biosynthetic process,http://purl.obolibrary.org/obo/GO_0010120
GO:0010121,BP,arginine catabolic process to proline via ornithine,http://purl.obolibrary.org/obo/GO_0010121
GO:0010124,BP,phenylacetate catabolic process,http://purl.obolibrary.org/obo/GO_0010124
GO:0010133,BP,proline catabolic process to glutamate,http://purl.obolibrary.org/obo/GO_0010133
GO:0010135,BP,ureide metabolic process,http://purl.obolibrary.org/obo/GO_0010135
GO:0010136,BP,ureide catabolic process,http://purl.obolibrary.org/obo/GO_0010136
GO:0010138,BP,pyrimidine ribonucleotide salvage,http://purl.obolibrary.org/obo/GO_0010138
GO:0010142,BP,"farnesyl diphosphate biosynthetic process, mevalonate pathway",http://purl.obolibrary.org/obo/GO_0010142
GO:0010143,BP,cutin biosynthetic process,http://purl.obolibrary.org/obo/GO_0010143
GO:0010148,BP,transpiration,http://purl.obolibrary.org/obo/GO_0010148
GO:0010150,BP,leaf senescence,http://purl.obolibrary.org/obo/GO_0010150
GO:0010151,BP,chloroplast elongation,http://purl.obolibrary.org/obo/GO_0010151
GO:0010152,BP,pollen maturation,http://purl.obolibrary.org/obo/GO_0010152
GO:0010154,BP,fruit development,http://purl.obolibrary.org/obo/GO_0010154
GO:0010155,BP,regulation of proton transport,http://purl.obolibrary.org/obo/GO_0010155
GO:0010157,BP,response to chlorate,http://purl.obolibrary.org/obo/GO_0010157
GO:0010158,BP,abaxial cell fate specification,http://purl.obolibrary.org/obo/GO_0010158
GO:0010161,BP,red light signaling pathway,http://purl.obolibrary.org/obo/GO_0010161
GO:0010162,BP,seed dormancy process,http://purl.obolibrary.org/obo/GO_0010162
GO:0010165,BP,response to X-ray,http://purl.obolibrary.org/obo/GO_0010165
GO:0010166,BP,wax metabolic process,http://purl.obolibrary.org/obo/GO_0010166
GO:0010167,BP,response to nitrate,http://purl.obolibrary.org/obo/GO_0010167
GO:0010168,CC,ER body,http://purl.obolibrary.org/obo/GO_0010168
GO:0010169,CC,thioglucosidase complex,http://purl.obolibrary.org/obo/GO_0010169
GO:0010170,CC,glucose-1-phosphate adenylyltransferase complex,http://purl.obolibrary.org/obo/GO_0010170
GO:0010176,MF,homogentisate phytyltransferase activity,http://purl.obolibrary.org/obo/GO_0010176
GO:0010177,MF,2-(2'-methylthio)ethylmalate synthase activity,http://purl.obolibrary.org/obo/GO_0010177
GO:0010178,MF,IAA-amino acid conjugate hydrolase activity,http://purl.obolibrary.org/obo/GO_0010178
GO:0010179,MF,IAA-Ala conjugate hydrolase activity,http://purl.obolibrary.org/obo/GO_0010179
GO:0010180,MF,thioglucosidase binding,http://purl.obolibrary.org/obo/GO_0010180
GO:0010181,MF,FMN binding,http://purl.obolibrary.org/obo/GO_0010181
GO:0010182,BP,sugar mediated signaling pathway,http://purl.obolibrary.org/obo/GO_0010182
GO:0010183,BP,pollen tube guidance,http://purl.obolibrary.org/obo/GO_0010183
GO:0010184,BP,cytokinin transport,http://purl.obolibrary.org/obo/GO_0010184
GO:0010185,BP,regulation of cellular defense response,http://purl.obolibrary.org/obo/GO_0010185
GO:0010186,BP,positive regulation of cellular defense response,http://purl.obolibrary.org/obo/GO_0010186
GO:0010187,BP,negative regulation of seed germination,http://purl.obolibrary.org/obo/GO_0010187
GO:0010188,BP,response to microbial phytotoxin,http://purl.obolibrary.org/obo/GO_0010188
GO:0010189,BP,vitamin E biosynthetic process,http://purl.obolibrary.org/obo/GO_0010189
GO:0010190,BP,cytochrome b6f complex assembly,http://purl.obolibrary.org/obo/GO_0010190
GO:0010191,BP,mucilage metabolic process,http://purl.obolibrary.org/obo/GO_0010191
GO:0010192,BP,mucilage biosynthetic process,http://purl.obolibrary.org/obo/GO_0010192
GO:0010193,BP,response to ozone,http://purl.obolibrary.org/obo/GO_0010193
GO:0010196,BP,nonphotochemical quenching,http://purl.obolibrary.org/obo/GO_0010196
GO:0010197,BP,polar nucleus fusion,http://purl.obolibrary.org/obo/GO_0010197
GO:0010198,BP,synergid death,http://purl.obolibrary.org/obo/GO_0010198
GO:0010199,BP,organ boundary specification between lateral organs and the meristem,http://purl.obolibrary.org/obo/GO_0010199
GO:0010200,BP,response to chitin,http://purl.obolibrary.org/obo/GO_0010200
GO:0010201,BP,response to continuous far red light stimulus by the high-irradiance response system,http://purl.obolibrary.org/obo/GO_0010201
GO:0010202,BP,response to low fluence red light stimulus,http://purl.obolibrary.org/obo/GO_0010202
GO:0010203,BP,response to very low fluence red light stimulus,http://purl.obolibrary.org/obo/GO_0010203
GO:0010205,BP,photoinhibition,http://purl.obolibrary.org/obo/GO_0010205
GO:0010206,BP,photosystem II repair,http://purl.obolibrary.org/obo/GO_0010206
GO:0010207,BP,photosystem II assembly,http://purl.obolibrary.org/obo/GO_0010207
GO:0010208,BP,pollen wall assembly,http://purl.obolibrary.org/obo/GO_0010208
GO:0010209,MF,vacuolar sorting signal binding,http://purl.obolibrary.org/obo/GO_0010209
GO:0010210,MF,IAA-Phe conjugate hydrolase activity,http://purl.obolibrary.org/obo/GO_0010210
GO:0010211,MF,IAA-Leu conjugate hydrolase activity,http://purl.obolibrary.org/obo/GO_0010211
GO:0010212,BP,response to ionizing radiation,http://purl.obolibrary.org/obo/GO_0010212
GO:0010213,BP,non-photoreactive DNA repair,http://purl.obolibrary.org/obo/GO_0010213
GO:0010214,BP,seed coat development,http://purl.obolibrary.org/obo/GO_0010214
GO:0010215,BP,cellulose microfibril organization,http://purl.obolibrary.org/obo/GO_0010215
GO:0010218,BP,response to far red light,http://purl.obolibrary.org/obo/GO_0010218
GO:0010219,BP,regulation of vernalization response,http://purl.obolibrary.org/obo/GO_0010219
GO:0010220,BP,positive regulation of vernalization response,http://purl.obolibrary.org/obo/GO_0010220
GO:0010221,BP,negative regulation of vernalization response,http://purl.obolibrary.org/obo/GO_0010221
GO:0010222,BP,stem vascular tissue pattern formation,http://purl.obolibrary.org/obo/GO_0010222
GO:0010223,BP,secondary shoot formation,http://purl.obolibrary.org/obo/GO_0010223
GO:0010224,BP,response to UV-B,http://purl.obolibrary.org/obo/GO_0010224
GO:0010225,BP,response to UV-C,http://purl.obolibrary.org/obo/GO_0010225
GO:0010226,BP,response to lithium ion,http://purl.obolibrary.org/obo/GO_0010226
GO:0010227,BP,floral organ abscission,http://purl.obolibrary.org/obo/GO_0010227
GO:0010228,BP,vegetative to reproductive phase transition of meristem,http://purl.obolibrary.org/obo/GO_0010228
GO:0010229,BP,inflorescence development,http://purl.obolibrary.org/obo/GO_0010229
GO:0010230,BP,alternative respiration,http://purl.obolibrary.org/obo/GO_0010230
GO:0010231,BP,maintenance of seed dormancy,http://purl.obolibrary.org/obo/GO_0010231
GO:0010232,BP,vascular transport,http://purl.obolibrary.org/obo/GO_0010232
GO:0010233,BP,phloem transport,http://purl.obolibrary.org/obo/GO_0010233
GO:0010234,BP,anther wall tapetum cell fate specification,http://purl.obolibrary.org/obo/GO_0010234
GO:0010235,BP,guard mother cell cytokinesis,http://purl.obolibrary.org/obo/GO_0010235
GO:0010236,BP,plastoquinone biosynthetic process,http://purl.obolibrary.org/obo/GO_0010236
GO:0010239,BP,chloroplast mRNA processing,http://purl.obolibrary.org/obo/GO_0010239
GO:0010241,BP,ent-kaurene oxidation to kaurenoic acid,http://purl.obolibrary.org/obo/GO_0010241
GO:0010242,MF,oxygen evolving activity,http://purl.obolibrary.org/obo/GO_0010242
GO:0010243,BP,response to organonitrogen compound,http://purl.obolibrary.org/obo/GO_0010243
GO:0010244,BP,response to low fluence blue light stimulus by blue low-fluence system,http://purl.obolibrary.org/obo/GO_0010244
GO:0010245,BP,radial microtubular system formation,http://purl.obolibrary.org/obo/GO_0010245
GO:0010246,BP,rhamnogalacturonan I biosynthetic process,http://purl.obolibrary.org/obo/GO_0010246
GO:0010247,BP,detection of phosphate ion,http://purl.obolibrary.org/obo/GO_0010247
GO:0010248,BP,establishment or maintenance of transmembrane electrochemical gradient,http://purl.obolibrary.org/obo/GO_0010248
GO:0010249,BP,auxin conjugate metabolic process,http://purl.obolibrary.org/obo/GO_0010249
GO:0010253,BP,UDP-rhamnose biosynthetic process,http://purl.obolibrary.org/obo/GO_0010253
GO:0010254,BP,nectary development,http://purl.obolibrary.org/obo/GO_0010254
GO:0010255,BP,glucose mediated signaling pathway,http://purl.obolibrary.org/obo/GO_0010255
GO:0010256,BP,endomembrane system organization,http://purl.obolibrary.org/obo/GO_0010256
GO:0010257,BP,NADH dehydrogenase complex assembly,http://purl.obolibrary.org/obo/GO_0010257
GO:0010258,BP,NADH dehydrogenase complex (plastoquinone) assembly,http://purl.obolibrary.org/obo/GO_0010258
GO:0010262,BP,somatic embryogenesis,http://purl.obolibrary.org/obo/GO_0010262
GO:0010263,BP,tricyclic triterpenoid biosynthetic process,http://purl.obolibrary.org/obo/GO_0010263
GO:0010264,BP,myo-inositol hexakisphosphate biosynthetic process,http://purl.obolibrary.org/obo/GO_0010264
GO:0010265,BP,SCF complex assembly,http://purl.obolibrary.org/obo/GO_0010265
GO:0010266,BP,response to vitamin B1,http://purl.obolibrary.org/obo/GO_0010266
GO:0010267,BP,production of ta-siRNAs involved in RNA interference,http://purl.obolibrary.org/obo/GO_0010267
GO:0010268,BP,brassinosteroid homeostasis,http://purl.obolibrary.org/obo/GO_0010268
GO:0010269,BP,response to selenium ion,http://purl.obolibrary.org/obo/GO_0010269
GO:0010270,BP,photosystem II oxygen evolving complex assembly,http://purl.obolibrary.org/obo/GO_0010270
GO:0010271,BP,regulation of chlorophyll catabolic process,http://purl.obolibrary.org/obo/GO_0010271
GO:0010272,BP,response to silver ion,http://purl.obolibrary.org/obo/GO_0010272
GO:0010273,BP,detoxification of copper ion,http://purl.obolibrary.org/obo/GO_0010273
GO:0010274,BP,hydrotropism,http://purl.obolibrary.org/obo/GO_0010274
GO:0010275,BP,NAD(P)H dehydrogenase complex assembly,http://purl.obolibrary.org/obo/GO_0010275
GO:0010276,MF,phytol kinase activity,http://purl.obolibrary.org/obo/GO_0010276
GO:0010277,MF,chlorophyllide a oxygenase [overall] activity,http://purl.obolibrary.org/obo/GO_0010277
GO:0010278,CC,chloroplast outer membrane translocon,http://purl.obolibrary.org/obo/GO_0010278
GO:0010279,MF,indole-3-acetic acid amido synthetase activity,http://purl.obolibrary.org/obo/GO_0010279
GO:0010280,MF,UDP-L-rhamnose synthase activity,http://purl.obolibrary.org/obo/GO_0010280
GO:0010282,CC,senescence-associated vacuole,http://purl.obolibrary.org/obo/GO_0010282
GO:0010283,MF,pinoresinol reductase activity,http://purl.obolibrary.org/obo/GO_0010283
GO:0010284,MF,lariciresinol reductase activity,http://purl.obolibrary.org/obo/GO_0010284
GO:0010285,MF,"L,L-diaminopimelate aminotransferase activity",http://purl.obolibrary.org/obo/GO_0010285
GO:0010286,BP,heat acclimation,http://purl.obolibrary.org/obo/GO_0010286
GO:0010287,CC,plastoglobule,http://purl.obolibrary.org/obo/GO_0010287
GO:0010288,BP,response to lead ion,http://purl.obolibrary.org/obo/GO_0010288
GO:0010289,BP,homogalacturonan biosynthetic process,http://purl.obolibrary.org/obo/GO_0010289
GO:0010290,MF,chlorophyll catabolite transmembrane transporter activity,http://purl.obolibrary.org/obo/GO_0010290
GO:0010291,MF,carotene beta-ring hydroxylase activity,http://purl.obolibrary.org/obo/GO_0010291
GO:0010293,MF,abscisic aldehyde oxidase activity,http://purl.obolibrary.org/obo/GO_0010293
GO:0010294,MF,abscisic acid glucosyltransferase activity,http://purl.obolibrary.org/obo/GO_0010294
GO:0010295,MF,(+)-abscisic acid 8'-hydroxylase activity,http://purl.obolibrary.org/obo/GO_0010295
GO:0010296,MF,prenylcysteine methylesterase activity,http://purl.obolibrary.org/obo/GO_0010296
GO:0010297,MF,heteropolysaccharide binding,http://purl.obolibrary.org/obo/GO_0010297
GO:0010298,MF,dihydrocamalexic acid decarboxylase activity,http://purl.obolibrary.org/obo/GO_0010298
GO:0010301,MF,xanthoxin dehydrogenase activity,http://purl.obolibrary.org/obo/GO_0010301
GO:0010303,MF,limit dextrinase activity,http://purl.obolibrary.org/obo/GO_0010303
GO:0010304,BP,PSII associated light-harvesting complex II catabolic process,http://purl.obolibrary.org/obo/GO_0010304
GO:0010305,BP,leaf vascular tissue pattern formation,http://purl.obolibrary.org/obo/GO_0010305
GO:0010306,BP,rhamnogalacturonan II biosynthetic process,http://purl.obolibrary.org/obo/GO_0010306
GO:0010307,MF,acetylglutamate kinase regulator activity,http://purl.obolibrary.org/obo/GO_0010307
GO:0010309,MF,acireductone dioxygenase [iron(II)-requiring] activity,http://purl.obolibrary.org/obo/GO_0010309
GO:0010310,BP,regulation of hydrogen peroxide metabolic process,http://purl.obolibrary.org/obo/GO_0010310
GO:0010311,BP,lateral root formation,http://purl.obolibrary.org/obo/GO_0010311
GO:0010312,BP,detoxification of zinc ion,http://purl.obolibrary.org/obo/GO_0010312
GO:0010313,MF,phytochrome binding,http://purl.obolibrary.org/obo/GO_0010313
GO:0010314,MF,phosphatidylinositol-5-phosphate binding,http://purl.obolibrary.org/obo/GO_0010314
GO:0010315,BP,auxin efflux,http://purl.obolibrary.org/obo/GO_0010315
GO:0010319,CC,stromule,http://purl.obolibrary.org/obo/GO_0010319
GO:0010321,BP,regulation of vegetative phase change,http://purl.obolibrary.org/obo/GO_0010321
GO:0010322,BP,"regulation of isopentenyl diphosphate biosynthetic process, methylerythritol 4-phosphate pathway",http://purl.obolibrary.org/obo/GO_0010322
GO:0010323,BP,"negative regulation of isopentenyl diphosphate biosynthetic process, methylerythritol 4-phosphate pathway",http://purl.obolibrary.org/obo/GO_0010323
GO:0010324,BP,membrane invagination,http://purl.obolibrary.org/obo/GO_0010324
GO:0010325,BP,raffinose family oligosaccharide biosynthetic process,http://purl.obolibrary.org/obo/GO_0010325
GO:0010326,MF,methionine-oxo-acid transaminase activity,http://purl.obolibrary.org/obo/GO_0010326
GO:0010327,MF,acetyl CoA:(Z)-3-hexen-1-ol acetyltransferase activity,http://purl.obolibrary.org/obo/GO_0010327
GO:0010328,MF,auxin influx transmembrane transporter activity,http://purl.obolibrary.org/obo/GO_0010328
GO:0010329,MF,auxin efflux transmembrane transporter activity,http://purl.obolibrary.org/obo/GO_0010329
GO:0010330,CC,cellulose synthase complex,http://purl.obolibrary.org/obo/GO_0010330
GO:0010331,MF,gibberellin binding,http://purl.obolibrary.org/obo/GO_0010331
GO:0010332,BP,response to gamma radiation,http://purl.obolibrary.org/obo/GO_0010332
GO:0010333,MF,terpene synthase activity,http://purl.obolibrary.org/obo/GO_0010333
GO:0010334,MF,sesquiterpene synthase activity,http://purl.obolibrary.org/obo/GO_0010334
GO:0010335,BP,response to non-ionic osmotic stress,http://purl.obolibrary.org/obo/GO_0010335
GO:0010336,BP,gibberellic acid homeostasis,http://purl.obolibrary.org/obo/GO_0010336
GO:0010337,BP,regulation of salicylic acid metabolic process,http://purl.obolibrary.org/obo/GO_0010337
GO:0010338,BP,leaf formation,http://purl.obolibrary.org/obo/GO_0010338
GO:0010340,MF,carboxyl-O-methyltransferase activity,http://purl.obolibrary.org/obo/GO_0010340
GO:0010341,MF,gibberellin carboxyl-O-methyltransferase activity,http://purl.obolibrary.org/obo/GO_0010341
GO:0010342,BP,endosperm cellularization,http://purl.obolibrary.org/obo/GO_0010342
GO:0010343,BP,singlet oxygen-mediated programmed cell death,http://purl.obolibrary.org/obo/GO_0010343
GO:0010344,BP,seed oilbody biogenesis,http://purl.obolibrary.org/obo/GO_0010344
GO:0010345,BP,suberin biosynthetic process,http://purl.obolibrary.org/obo/GO_0010345
GO:0010346,BP,shoot axis formation,http://purl.obolibrary.org/obo/GO_0010346
GO:0010347,MF,L-galactose-1-phosphate phosphatase activity,http://purl.obolibrary.org/obo/GO_0010347
GO:0010349,MF,L-galactose dehydrogenase activity,http://purl.obolibrary.org/obo/GO_0010349
GO:0010350,BP,cellular response to magnesium starvation,http://purl.obolibrary.org/obo/GO_0010350
GO:0010351,BP,lithium ion transport,http://purl.obolibrary.org/obo/GO_0010351
GO:0010352,BP,lithium ion export across the plasma membrane,http://purl.obolibrary.org/obo/GO_0010352
GO:0010353,BP,response to trehalose,http://purl.obolibrary.org/obo/GO_0010353
GO:0010354,MF,homogentisate prenyltransferase activity,http://purl.obolibrary.org/obo/GO_0010354
GO:0010355,MF,homogentisate farnesyltransferase activity,http://purl.obolibrary.org/obo/GO_0010355
GO:0010356,MF,homogentisate geranylgeranyltransferase activity,http://purl.obolibrary.org/obo/GO_0010356
GO:0010357,MF,homogentisate solanesyltransferase activity,http://purl.obolibrary.org/obo/GO_0010357
GO:0010358,BP,leaf shaping,http://purl.obolibrary.org/obo/GO_0010358
GO:0010359,BP,regulation of anion channel activity,http://purl.obolibrary.org/obo/GO_0010359
GO:0010360,BP,negative regulation of anion channel activity,http://purl.obolibrary.org/obo/GO_0010360
GO:0010361,BP,regulation of anion channel activity by blue light,http://purl.obolibrary.org/obo/GO_0010361
GO:0010362,BP,negative regulation of anion channel activity by blue light,http://purl.obolibrary.org/obo/GO_0010362
GO:0010363,BP,regulation of plant-type hypersensitive response,http://purl.obolibrary.org/obo/GO_0010363
GO:0010364,BP,regulation of ethylene biosynthetic process,http://purl.obolibrary.org/obo/GO_0010364
GO:0010365,BP,positive regulation of ethylene biosynthetic process,http://purl.obolibrary.org/obo/GO_0010365
GO:0010366,BP,negative regulation of ethylene biosynthetic process,http://purl.obolibrary.org/obo/GO_0010366
GO:0010368,CC,chloroplast isoamylase complex,http://purl.obolibrary.org/obo/GO_0010368
GO:0010369,CC,chromocenter,http://purl.obolibrary.org/obo/GO_0010369
GO:0010370,CC,perinucleolar chromocenter,http://purl.obolibrary.org/obo/GO_0010370
GO:0010371,BP,regulation of gibberellin biosynthetic process,http://purl.obolibrary.org/obo/GO_0010371
GO:0010372,BP,positive regulation of gibberellin biosynthetic process,http://purl.obolibrary.org/obo/GO_0010372
GO:0010373,BP,negative regulation of gibberellin biosynthetic process,http://purl.obolibrary.org/obo/GO_0010373
GO:0010374,BP,stomatal complex development,http://purl.obolibrary.org/obo/GO_0010374
GO:0010375,BP,stomatal complex patterning,http://purl.obolibrary.org/obo/GO_0010375
GO:0010376,BP,stomatal complex formation,http://purl.obolibrary.org/obo/GO_0010376
GO:0010377,BP,guard cell fate commitment,http://purl.obolibrary.org/obo/GO_0010377
GO:0010378,BP,temperature compensation of the circadian clock,http://purl.obolibrary.org/obo/GO_0010378
GO:0010380,BP,regulation of chlorophyll biosynthetic process,http://purl.obolibrary.org/obo/GO_0010380
GO:0010381,BP,peroxisome-chloroplast membrane tethering,http://purl.obolibrary.org/obo/GO_0010381
GO:0010383,BP,cell wall polysaccharide metabolic process,http://purl.obolibrary.org/obo/GO_0010383
GO:0010384,BP,cell wall proteoglycan metabolic process,http://purl.obolibrary.org/obo/GO_0010384
GO:0010385,MF,double-stranded methylated DNA binding,http://purl.obolibrary.org/obo/GO_0010385
GO:0010387,BP,COP9 signalosome assembly,http://purl.obolibrary.org/obo/GO_0010387
GO:0010389,BP,regulation of G2/M transition of mitotic cell cycle,http://purl.obolibrary.org/obo/GO_0010389
GO:0010392,BP,galactoglucomannan metabolic process,http://purl.obolibrary.org/obo/GO_0010392
GO:0010393,BP,galacturonan metabolic process,http://purl.obolibrary.org/obo/GO_0010393
GO:0010394,BP,homogalacturonan metabolic process,http://purl.obolibrary.org/obo/GO_0010394
GO:0010395,BP,rhamnogalacturonan I metabolic process,http://purl.obolibrary.org/obo/GO_0010395
GO:0010396,BP,rhamnogalacturonan II metabolic process,http://purl.obolibrary.org/obo/GO_0010396
GO:0010398,BP,xylogalacturonan metabolic process,http://purl.obolibrary.org/obo/GO_0010398
GO:0010400,BP,rhamnogalacturonan I side chain metabolic process,http://purl.obolibrary.org/obo/GO_0010400
GO:0010401,BP,pectic galactan metabolic process,http://purl.obolibrary.org/obo/GO_0010401
GO:0010404,BP,cell wall hydroxyproline-rich glycoprotein metabolic process,http://purl.obolibrary.org/obo/GO_0010404
GO:0010405,BP,arabinogalactan protein metabolic process,http://purl.obolibrary.org/obo/GO_0010405
GO:0010406,BP,classical arabinogalactan protein metabolic process,http://purl.obolibrary.org/obo/GO_0010406
GO:0010407,BP,non-classical arabinogalactan protein metabolic process,http://purl.obolibrary.org/obo/GO_0010407
GO:0010409,BP,extensin metabolic process,http://purl.obolibrary.org/obo/GO_0010409
GO:0010410,BP,hemicellulose metabolic process,http://purl.obolibrary.org/obo/GO_0010410
GO:0010411,BP,xyloglucan metabolic process,http://purl.obolibrary.org/obo/GO_0010411
GO:0010412,BP,mannan metabolic process,http://purl.obolibrary.org/obo/GO_0010412
GO:0010413,BP,glucuronoxylan metabolic process,http://purl.obolibrary.org/obo/GO_0010413
GO:0010417,BP,glucuronoxylan biosynthetic process,http://purl.obolibrary.org/obo/GO_0010417
GO:0010419,BP,rhamnogalacturonan II side chain metabolic process,http://purl.obolibrary.org/obo/GO_0010419
GO:0010420,MF,"3,4-dihydroxy-5-polyprenylbenzoic acid O-methyltransferase activity",http://purl.obolibrary.org/obo/GO_0010420
GO:0010421,BP,hydrogen peroxide-mediated programmed cell death,http://purl.obolibrary.org/obo/GO_0010421
GO:0010422,BP,regulation of brassinosteroid biosynthetic process,http://purl.obolibrary.org/obo/GO_0010422
GO:0010423,BP,negative regulation of brassinosteroid biosynthetic process,http://purl.obolibrary.org/obo/GO_0010423
GO:0010427,MF,abscisic acid binding,http://purl.obolibrary.org/obo/GO_0010427
GO:0010428,MF,methyl-CpNpG binding,http://purl.obolibrary.org/obo/GO_0010428
GO:0010429,MF,methyl-CpNpN binding,http://purl.obolibrary.org/obo/GO_0010429
GO:0010430,BP,fatty acid omega-oxidation,http://purl.obolibrary.org/obo/GO_0010430
GO:0010431,BP,seed maturation,http://purl.obolibrary.org/obo/GO_0010431
GO:0010432,BP,bract development,http://purl.obolibrary.org/obo/GO_0010432
GO:0010433,BP,bract morphogenesis,http://purl.obolibrary.org/obo/GO_0010433
GO:0010434,BP,bract formation,http://purl.obolibrary.org/obo/GO_0010434
GO:0010436,MF,carotenoid dioxygenase activity,http://purl.obolibrary.org/obo/GO_0010436
GO:0010438,BP,cellular response to sulfur starvation,http://purl.obolibrary.org/obo/GO_0010438
GO:0010439,BP,regulation of glucosinolate biosynthetic process,http://purl.obolibrary.org/obo/GO_0010439
GO:0010440,BP,stomatal lineage progression,http://purl.obolibrary.org/obo/GO_0010440
GO:0010441,BP,guard cell development,http://purl.obolibrary.org/obo/GO_0010441
GO:0010442,BP,guard cell morphogenesis,http://purl.obolibrary.org/obo/GO_0010442
GO:0010444,BP,guard mother cell differentiation,http://purl.obolibrary.org/obo/GO_0010444
GO:0010445,CC,nuclear dicing body,http://purl.obolibrary.org/obo/GO_0010445
GO:0010446,BP,response to alkaline pH,http://purl.obolibrary.org/obo/GO_0010446
GO:0010447,BP,response to acidic pH,http://purl.obolibrary.org/obo/GO_0010447
GO:0010448,BP,vegetative meristem growth,http://purl.obolibrary.org/obo/GO_0010448
GO:0010449,BP,root meristem growth,http://purl.obolibrary.org/obo/GO_0010449
GO:0010450,BP,inflorescence meristem growth,http://purl.obolibrary.org/obo/GO_0010450
GO:0010451,BP,floral meristem growth,http://purl.obolibrary.org/obo/GO_0010451
GO:0010453,BP,regulation of cell fate commitment,http://purl.obolibrary.org/obo/GO_0010453
GO:0010454,BP,negative regulation of cell fate commitment,http://purl.obolibrary.org/obo/GO_0010454
GO:0010455,BP,positive regulation of cell fate commitment,http://purl.obolibrary.org/obo/GO_0010455
GO:0010458,BP,exit from mitosis,http://purl.obolibrary.org/obo/GO_0010458
GO:0010466,BP,negative regulation of peptidase activity,http://purl.obolibrary.org/obo/GO_0010466
GO:0010467,BP,gene expression,http://purl.obolibrary.org/obo/GO_0010467
GO:0010468,BP,regulation of gene expression,http://purl.obolibrary.org/obo/GO_0010468
GO:0010469,BP,regulation of signaling receptor activity,http://purl.obolibrary.org/obo/GO_0010469
GO:0010471,MF,GDP-galactose:mannose-1-phosphate guanylyltransferase activity,http://purl.obolibrary.org/obo/GO_0010471
GO:0010472,MF,GDP-galactose:glucose-1-phosphate guanylyltransferase activity,http://purl.obolibrary.org/obo/GO_0010472
GO:0010473,MF,GDP-galactose:myoinositol-1-phosphate guanylyltransferase activity,http://purl.obolibrary.org/obo/GO_0010473
GO:0010476,BP,gibberellin mediated signaling pathway,http://purl.obolibrary.org/obo/GO_0010476
GO:0010477,BP,response to sulfur dioxide,http://purl.obolibrary.org/obo/GO_0010477
GO:0010478,BP,chlororespiration,http://purl.obolibrary.org/obo/GO_0010478
GO:0010479,BP,stele development,http://purl.obolibrary.org/obo/GO_0010479
GO:0010481,BP,epidermal cell division,http://purl.obolibrary.org/obo/GO_0010481
GO:0010482,BP,regulation of epidermal cell division,http://purl.obolibrary.org/obo/GO_0010482
GO:0010483,BP,pollen tube reception,http://purl.obolibrary.org/obo/GO_0010483
GO:0010484,MF,H3 histone acetyltransferase activity,http://purl.obolibrary.org/obo/GO_0010484
GO:0010485,MF,H4 histone acetyltransferase activity,http://purl.obolibrary.org/obo/GO_0010485
GO:0010486,MF,manganese:proton antiporter activity,http://purl.obolibrary.org/obo/GO_0010486
GO:0010487,MF,thermospermine synthase activity,http://purl.obolibrary.org/obo/GO_0010487
GO:0010488,MF,"UDP-galactose:N-glycan beta-1,3-galactosyltransferase activity",http://purl.obolibrary.org/obo/GO_0010488
GO:0010489,MF,"UDP-4-keto-6-deoxy-glucose-3,5-epimerase activity",http://purl.obolibrary.org/obo/GO_0010489
GO:0010490,MF,UDP-4-keto-rhamnose-4-keto-reductase activity,http://purl.obolibrary.org/obo/GO_0010490
GO:0010491,MF,UTP:arabinose-1-phosphate uridylyltransferase activity,http://purl.obolibrary.org/obo/GO_0010491
GO:0010492,BP,maintenance of shoot apical meristem identity,http://purl.obolibrary.org/obo/GO_0010492
GO:0010493,BP,Lewis a epitope biosynthetic process,http://purl.obolibrary.org/obo/GO_0010493
GO:0010494,CC,cytoplasmic stress granule,http://purl.obolibrary.org/obo/GO_0010494
GO:0010495,BP,long-distance posttranscriptional gene silencing,http://purl.obolibrary.org/obo/GO_0010495
GO:0010496,BP,intercellular transport,http://purl.obolibrary.org/obo/GO_0010496
GO:0010497,BP,plasmodesmata-mediated intercellular transport,http://purl.obolibrary.org/obo/GO_0010497
GO:0010498,BP,proteasomal protein catabolic process,http://purl.obolibrary.org/obo/GO_0010498
GO:0010499,BP,proteasomal ubiquitin-independent protein catabolic process,http://purl.obolibrary.org/obo/GO_0010499
GO:0010500,BP,transmitting tissue development,http://purl.obolibrary.org/obo/GO_0010500
GO:0010501,BP,RNA secondary structure unwinding,http://purl.obolibrary.org/obo/GO_0010501
GO:0010506,BP,regulation of autophagy,http://purl.obolibrary.org/obo/GO_0010506
GO:0010507,BP,negative regulation of autophagy,http://purl.obolibrary.org/obo/GO_0010507
GO:0010508,BP,positive regulation of autophagy,http://purl.obolibrary.org/obo/GO_0010508
GO:0010511,BP,regulation of phosphatidylinositol biosynthetic process,http://purl.obolibrary.org/obo/GO_0010511
GO:0010513,BP,positive regulation of phosphatidylinositol biosynthetic process,http://purl.obolibrary.org/obo/GO_0010513
GO:0010517,BP,regulation of phospholipase activity,http://purl.obolibrary.org/obo/GO_0010517
GO:0010518,BP,positive regulation of phospholipase activity,http://purl.obolibrary.org/obo/GO_0010518
GO:0010520,BP,regulation of reciprocal meiotic recombination,http://purl.obolibrary.org/obo/GO_0010520
GO:0010521,MF,telomerase inhibitor activity,http://purl.obolibrary.org/obo/GO_0010521
GO:0010526,BP,"negative regulation of transposition, RNA-mediated",http://purl.obolibrary.org/obo/GO_0010526
GO:0010540,BP,basipetal auxin transport,http://purl.obolibrary.org/obo/GO_0010540
GO:0010541,BP,acropetal auxin transport,http://purl.obolibrary.org/obo/GO_0010541
GO:0010542,MF,nitrate efflux transmembrane transporter activity,http://purl.obolibrary.org/obo/GO_0010542
GO:0010555,BP,response to mannitol,http://purl.obolibrary.org/obo/GO_0010555
GO:0010556,BP,regulation of macromolecule biosynthetic process,http://purl.obolibrary.org/obo/GO_0010556
GO:0010557,BP,positive regulation of macromolecule biosynthetic process,http://purl.obolibrary.org/obo/GO_0010557
GO:0010558,BP,negative regulation of macromolecule biosynthetic process,http://purl.obolibrary.org/obo/GO_0010558
GO:0010562,BP,positive regulation of phosphorus metabolic process,http://purl.obolibrary.org/obo/GO_0010562
GO:0010563,BP,negative regulation of phosphorus metabolic process,http://purl.obolibrary.org/obo/GO_0010563
GO:0010564,BP,regulation of cell cycle process,http://purl.obolibrary.org/obo/GO_0010564
GO:0010565,BP,regulation of cellular ketone metabolic process,http://purl.obolibrary.org/obo/GO_0010565
GO:0010569,BP,regulation of double-strand break repair via homologous recombination,http://purl.obolibrary.org/obo/GO_0010569
GO:0010581,BP,regulation of starch biosynthetic process,http://purl.obolibrary.org/obo/GO_0010581
GO:0010582,BP,floral meristem determinacy,http://purl.obolibrary.org/obo/GO_0010582
GO:0010583,BP,response to cyclopentenone,http://purl.obolibrary.org/obo/GO_0010583
GO:0010584,BP,pollen exine formation,http://purl.obolibrary.org/obo/GO_0010584
GO:0010585,BP,glutamine secretion,http://purl.obolibrary.org/obo/GO_0010585
GO:0010586,BP,miRNA metabolic process,http://purl.obolibrary.org/obo/GO_0010586
GO:0010587,BP,miRNA catabolic process,http://purl.obolibrary.org/obo/GO_0010587
GO:0010588,BP,cotyledon vascular tissue pattern formation,http://purl.obolibrary.org/obo/GO_0010588
GO:0010589,BP,leaf proximal/distal pattern formation,http://purl.obolibrary.org/obo/GO_0010589
GO:0010591,BP,regulation of lamellipodium assembly,http://purl.obolibrary.org/obo/GO_0010591
GO:0010592,BP,positive regulation of lamellipodium assembly,http://purl.obolibrary.org/obo/GO_0010592
GO:0010597,BP,green leaf volatile biosynthetic process,http://purl.obolibrary.org/obo/GO_0010597
GO:0010598,CC,NAD(P)H dehydrogenase complex (plastoquinone),http://purl.obolibrary.org/obo/GO_0010598
GO:0010599,BP,production of lsiRNA involved in RNA interference,http://purl.obolibrary.org/obo/GO_0010599
GO:0010600,BP,regulation of auxin biosynthetic process,http://purl.obolibrary.org/obo/GO_0010600
GO:0010601,BP,positive regulation of auxin biosynthetic process,http://purl.obolibrary.org/obo/GO_0010601
GO:0010602,BP,regulation of 1-aminocyclopropane-1-carboxylate metabolic process,http://purl.obolibrary.org/obo/GO_0010602
GO:0010603,BP,regulation of cytoplasmic mRNA processing body assembly,http://purl.obolibrary.org/obo/GO_0010603
GO:0010604,BP,positive regulation of macromolecule metabolic process,http://purl.obolibrary.org/obo/GO_0010604
GO:0010605,BP,negative regulation of macromolecule metabolic process,http://purl.obolibrary.org/obo/GO_0010605
GO:0010606,BP,positive regulation of cytoplasmic mRNA processing body assembly,http://purl.obolibrary.org/obo/GO_0010606
GO:0010608,BP,posttranscriptional regulation of gene expression,http://purl.obolibrary.org/obo/GO_0010608
GO:0010617,BP,circadian regulation of calcium ion oscillation,http://purl.obolibrary.org/obo/GO_0010617
GO:0010618,BP,aerenchyma formation,http://purl.obolibrary.org/obo/GO_0010618
GO:0010622,BP,specification of ovule identity,http://purl.obolibrary.org/obo/GO_0010622
GO:0010623,BP,programmed cell death involved in cell development,http://purl.obolibrary.org/obo/GO_0010623
GO:0010628,BP,positive regulation of gene expression,http://purl.obolibrary.org/obo/GO_0010628
GO:0010629,BP,negative regulation of gene expression,http://purl.obolibrary.org/obo/GO_0010629
GO:0010635,BP,regulation of mitochondrial fusion,http://purl.obolibrary.org/obo/GO_0010635
GO:0010636,BP,positive regulation of mitochondrial fusion,http://purl.obolibrary.org/obo/GO_0010636
GO:0010638,BP,positive regulation of organelle organization,http://purl.obolibrary.org/obo/GO_0010638
GO:0010639,BP,negative regulation of organelle organization,http://purl.obolibrary.org/obo/GO_0010639
GO:0010646,BP,regulation of cell communication,http://purl.obolibrary.org/obo/GO_0010646
GO:0010647,BP,positive regulation of cell communication,http://purl.obolibrary.org/obo/GO_0010647
GO:0010648,BP,negative regulation of cell communication,http://purl.obolibrary.org/obo/GO_0010648
GO:0010654,BP,apical cell fate commitment,http://purl.obolibrary.org/obo/GO_0010654
GO:0010683,BP,tricyclic triterpenoid metabolic process,http://purl.obolibrary.org/obo/GO_0010683
GO:0010685,BP,tetracyclic triterpenoid metabolic process,http://purl.obolibrary.org/obo/GO_0010685
GO:0010686,BP,tetracyclic triterpenoid biosynthetic process,http://purl.obolibrary.org/obo/GO_0010686
GO:0010720,BP,positive regulation of cell development,http://purl.obolibrary.org/obo/GO_0010720
GO:0010721,BP,negative regulation of cell development,http://purl.obolibrary.org/obo/GO_0010721
GO:0010726,BP,positive regulation of hydrogen peroxide metabolic process,http://purl.obolibrary.org/obo/GO_0010726
GO:0010727,BP,negative regulation of hydrogen peroxide metabolic process,http://purl.obolibrary.org/obo/GO_0010727
GO:0010728,BP,regulation of hydrogen peroxide biosynthetic process,http://purl.obolibrary.org/obo/GO_0010728
GO:0010729,BP,positive regulation of hydrogen peroxide biosynthetic process,http://purl.obolibrary.org/obo/GO_0010729
GO:0010730,BP,negative regulation of hydrogen peroxide biosynthetic process,http://purl.obolibrary.org/obo/GO_0010730
GO:0010731,BP,protein glutathionylation,http://purl.obolibrary.org/obo/GO_0010731
GO:0010737,BP,protein kinase A signaling,http://purl.obolibrary.org/obo/GO_0010737
GO:0010738,BP,regulation of protein kinase A signaling,http://purl.obolibrary.org/obo/GO_0010738
GO:0010770,BP,positive regulation of cell morphogenesis involved in differentiation,http://purl.obolibrary.org/obo/GO_0010770
GO:0010771,BP,negative regulation of cell morphogenesis involved in differentiation,http://purl.obolibrary.org/obo/GO_0010771
GO:0010774,BP,meiotic strand invasion involved in reciprocal meiotic recombination,http://purl.obolibrary.org/obo/GO_0010774
GO:0010777,BP,meiotic mismatch repair involved in reciprocal meiotic recombination,http://purl.obolibrary.org/obo/GO_0010777
GO:0010789,BP,meiotic sister chromatid cohesion involved in meiosis I,http://purl.obolibrary.org/obo/GO_0010789
GO:0010792,BP,DNA double-strand break processing involved in repair via single-strand annealing,http://purl.obolibrary.org/obo/GO_0010792
GO:0010817,BP,regulation of hormone levels,http://purl.obolibrary.org/obo/GO_0010817
GO:0010821,BP,regulation of mitochondrion organization,http://purl.obolibrary.org/obo/GO_0010821
GO:0010827,BP,regulation of glucose transmembrane transport,http://purl.obolibrary.org/obo/GO_0010827
GO:0010828,BP,positive regulation of glucose transmembrane transport,http://purl.obolibrary.org/obo/GO_0010828
GO:0010833,BP,telomere maintenance via telomere lengthening,http://purl.obolibrary.org/obo/GO_0010833
GO:0010845,BP,positive regulation of reciprocal meiotic recombination,http://purl.obolibrary.org/obo/GO_0010845
GO:0010857,MF,calcium-dependent protein kinase activity,http://purl.obolibrary.org/obo/GO_0010857
GO:0010863,BP,positive regulation of phospholipase C activity,http://purl.obolibrary.org/obo/GO_0010863
GO:0010865,BP,stipule development,http://purl.obolibrary.org/obo/GO_0010865
GO:0010866,BP,regulation of triglyceride biosynthetic process,http://purl.obolibrary.org/obo/GO_0010866
GO:0010876,BP,lipid localization,http://purl.obolibrary.org/obo/GO_0010876
GO:0010883,BP,regulation of lipid storage,http://purl.obolibrary.org/obo/GO_0010883
GO:0010888,BP,negative regulation of lipid storage,http://purl.obolibrary.org/obo/GO_0010888
GO:0010893,BP,positive regulation of steroid biosynthetic process,http://purl.obolibrary.org/obo/GO_0010893
GO:0010894,BP,negative regulation of steroid biosynthetic process,http://purl.obolibrary.org/obo/GO_0010894
GO:0010896,BP,regulation of triglyceride catabolic process,http://purl.obolibrary.org/obo/GO_0010896
GO:0010906,BP,regulation of glucose metabolic process,http://purl.obolibrary.org/obo/GO_0010906
GO:0010919,BP,regulation of inositol phosphate biosynthetic process,http://purl.obolibrary.org/obo/GO_0010919
GO:0010921,BP,regulation of phosphatase activity,http://purl.obolibrary.org/obo/GO_0010921
GO:0010922,BP,positive regulation of phosphatase activity,http://purl.obolibrary.org/obo/GO_0010922
GO:0010923,BP,negative regulation of phosphatase activity,http://purl.obolibrary.org/obo/GO_0010923
GO:0010927,BP,cellular component assembly involved in morphogenesis,http://purl.obolibrary.org/obo/GO_0010927
GO:0010928,BP,regulation of auxin mediated signaling pathway,http://purl.obolibrary.org/obo/GO_0010928
GO:0010929,BP,positive regulation of auxin mediated signaling pathway,http://purl.obolibrary.org/obo/GO_0010929
GO:0010930,BP,negative regulation of auxin mediated signaling pathway,http://purl.obolibrary.org/obo/GO_0010930
GO:0010945,MF,CoA pyrophosphatase activity,http://purl.obolibrary.org/obo/GO_0010945
GO:0010948,BP,negative regulation of cell cycle process,http://purl.obolibrary.org/obo/GO_0010948
GO:0010951,BP,negative regulation of endopeptidase activity,http://purl.obolibrary.org/obo/GO_0010951
GO:0010959,BP,regulation of metal ion transport,http://purl.obolibrary.org/obo/GO_0010959
GO:0010960,BP,magnesium ion homeostasis,http://purl.obolibrary.org/obo/GO_0010960
GO:0010962,BP,regulation of glucan biosynthetic process,http://purl.obolibrary.org/obo/GO_0010962
GO:0010965,BP,regulation of mitotic sister chromatid separation,http://purl.obolibrary.org/obo/GO_0010965
GO:0010966,BP,regulation of phosphate transport,http://purl.obolibrary.org/obo/GO_0010966
GO:0010968,BP,regulation of microtubule nucleation,http://purl.obolibrary.org/obo/GO_0010968
GO:0010970,BP,transport along microtubule,http://purl.obolibrary.org/obo/GO_0010970
GO:0010971,BP,positive regulation of G2/M transition of mitotic cell cycle,http://purl.obolibrary.org/obo/GO_0010971
GO:0010972,BP,negative regulation of G2/M transition of mitotic cell cycle,http://purl.obolibrary.org/obo/GO_0010972
GO:0010981,BP,regulation of cell wall macromolecule metabolic process,http://purl.obolibrary.org/obo/GO_0010981
GO:0010992,BP,ubiquitin recycling,http://purl.obolibrary.org/obo/GO_0010992
GO:0010997,MF,anaphase-promoting complex binding,http://purl.obolibrary.org/obo/GO_0010997
GO:0010998,BP,regulation of translational initiation by eIF2 alpha phosphorylation,http://purl.obolibrary.org/obo/GO_0010998
GO:0012501,BP,programmed cell death,http://purl.obolibrary.org/obo/GO_0012501
GO:0012502,BP,induction of programmed cell death,http://purl.obolibrary.org/obo/GO_0012502
GO:0012505,CC,endomembrane system,http://purl.obolibrary.org/obo/GO_0012505
GO:0012506,CC,vesicle membrane,http://purl.obolibrary.org/obo/GO_0012506
GO:0012507,CC,ER to Golgi transport vesicle membrane,http://purl.obolibrary.org/obo/GO_0012507
GO:0012510,CC,trans-Golgi network transport vesicle membrane,http://purl.obolibrary.org/obo/GO_0012510
GO:0012511,CC,monolayer-surrounded lipid storage body,http://purl.obolibrary.org/obo/GO_0012511
GO:0014001,BP,sclerenchyma cell differentiation,http://purl.obolibrary.org/obo/GO_0014001
GO:0014070,BP,response to organic cyclic compound,http://purl.obolibrary.org/obo/GO_0014070
GO:0014074,BP,response to purine-containing compound,http://purl.obolibrary.org/obo/GO_0014074
GO:0015012,BP,heparan sulfate proteoglycan biosynthetic process,http://purl.obolibrary.org/obo/GO_0015012
GO:0015015,BP,"heparan sulfate proteoglycan biosynthetic process, enzymatic modification",http://purl.obolibrary.org/obo/GO_0015015
GO:0015020,MF,glucuronosyltransferase activity,http://purl.obolibrary.org/obo/GO_0015020
GO:0015026,MF,coreceptor activity,http://purl.obolibrary.org/obo/GO_0015026
GO:0015030,CC,Cajal body,http://purl.obolibrary.org/obo/GO_0015030
GO:0015031,BP,protein transport,http://purl.obolibrary.org/obo/GO_0015031
GO:0015035,MF,protein-disulfide reductase activity,http://purl.obolibrary.org/obo/GO_0015035
GO:0015036,MF,disulfide oxidoreductase activity,http://purl.obolibrary.org/obo/GO_0015036
GO:0015038,MF,glutathione disulfide oxidoreductase activity,http://purl.obolibrary.org/obo/GO_0015038
GO:0015043,MF,leghemoglobin reductase activity,http://purl.obolibrary.org/obo/GO_0015043
GO:0015066,MF,alpha-amylase inhibitor activity,http://purl.obolibrary.org/obo/GO_0015066
GO:0015074,BP,DNA integration,http://purl.obolibrary.org/obo/GO_0015074
GO:0015075,MF,ion transmembrane transporter activity,http://purl.obolibrary.org/obo/GO_0015075
GO:0015078,MF,proton transmembrane transporter activity,http://purl.obolibrary.org/obo/GO_0015078
GO:0015079,MF,potassium ion transmembrane transporter activity,http://purl.obolibrary.org/obo/GO_0015079
GO:0015081,MF,sodium ion transmembrane transporter activity,http://purl.obolibrary.org/obo/GO_0015081
GO:0015083,MF,aluminum ion transmembrane transporter activity,http://purl.obolibrary.org/obo/GO_0015083
GO:0015085,MF,calcium ion transmembrane transporter activity,http://purl.obolibrary.org/obo/GO_0015085
GO:0015086,MF,cadmium ion transmembrane transporter activity,http://purl.obolibrary.org/obo/GO_0015086
GO:0015087,MF,cobalt ion transmembrane transporter activity,http://purl.obolibrary.org/obo/GO_0015087
GO:0015089,MF,high-affinity copper ion transmembrane transporter activity,http://purl.obolibrary.org/obo/GO_0015089
GO:0015093,MF,ferrous iron transmembrane transporter activity,http://purl.obolibrary.org/obo/GO_0015093
GO:0015095,MF,magnesium ion transmembrane transporter activity,http://purl.obolibrary.org/obo/GO_0015095
GO:0015098,MF,molybdate ion transmembrane transporter activity,http://purl.obolibrary.org/obo/GO_0015098
GO:0015101,MF,organic cation transmembrane transporter activity,http://purl.obolibrary.org/obo/GO_0015101
GO:0015103,MF,inorganic anion transmembrane transporter activity,http://purl.obolibrary.org/obo/GO_0015103
GO:0015104,MF,antimonite transmembrane transporter activity,http://purl.obolibrary.org/obo/GO_0015104
GO:0015105,MF,arsenite transmembrane transporter activity,http://purl.obolibrary.org/obo/GO_0015105
GO:0015108,MF,chloride transmembrane transporter activity,http://purl.obolibrary.org/obo/GO_0015108
GO:0015112,MF,nitrate transmembrane transporter activity,http://purl.obolibrary.org/obo/GO_0015112
GO:0015115,MF,silicate transmembrane transporter activity,http://purl.obolibrary.org/obo/GO_0015115
GO:0015116,MF,sulfate transmembrane transporter activity,http://purl.obolibrary.org/obo/GO_0015116
GO:0015117,MF,thiosulfate transmembrane transporter activity,http://purl.obolibrary.org/obo/GO_0015117
GO:0015119,MF,hexose phosphate transmembrane transporter activity,http://purl.obolibrary.org/obo/GO_0015119
GO:0015120,MF,phosphoglycerate transmembrane transporter activity,http://purl.obolibrary.org/obo/GO_0015120
GO:0015121,MF,phosphoenolpyruvate:phosphate antiporter activity,http://purl.obolibrary.org/obo/GO_0015121
GO:0015123,MF,acetate transmembrane transporter activity,http://purl.obolibrary.org/obo/GO_0015123
GO:0015124,MF,allantoate transmembrane transporter activity,http://purl.obolibrary.org/obo/GO_0015124
GO:0015129,MF,lactate transmembrane transporter activity,http://purl.obolibrary.org/obo/GO_0015129
GO:0015131,MF,oxaloacetate transmembrane transporter activity,http://purl.obolibrary.org/obo/GO_0015131
GO:0015133,MF,uronic acid transmembrane transporter activity,http://purl.obolibrary.org/obo/GO_0015133
GO:0015134,MF,hexuronate transmembrane transporter activity,http://purl.obolibrary.org/obo/GO_0015134
GO:0015136,MF,sialic acid transmembrane transporter activity,http://purl.obolibrary.org/obo/GO_0015136
GO:0015137,MF,citrate transmembrane transporter activity,http://purl.obolibrary.org/obo/GO_0015137
GO:0015138,MF,fumarate transmembrane transporter activity,http://purl.obolibrary.org/obo/GO_0015138
GO:0015139,MF,alpha-ketoglutarate transmembrane transporter activity,http://purl.obolibrary.org/obo/GO_0015139
GO:0015140,MF,malate transmembrane transporter activity,http://purl.obolibrary.org/obo/GO_0015140
GO:0015141,MF,succinate transmembrane transporter activity,http://purl.obolibrary.org/obo/GO_0015141
GO:0015142,MF,tricarboxylic acid transmembrane transporter activity,http://purl.obolibrary.org/obo/GO_0015142
GO:0015144,MF,carbohydrate transmembrane transporter activity,http://purl.obolibrary.org/obo/GO_0015144
GO:0015145,MF,monosaccharide transmembrane transporter activity,http://purl.obolibrary.org/obo/GO_0015145
GO:0015146,MF,pentose transmembrane transporter activity,http://purl.obolibrary.org/obo/GO_0015146
GO:0015148,MF,D-xylose transmembrane transporter activity,http://purl.obolibrary.org/obo/GO_0015148
GO:0015149,MF,hexose transmembrane transporter activity,http://purl.obolibrary.org/obo/GO_0015149
GO:0015152,MF,glucose-6-phosphate transmembrane transporter activity,http://purl.obolibrary.org/obo/GO_0015152
GO:0015154,MF,disaccharide transmembrane transporter activity,http://purl.obolibrary.org/obo/GO_0015154
GO:0015157,MF,oligosaccharide transmembrane transporter activity,http://purl.obolibrary.org/obo/GO_0015157
GO:0015165,MF,pyrimidine nucleotide-sugar transmembrane transporter activity,http://purl.obolibrary.org/obo/GO_0015165
GO:0015166,MF,polyol transmembrane transporter activity,http://purl.obolibrary.org/obo/GO_0015166
GO:0015168,MF,glycerol transmembrane transporter activity,http://purl.obolibrary.org/obo/GO_0015168
GO:0015171,MF,amino acid transmembrane transporter activity,http://purl.obolibrary.org/obo/GO_0015171
GO:0015172,MF,acidic amino acid transmembrane transporter activity,http://purl.obolibrary.org/obo/GO_0015172
GO:0015173,MF,aromatic amino acid transmembrane transporter activity,http://purl.obolibrary.org/obo/GO_0015173
GO:0015174,MF,basic amino acid transmembrane transporter activity,http://purl.obolibrary.org/obo/GO_0015174
GO:0015175,MF,neutral amino acid transmembrane transporter activity,http://purl.obolibrary.org/obo/GO_0015175
GO:0015179,MF,L-amino acid transmembrane transporter activity,http://purl.obolibrary.org/obo/GO_0015179
GO:0015180,MF,L-alanine transmembrane transporter activity,http://purl.obolibrary.org/obo/GO_0015180
GO:0015183,MF,L-aspartate transmembrane transporter activity,http://purl.obolibrary.org/obo/GO_0015183
GO:0015184,MF,L-cystine transmembrane transporter activity,http://purl.obolibrary.org/obo/GO_0015184
GO:0015185,MF,gamma-aminobutyric acid transmembrane transporter activity,http://purl.obolibrary.org/obo/GO_0015185
GO:0015186,MF,L-glutamine transmembrane transporter activity,http://purl.obolibrary.org/obo/GO_0015186
GO:0015187,MF,glycine transmembrane transporter activity,http://purl.obolibrary.org/obo/GO_0015187
GO:0015189,MF,L-lysine transmembrane transporter activity,http://purl.obolibrary.org/obo/GO_0015189
GO:0015193,MF,L-proline transmembrane transporter activity,http://purl.obolibrary.org/obo/GO_0015193
GO:0015194,MF,L-serine transmembrane transporter activity,http://purl.obolibrary.org/obo/GO_0015194
GO:0015200,MF,methylammonium transmembrane transporter activity,http://purl.obolibrary.org/obo/GO_0015200
GO:0015203,MF,polyamine transmembrane transporter activity,http://purl.obolibrary.org/obo/GO_0015203
GO:0015204,MF,urea transmembrane transporter activity,http://purl.obolibrary.org/obo/GO_0015204
GO:0015205,MF,nucleobase transmembrane transporter activity,http://purl.obolibrary.org/obo/GO_0015205
GO:0015207,MF,adenine transmembrane transporter activity,http://purl.obolibrary.org/obo/GO_0015207
GO:0015208,MF,guanine transmembrane transporter activity,http://purl.obolibrary.org/obo/GO_0015208
GO:0015210,MF,uracil transmembrane transporter activity,http://purl.obolibrary.org/obo/GO_0015210
GO:0015211,MF,purine nucleoside transmembrane transporter activity,http://purl.obolibrary.org/obo/GO_0015211
GO:0015215,MF,nucleotide transmembrane transporter activity,http://purl.obolibrary.org/obo/GO_0015215
GO:0015216,MF,purine nucleotide transmembrane transporter activity,http://purl.obolibrary.org/obo/GO_0015216
GO:0015217,MF,ADP transmembrane transporter activity,http://purl.obolibrary.org/obo/GO_0015217
GO:0015220,MF,choline transmembrane transporter activity,http://purl.obolibrary.org/obo/GO_0015220
GO:0015225,MF,biotin transmembrane transporter activity,http://purl.obolibrary.org/obo/GO_0015225
GO:0015226,MF,carnitine transmembrane transporter activity,http://purl.obolibrary.org/obo/GO_0015226
GO:0015227,MF,acyl carnitine transmembrane transporter activity,http://purl.obolibrary.org/obo/GO_0015227
GO:0015228,MF,coenzyme A transmembrane transporter activity,http://purl.obolibrary.org/obo/GO_0015228
GO:0015229,MF,L-ascorbic acid transmembrane transporter activity,http://purl.obolibrary.org/obo/GO_0015229
GO:0015230,MF,FAD transmembrane transporter activity,http://purl.obolibrary.org/obo/GO_0015230
GO:0015231,MF,5-formyltetrahydrofolate transmembrane transporter activity,http://purl.obolibrary.org/obo/GO_0015231
GO:0015234,MF,thiamine transmembrane transporter activity,http://purl.obolibrary.org/obo/GO_0015234
GO:0015245,MF,fatty acid transmembrane transporter activity,http://purl.obolibrary.org/obo/GO_0015245
GO:0015247,MF,aminophospholipid flippase activity,http://purl.obolibrary.org/obo/GO_0015247
GO:0015250,MF,water channel activity,http://purl.obolibrary.org/obo/GO_0015250
GO:0015252,MF,proton channel activity,http://purl.obolibrary.org/obo/GO_0015252
GO:0015254,MF,glycerol channel activity,http://purl.obolibrary.org/obo/GO_0015254
GO:0015267,MF,channel activity,http://purl.obolibrary.org/obo/GO_0015267
GO:0015271,MF,outward rectifier potassium channel activity,http://purl.obolibrary.org/obo/GO_0015271
GO:0015276,MF,ligand-gated ion channel activity,http://purl.obolibrary.org/obo/GO_0015276
GO:0015278,MF,calcium-release channel activity,http://purl.obolibrary.org/obo/GO_0015278
GO:0015279,MF,store-operated calcium channel activity,http://purl.obolibrary.org/obo/GO_0015279
GO:0015288,MF,porin activity,http://purl.obolibrary.org/obo/GO_0015288
GO:0015291,MF,secondary active transmembrane transporter activity,http://purl.obolibrary.org/obo/GO_0015291
GO:0015292,MF,uniporter activity,http://purl.obolibrary.org/obo/GO_0015292
GO:0015293,MF,symporter activity,http://purl.obolibrary.org/obo/GO_0015293
GO:0015294,MF,solute:cation symporter activity,http://purl.obolibrary.org/obo/GO_0015294
GO:0015295,MF,solute:proton symporter activity,http://purl.obolibrary.org/obo/GO_0015295
GO:0015296,MF,anion:cation symporter activity,http://purl.obolibrary.org/obo/GO_0015296
GO:0015297,MF,antiporter activity,http://purl.obolibrary.org/obo/GO_0015297
GO:0015315,MF,organophosphate:inorganic phosphate antiporter activity,http://purl.obolibrary.org/obo/GO_0015315
GO:0015318,MF,inorganic molecular entity transmembrane transporter activity,http://purl.obolibrary.org/obo/GO_0015318
GO:0015334,MF,high-affinity oligopeptide transmembrane transporter activity,http://purl.obolibrary.org/obo/GO_0015334
GO:0015343,MF,siderophore transmembrane transporter activity,http://purl.obolibrary.org/obo/GO_0015343
GO:0015344,MF,siderophore uptake transmembrane transporter activity,http://purl.obolibrary.org/obo/GO_0015344
GO:0015350,MF,methotrexate transmembrane transporter activity,http://purl.obolibrary.org/obo/GO_0015350
GO:0015355,MF,secondary active monocarboxylate transmembrane transporter activity,http://purl.obolibrary.org/obo/GO_0015355
GO:0015360,MF,acetate:proton symporter activity,http://purl.obolibrary.org/obo/GO_0015360
GO:0015368,MF,calcium:cation antiporter activity,http://purl.obolibrary.org/obo/GO_0015368
GO:0015369,MF,calcium:proton antiporter activity,http://purl.obolibrary.org/obo/GO_0015369
GO:0015370,MF,solute:sodium symporter activity,http://purl.obolibrary.org/obo/GO_0015370
GO:0015373,MF,anion:sodium symporter activity,http://purl.obolibrary.org/obo/GO_0015373
GO:0015377,MF,cation:chloride symporter activity,http://purl.obolibrary.org/obo/GO_0015377
GO:0015378,MF,sodium:chloride symporter activity,http://purl.obolibrary.org/obo/GO_0015378
GO:0015379,MF,potassium:chloride symporter activity,http://purl.obolibrary.org/obo/GO_0015379
GO:0015385,MF,sodium:proton antiporter activity,http://purl.obolibrary.org/obo/GO_0015385
GO:0015386,MF,potassium:proton antiporter activity,http://purl.obolibrary.org/obo/GO_0015386
GO:0015391,MF,nucleobase:cation symporter activity,http://purl.obolibrary.org/obo/GO_0015391
GO:0015398,MF,high-affinity secondary active ammonium transmembrane transporter activity,http://purl.obolibrary.org/obo/GO_0015398
GO:0015399,MF,primary active transmembrane transporter activity,http://purl.obolibrary.org/obo/GO_0015399
GO:0015410,MF,ABC-type manganese transporter activity,http://purl.obolibrary.org/obo/GO_0015410
GO:0015415,MF,ATPase-coupled phosphate ion transmembrane transporter activity,http://purl.obolibrary.org/obo/GO_0015415
GO:0015421,MF,ABC-type oligopeptide transporter activity,http://purl.obolibrary.org/obo/GO_0015421
GO:0015431,MF,ABC-type glutathione S-conjugate transporter activity,http://purl.obolibrary.org/obo/GO_0015431
GO:0015434,MF,ABC-type cadmium transporter activity,http://purl.obolibrary.org/obo/GO_0015434
GO:0015446,MF,ATPase-coupled arsenite transmembrane transporter activity,http://purl.obolibrary.org/obo/GO_0015446
GO:0015450,MF,protein-transporting ATPase activity,http://purl.obolibrary.org/obo/GO_0015450
GO:0015453,MF,oxidoreduction-driven active transmembrane transporter activity,http://purl.obolibrary.org/obo/GO_0015453
GO:0015462,MF,ABC-type protein transporter activity,http://purl.obolibrary.org/obo/GO_0015462
GO:0015485,MF,cholesterol binding,http://purl.obolibrary.org/obo/GO_0015485
GO:0015501,MF,glutamate:sodium symporter activity,http://purl.obolibrary.org/obo/GO_0015501
GO:0015505,MF,uracil:cation symporter activity,http://purl.obolibrary.org/obo/GO_0015505
GO:0015513,MF,high-affinity secondary active nitrite transmembrane transporter activity,http://purl.obolibrary.org/obo/GO_0015513
GO:0015526,MF,hexose-phosphate:inorganic phosphate antiporter activity,http://purl.obolibrary.org/obo/GO_0015526
GO:0015556,MF,C4-dicarboxylate transmembrane transporter activity,http://purl.obolibrary.org/obo/GO_0015556
GO:0015562,MF,efflux transmembrane transporter activity,http://purl.obolibrary.org/obo/GO_0015562
GO:0015573,MF,beta-glucoside transmembrane transporter activity,http://purl.obolibrary.org/obo/GO_0015573
GO:0015575,MF,mannitol transmembrane transporter activity,http://purl.obolibrary.org/obo/GO_0015575
GO:0015576,MF,sorbitol transmembrane transporter activity,http://purl.obolibrary.org/obo/GO_0015576
GO:0015578,MF,mannose transmembrane transporter activity,http://purl.obolibrary.org/obo/GO_0015578
GO:0015591,MF,D-ribose transmembrane transporter activity,http://purl.obolibrary.org/obo/GO_0015591
GO:0015603,MF,iron chelate transmembrane transporter activity,http://purl.obolibrary.org/obo/GO_0015603
GO:0015605,MF,organophosphate ester transmembrane transporter activity,http://purl.obolibrary.org/obo/GO_0015605
GO:0015606,MF,spermidine transmembrane transporter activity,http://purl.obolibrary.org/obo/GO_0015606
GO:0015616,MF,DNA translocase activity,http://purl.obolibrary.org/obo/GO_0015616
GO:0015629,CC,actin cytoskeleton,http://purl.obolibrary.org/obo/GO_0015629
GO:0015630,CC,microtubule cytoskeleton,http://purl.obolibrary.org/obo/GO_0015630
GO:0015631,MF,tubulin binding,http://purl.obolibrary.org/obo/GO_0015631
GO:0015645,MF,fatty acid ligase activity,http://purl.obolibrary.org/obo/GO_0015645
GO:0015651,MF,quaternary ammonium group transmembrane transporter activity,http://purl.obolibrary.org/obo/GO_0015651
GO:0015662,MF,P-type ion transporter activity,http://purl.obolibrary.org/obo/GO_0015662
GO:0015665,MF,alcohol transmembrane transporter activity,http://purl.obolibrary.org/obo/GO_0015665
GO:0015666,MF,restriction endodeoxyribonuclease activity,http://purl.obolibrary.org/obo/GO_0015666
GO:0015669,BP,gas transport,http://purl.obolibrary.org/obo/GO_0015669
GO:0015670,BP,carbon dioxide transport,http://purl.obolibrary.org/obo/GO_0015670
GO:0015671,BP,oxygen transport,http://purl.obolibrary.org/obo/GO_0015671
GO:0015675,BP,nickel cation transport,http://purl.obolibrary.org/obo/GO_0015675
GO:0015679,BP,plasma membrane copper ion transport,http://purl.obolibrary.org/obo/GO_0015679
GO:0015680,BP,protein maturation by copper ion transfer,http://purl.obolibrary.org/obo/GO_0015680
GO:0015689,BP,molybdate ion transport,http://purl.obolibrary.org/obo/GO_0015689
GO:0015690,BP,aluminum cation transport,http://purl.obolibrary.org/obo/GO_0015690
GO:0015691,BP,cadmium ion transport,http://purl.obolibrary.org/obo/GO_0015691
GO:0015692,BP,lead ion transport,http://purl.obolibrary.org/obo/GO_0015692
GO:0015693,BP,magnesium ion transport,http://purl.obolibrary.org/obo/GO_0015693
GO:0015695,BP,organic cation transport,http://purl.obolibrary.org/obo/GO_0015695
GO:0015697,BP,quaternary ammonium group transport,http://purl.obolibrary.org/obo/GO_0015697
GO:0015698,BP,inorganic anion transport,http://purl.obolibrary.org/obo/GO_0015698
GO:0015699,BP,antimonite transport,http://purl.obolibrary.org/obo/GO_0015699
GO:0015700,BP,arsenite transport,http://purl.obolibrary.org/obo/GO_0015700
GO:0015706,BP,nitrate transport,http://purl.obolibrary.org/obo/GO_0015706
GO:0015707,BP,nitrite transport,http://purl.obolibrary.org/obo/GO_0015707
GO:0015708,BP,silicic acid import across plasma membrane,http://purl.obolibrary.org/obo/GO_0015708
GO:0015709,BP,thiosulfate transport,http://purl.obolibrary.org/obo/GO_0015709
GO:0015711,BP,organic anion transport,http://purl.obolibrary.org/obo/GO_0015711
GO:0015712,BP,hexose phosphate transport,http://purl.obolibrary.org/obo/GO_0015712
GO:0015713,BP,phosphoglycerate transmembrane transport,http://purl.obolibrary.org/obo/GO_0015713
GO:0015714,BP,phosphoenolpyruvate transport,http://purl.obolibrary.org/obo/GO_0015714
GO:0015717,BP,triose phosphate transport,http://purl.obolibrary.org/obo/GO_0015717
GO:0015718,BP,monocarboxylic acid transport,http://purl.obolibrary.org/obo/GO_0015718
GO:0015719,BP,allantoate transport,http://purl.obolibrary.org/obo/GO_0015719
GO:0015720,BP,allantoin transport,http://purl.obolibrary.org/obo/GO_0015720
GO:0015727,BP,lactate transport,http://purl.obolibrary.org/obo/GO_0015727
GO:0015729,BP,oxaloacetate transport,http://purl.obolibrary.org/obo/GO_0015729
GO:0015735,BP,uronic acid transmembrane transport,http://purl.obolibrary.org/obo/GO_0015735
GO:0015736,BP,hexuronate transmembrane transport,http://purl.obolibrary.org/obo/GO_0015736
GO:0015739,BP,sialic acid transport,http://purl.obolibrary.org/obo/GO_0015739
GO:0015740,BP,C4-dicarboxylate transport,http://purl.obolibrary.org/obo/GO_0015740
GO:0015741,BP,fumarate transport,http://purl.obolibrary.org/obo/GO_0015741
GO:0015742,BP,alpha-ketoglutarate transport,http://purl.obolibrary.org/obo/GO_0015742
GO:0015743,BP,malate transport,http://purl.obolibrary.org/obo/GO_0015743
GO:0015744,BP,succinate transport,http://purl.obolibrary.org/obo/GO_0015744
GO:0015746,BP,citrate transport,http://purl.obolibrary.org/obo/GO_0015746
GO:0015748,BP,organophosphate ester transport,http://purl.obolibrary.org/obo/GO_0015748
GO:0015749,BP,monosaccharide transmembrane transport,http://purl.obolibrary.org/obo/GO_0015749
GO:0015750,BP,pentose transmembrane transport,http://purl.obolibrary.org/obo/GO_0015750
GO:0015751,BP,arabinose transmembrane transport,http://purl.obolibrary.org/obo/GO_0015751
GO:0015752,BP,D-ribose transmembrane transport,http://purl.obolibrary.org/obo/GO_0015752
GO:0015753,BP,D-xylose transmembrane transport,http://purl.obolibrary.org/obo/GO_0015753
GO:0015755,BP,fructose transmembrane transport,http://purl.obolibrary.org/obo/GO_0015755
GO:0015757,BP,galactose transmembrane transport,http://purl.obolibrary.org/obo/GO_0015757
GO:0015759,BP,beta-glucoside transport,http://purl.obolibrary.org/obo/GO_0015759
GO:0015760,BP,glucose-6-phosphate transport,http://purl.obolibrary.org/obo/GO_0015760
GO:0015761,BP,mannose transmembrane transport,http://purl.obolibrary.org/obo/GO_0015761
GO:0015766,BP,disaccharide transport,http://purl.obolibrary.org/obo/GO_0015766
GO:0015768,BP,maltose transport,http://purl.obolibrary.org/obo/GO_0015768
GO:0015770,BP,sucrose transport,http://purl.obolibrary.org/obo/GO_0015770
GO:0015772,BP,oligosaccharide transport,http://purl.obolibrary.org/obo/GO_0015772
GO:0015773,BP,raffinose transport,http://purl.obolibrary.org/obo/GO_0015773
GO:0015774,BP,polysaccharide transport,http://purl.obolibrary.org/obo/GO_0015774
GO:0015778,BP,hexuronide transport,http://purl.obolibrary.org/obo/GO_0015778
GO:0015780,BP,nucleotide-sugar transmembrane transport,http://purl.obolibrary.org/obo/GO_0015780
GO:0015783,BP,GDP-fucose transmembrane transport,http://purl.obolibrary.org/obo/GO_0015783
GO:0015786,BP,UDP-glucose transmembrane transport,http://purl.obolibrary.org/obo/GO_0015786
GO:0015789,BP,UDP-N-acetylgalactosamine transmembrane transport,http://purl.obolibrary.org/obo/GO_0015789
GO:0015790,BP,UDP-xylose transmembrane transport,http://purl.obolibrary.org/obo/GO_0015790
GO:0015791,BP,polyol transport,http://purl.obolibrary.org/obo/GO_0015791
GO:0015793,BP,glycerol transport,http://purl.obolibrary.org/obo/GO_0015793
GO:0015795,BP,sorbitol transport,http://purl.obolibrary.org/obo/GO_0015795
GO:0015797,BP,mannitol transport,http://purl.obolibrary.org/obo/GO_0015797
GO:0015798,BP,myo-inositol transport,http://purl.obolibrary.org/obo/GO_0015798
GO:0015800,BP,acidic amino acid transport,http://purl.obolibrary.org/obo/GO_0015800
GO:0015801,BP,aromatic amino acid transport,http://purl.obolibrary.org/obo/GO_0015801
GO:0015802,BP,basic amino acid transport,http://purl.obolibrary.org/obo/GO_0015802
GO:0015804,BP,neutral amino acid transport,http://purl.obolibrary.org/obo/GO_0015804
GO:0015805,BP,S-adenosyl-L-methionine transport,http://purl.obolibrary.org/obo/GO_0015805
GO:0015807,BP,L-amino acid transport,http://purl.obolibrary.org/obo/GO_0015807
GO:0015808,BP,L-alanine transport,http://purl.obolibrary.org/obo/GO_0015808
GO:0015810,BP,aspartate transmembrane transport,http://purl.obolibrary.org/obo/GO_0015810
GO:0015811,BP,L-cystine transport,http://purl.obolibrary.org/obo/GO_0015811
GO:0015812,BP,gamma-aminobutyric acid transport,http://purl.obolibrary.org/obo/GO_0015812
GO:0015813,BP,L-glutamate transmembrane transport,http://purl.obolibrary.org/obo/GO_0015813
GO:0015816,BP,glycine transport,http://purl.obolibrary.org/obo/GO_0015816
GO:0015822,BP,ornithine transport,http://purl.obolibrary.org/obo/GO_0015822
GO:0015824,BP,proline transport,http://purl.obolibrary.org/obo/GO_0015824
GO:0015825,BP,L-serine transport,http://purl.obolibrary.org/obo/GO_0015825
GO:0015827,BP,tryptophan transport,http://purl.obolibrary.org/obo/GO_0015827
GO:0015833,BP,peptide transport,http://purl.obolibrary.org/obo/GO_0015833
GO:0015837,BP,amine transport,http://purl.obolibrary.org/obo/GO_0015837
GO:0015838,BP,amino-acid betaine transport,http://purl.obolibrary.org/obo/GO_0015838
GO:0015839,BP,cadaverine transport,http://purl.obolibrary.org/obo/GO_0015839
GO:0015840,BP,urea transport,http://purl.obolibrary.org/obo/GO_0015840
GO:0015843,BP,methylammonium transport,http://purl.obolibrary.org/obo/GO_0015843
GO:0015846,BP,polyamine transport,http://purl.obolibrary.org/obo/GO_0015846
GO:0015848,BP,spermidine transport,http://purl.obolibrary.org/obo/GO_0015848
GO:0015849,BP,organic acid transport,http://purl.obolibrary.org/obo/GO_0015849
GO:0015850,BP,organic hydroxy compound transport,http://purl.obolibrary.org/obo/GO_0015850
GO:0015851,BP,nucleobase transport,http://purl.obolibrary.org/obo/GO_0015851
GO:0015853,BP,adenine transport,http://purl.obolibrary.org/obo/GO_0015853
GO:0015854,BP,guanine transport,http://purl.obolibrary.org/obo/GO_0015854
GO:0015855,BP,pyrimidine nucleobase transport,http://purl.obolibrary.org/obo/GO_0015855
GO:0015857,BP,uracil transport,http://purl.obolibrary.org/obo/GO_0015857
GO:0015858,BP,nucleoside transport,http://purl.obolibrary.org/obo/GO_0015858
GO:0015860,BP,purine nucleoside transmembrane transport,http://purl.obolibrary.org/obo/GO_0015860
GO:0015865,BP,purine nucleotide transport,http://purl.obolibrary.org/obo/GO_0015865
GO:0015866,BP,ADP transport,http://purl.obolibrary.org/obo/GO_0015866
GO:0015867,BP,ATP transport,http://purl.obolibrary.org/obo/GO_0015867
GO:0015868,BP,purine ribonucleotide transport,http://purl.obolibrary.org/obo/GO_0015868
GO:0015871,BP,choline transport,http://purl.obolibrary.org/obo/GO_0015871
GO:0015878,BP,biotin transport,http://purl.obolibrary.org/obo/GO_0015878
GO:0015879,BP,carnitine transport,http://purl.obolibrary.org/obo/GO_0015879
GO:0015880,BP,coenzyme A transport,http://purl.obolibrary.org/obo/GO_0015880
GO:0015882,BP,L-ascorbic acid transmembrane transport,http://purl.obolibrary.org/obo/GO_0015882
GO:0015883,BP,FAD transport,http://purl.obolibrary.org/obo/GO_0015883
GO:0015884,BP,folic acid transport,http://purl.obolibrary.org/obo/GO_0015884
GO:0015885,BP,5-formyltetrahydrofolate transport,http://purl.obolibrary.org/obo/GO_0015885
GO:0015887,BP,pantothenate transmembrane transport,http://purl.obolibrary.org/obo/GO_0015887
GO:0015888,BP,thiamine transport,http://purl.obolibrary.org/obo/GO_0015888
GO:0015889,BP,cobalamin transport,http://purl.obolibrary.org/obo/GO_0015889
GO:0015891,BP,siderophore transport,http://purl.obolibrary.org/obo/GO_0015891
GO:0015908,BP,fatty acid transport,http://purl.obolibrary.org/obo/GO_0015908
GO:0015909,BP,long-chain fatty acid transport,http://purl.obolibrary.org/obo/GO_0015909
GO:0015910,BP,long-chain fatty acid import into peroxisome,http://purl.obolibrary.org/obo/GO_0015910
GO:0015914,BP,phospholipid transport,http://purl.obolibrary.org/obo/GO_0015914
GO:0015916,BP,fatty-acyl-CoA transport,http://purl.obolibrary.org/obo/GO_0015916
GO:0015917,BP,aminophospholipid transport,http://purl.obolibrary.org/obo/GO_0015917
GO:0015918,BP,sterol transport,http://purl.obolibrary.org/obo/GO_0015918
GO:0015919,BP,peroxisomal membrane transport,http://purl.obolibrary.org/obo/GO_0015919
GO:0015920,BP,lipopolysaccharide transport,http://purl.obolibrary.org/obo/GO_0015920
GO:0015923,MF,mannosidase activity,http://purl.obolibrary.org/obo/GO_0015923
GO:0015924,MF,mannosyl-oligosaccharide mannosidase activity,http://purl.obolibrary.org/obo/GO_0015924
GO:0015925,MF,galactosidase activity,http://purl.obolibrary.org/obo/GO_0015925
GO:0015926,MF,glucosidase activity,http://purl.obolibrary.org/obo/GO_0015926
GO:0015927,MF,trehalase activity,http://purl.obolibrary.org/obo/GO_0015927
GO:0015928,MF,fucosidase activity,http://purl.obolibrary.org/obo/GO_0015928
GO:0015929,MF,hexosaminidase activity,http://purl.obolibrary.org/obo/GO_0015929
GO:0015930,MF,glutamate synthase activity,http://purl.obolibrary.org/obo/GO_0015930
GO:0015931,BP,nucleobase-containing compound transport,http://purl.obolibrary.org/obo/GO_0015931
GO:0015932,MF,nucleobase-containing compound transmembrane transporter activity,http://purl.obolibrary.org/obo/GO_0015932
GO:0015934,CC,large ribosomal subunit,http://purl.obolibrary.org/obo/GO_0015934
GO:0015935,CC,small ribosomal subunit,http://purl.obolibrary.org/obo/GO_0015935
GO:0015936,BP,coenzyme A metabolic process,http://purl.obolibrary.org/obo/GO_0015936
GO:0015937,BP,coenzyme A biosynthetic process,http://purl.obolibrary.org/obo/GO_0015937
GO:0015938,BP,coenzyme A catabolic process,http://purl.obolibrary.org/obo/GO_0015938
GO:0015939,BP,pantothenate metabolic process,http://purl.obolibrary.org/obo/GO_0015939
GO:0015940,BP,pantothenate biosynthetic process,http://purl.obolibrary.org/obo/GO_0015940
GO:0015949,BP,nucleobase-containing small molecule interconversion,http://purl.obolibrary.org/obo/GO_0015949
GO:0015959,BP,diadenosine polyphosphate metabolic process,http://purl.obolibrary.org/obo/GO_0015959
GO:0015960,BP,diadenosine polyphosphate biosynthetic process,http://purl.obolibrary.org/obo/GO_0015960
GO:0015961,BP,diadenosine polyphosphate catabolic process,http://purl.obolibrary.org/obo/GO_0015961
GO:0015965,BP,diadenosine tetraphosphate metabolic process,http://purl.obolibrary.org/obo/GO_0015965
GO:0015966,BP,diadenosine tetraphosphate biosynthetic process,http://purl.obolibrary.org/obo/GO_0015966
GO:0015967,BP,diadenosine tetraphosphate catabolic process,http://purl.obolibrary.org/obo/GO_0015967
GO:0015969,BP,guanosine tetraphosphate metabolic process,http://purl.obolibrary.org/obo/GO_0015969
GO:0015970,BP,guanosine tetraphosphate biosynthetic process,http://purl.obolibrary.org/obo/GO_0015970
GO:0015976,BP,carbon utilization,http://purl.obolibrary.org/obo/GO_0015976
GO:0015977,BP,carbon fixation,http://purl.obolibrary.org/obo/GO_0015977
GO:0015979,BP,photosynthesis,http://purl.obolibrary.org/obo/GO_0015979
GO:0015980,BP,energy derivation by oxidation of organic compounds,http://purl.obolibrary.org/obo/GO_0015980
GO:0015986,BP,ATP synthesis coupled proton transport,http://purl.obolibrary.org/obo/GO_0015986
GO:0015988,BP,"energy coupled proton transmembrane transport, against electrochemical gradient",http://purl.obolibrary.org/obo/GO_0015988
GO:0015990,BP,electron transport coupled proton transport,http://purl.obolibrary.org/obo/GO_0015990
GO:0015994,BP,chlorophyll metabolic process,http://purl.obolibrary.org/obo/GO_0015994
GO:0015995,BP,chlorophyll biosynthetic process,http://purl.obolibrary.org/obo/GO_0015995
GO:0015996,BP,chlorophyll catabolic process,http://purl.obolibrary.org/obo/GO_0015996
GO:0016002,MF,sulfite reductase activity,http://purl.obolibrary.org/obo/GO_0016002
GO:0016004,MF,phospholipase activator activity,http://purl.obolibrary.org/obo/GO_0016004
GO:0016018,MF,cyclosporin A binding,http://purl.obolibrary.org/obo/GO_0016018
GO:0016020,CC,membrane,http://purl.obolibrary.org/obo/GO_0016020
GO:0016024,BP,CDP-diacylglycerol biosynthetic process,http://purl.obolibrary.org/obo/GO_0016024
GO:0016031,BP,tRNA import into mitochondrion,http://purl.obolibrary.org/obo/GO_0016031
GO:0016032,BP,viral process,http://purl.obolibrary.org/obo/GO_0016032
GO:0016034,MF,maleylacetoacetate isomerase activity,http://purl.obolibrary.org/obo/GO_0016034
GO:0016035,CC,zeta DNA polymerase complex,http://purl.obolibrary.org/obo/GO_0016035
GO:0016036,BP,cellular response to phosphate starvation,http://purl.obolibrary.org/obo/GO_0016036
GO:0016040,MF,glutamate synthase (NADH) activity,http://purl.obolibrary.org/obo/GO_0016040
GO:0016041,MF,glutamate synthase (ferredoxin) activity,http://purl.obolibrary.org/obo/GO_0016041
GO:0016042,BP,lipid catabolic process,http://purl.obolibrary.org/obo/GO_0016042
GO:0016043,BP,cellular component organization,http://purl.obolibrary.org/obo/GO_0016043
GO:0016045,BP,detection of bacterium,http://purl.obolibrary.org/obo/GO_0016045
GO:0016046,BP,detection of fungus,http://purl.obolibrary.org/obo/GO_0016046
GO:0016048,BP,detection of temperature stimulus,http://purl.obolibrary.org/obo/GO_0016048
GO:0016049,BP,cell growth,http://purl.obolibrary.org/obo/GO_0016049
GO:0016050,BP,vesicle organization,http://purl.obolibrary.org/obo/GO_0016050
GO:0016051,BP,carbohydrate biosynthetic process,http://purl.obolibrary.org/obo/GO_0016051
GO:0016052,BP,carbohydrate catabolic process,http://purl.obolibrary.org/obo/GO_0016052
GO:0016053,BP,organic acid biosynthetic process,http://purl.obolibrary.org/obo/GO_0016053
GO:0016054,BP,organic acid catabolic process,http://purl.obolibrary.org/obo/GO_0016054
GO:0016055,BP,Wnt signaling pathway,http://purl.obolibrary.org/obo/GO_0016055
GO:0016070,BP,RNA metabolic process,http://purl.obolibrary.org/obo/GO_0016070
GO:0016071,BP,mRNA metabolic process,http://purl.obolibrary.org/obo/GO_0016071
GO:0016072,BP,rRNA metabolic process,http://purl.obolibrary.org/obo/GO_0016072
GO:0016073,BP,snRNA metabolic process,http://purl.obolibrary.org/obo/GO_0016073
GO:0016074,BP,sno(s)RNA metabolic process,http://purl.obolibrary.org/obo/GO_0016074
GO:0016075,BP,rRNA catabolic process,http://purl.obolibrary.org/obo/GO_0016075
GO:0016076,BP,snRNA catabolic process,http://purl.obolibrary.org/obo/GO_0016076
GO:0016077,BP,sno(s)RNA catabolic process,http://purl.obolibrary.org/obo/GO_0016077
GO:0016078,BP,tRNA catabolic process,http://purl.obolibrary.org/obo/GO_0016078
GO:0016079,BP,synaptic vesicle exocytosis,http://purl.obolibrary.org/obo/GO_0016079
GO:0016093,BP,polyprenol metabolic process,http://purl.obolibrary.org/obo/GO_0016093
GO:0016094,BP,polyprenol biosynthetic process,http://purl.obolibrary.org/obo/GO_0016094
GO:0016095,BP,polyprenol catabolic process,http://purl.obolibrary.org/obo/GO_0016095
GO:0016098,BP,monoterpenoid metabolic process,http://purl.obolibrary.org/obo/GO_0016098
GO:0016099,BP,monoterpenoid biosynthetic process,http://purl.obolibrary.org/obo/GO_0016099
GO:0016101,BP,diterpenoid metabolic process,http://purl.obolibrary.org/obo/GO_0016101
GO:0016102,BP,diterpenoid biosynthetic process,http://purl.obolibrary.org/obo/GO_0016102
GO:0016103,BP,diterpenoid catabolic process,http://purl.obolibrary.org/obo/GO_0016103
GO:0016104,BP,triterpenoid biosynthetic process,http://purl.obolibrary.org/obo/GO_0016104
GO:0016105,BP,triterpenoid catabolic process,http://purl.obolibrary.org/obo/GO_0016105
GO:0016106,BP,sesquiterpenoid biosynthetic process,http://purl.obolibrary.org/obo/GO_0016106
GO:0016107,BP,sesquiterpenoid catabolic process,http://purl.obolibrary.org/obo/GO_0016107
GO:0016108,BP,tetraterpenoid metabolic process,http://purl.obolibrary.org/obo/GO_0016108
GO:0016109,BP,tetraterpenoid biosynthetic process,http://purl.obolibrary.org/obo/GO_0016109
GO:0016110,BP,tetraterpenoid catabolic process,http://purl.obolibrary.org/obo/GO_0016110
GO:0016114,BP,terpenoid biosynthetic process,http://purl.obolibrary.org/obo/GO_0016114
GO:0016115,BP,terpenoid catabolic process,http://purl.obolibrary.org/obo/GO_0016115
GO:0016116,BP,carotenoid metabolic process,http://purl.obolibrary.org/obo/GO_0016116
GO:0016117,BP,carotenoid biosynthetic process,http://purl.obolibrary.org/obo/GO_0016117
GO:0016118,BP,carotenoid catabolic process,http://purl.obolibrary.org/obo/GO_0016118
GO:0016119,BP,carotene metabolic process,http://purl.obolibrary.org/obo/GO_0016119
GO:0016120,BP,carotene biosynthetic process,http://purl.obolibrary.org/obo/GO_0016120
GO:0016121,BP,carotene catabolic process,http://purl.obolibrary.org/obo/GO_0016121
GO:0016122,BP,xanthophyll metabolic process,http://purl.obolibrary.org/obo/GO_0016122
GO:0016123,BP,xanthophyll biosynthetic process,http://purl.obolibrary.org/obo/GO_0016123
GO:0016124,BP,xanthophyll catabolic process,http://purl.obolibrary.org/obo/GO_0016124
GO:0016125,BP,sterol metabolic process,http://purl.obolibrary.org/obo/GO_0016125
GO:0016126,BP,sterol biosynthetic process,http://purl.obolibrary.org/obo/GO_0016126
GO:0016127,BP,sterol catabolic process,http://purl.obolibrary.org/obo/GO_0016127
GO:0016128,BP,phytosteroid metabolic process,http://purl.obolibrary.org/obo/GO_0016128
GO:0016129,BP,phytosteroid biosynthetic process,http://purl.obolibrary.org/obo/GO_0016129
GO:0016131,BP,brassinosteroid metabolic process,http://purl.obolibrary.org/obo/GO_0016131
GO:0016132,BP,brassinosteroid biosynthetic process,http://purl.obolibrary.org/obo/GO_0016132
GO:0016134,BP,saponin metabolic process,http://purl.obolibrary.org/obo/GO_0016134
GO:0016135,BP,saponin biosynthetic process,http://purl.obolibrary.org/obo/GO_0016135
GO:0016137,BP,glycoside metabolic process,http://purl.obolibrary.org/obo/GO_0016137
GO:0016138,BP,glycoside biosynthetic process,http://purl.obolibrary.org/obo/GO_0016138
GO:0016139,BP,glycoside catabolic process,http://purl.obolibrary.org/obo/GO_0016139
GO:0016143,BP,S-glycoside metabolic process,http://purl.obolibrary.org/obo/GO_0016143
GO:0016144,BP,S-glycoside biosynthetic process,http://purl.obolibrary.org/obo/GO_0016144
GO:0016145,BP,S-glycoside catabolic process,http://purl.obolibrary.org/obo/GO_0016145
GO:0016149,MF,"translation release factor activity, codon specific",http://purl.obolibrary.org/obo/GO_0016149
GO:0016150,MF,"translation release factor activity, codon nonspecific",http://purl.obolibrary.org/obo/GO_0016150
GO:0016151,MF,nickel cation binding,http://purl.obolibrary.org/obo/GO_0016151
GO:0016154,MF,pyrimidine-nucleoside phosphorylase activity,http://purl.obolibrary.org/obo/GO_0016154
GO:0016157,MF,sucrose synthase activity,http://purl.obolibrary.org/obo/GO_0016157
GO:0016160,MF,amylase activity,http://purl.obolibrary.org/obo/GO_0016160
GO:0016161,MF,beta-amylase activity,http://purl.obolibrary.org/obo/GO_0016161
GO:0016162,MF,"cellulose 1,4-beta-cellobiosidase activity",http://purl.obolibrary.org/obo/GO_0016162
GO:0016165,MF,linoleate 13S-lipoxygenase activity,http://purl.obolibrary.org/obo/GO_0016165
GO:0016166,MF,phytoene dehydrogenase activity,http://purl.obolibrary.org/obo/GO_0016166
GO:0016168,MF,chlorophyll binding,http://purl.obolibrary.org/obo/GO_0016168
GO:0016174,MF,NAD(P)H oxidase H2O2-forming activity,http://purl.obolibrary.org/obo/GO_0016174
GO:0016175,MF,superoxide-generating NAD(P)H oxidase activity,http://purl.obolibrary.org/obo/GO_0016175
GO:0016180,BP,snRNA processing,http://purl.obolibrary.org/obo/GO_0016180
GO:0016192,BP,vesicle-mediated transport,http://purl.obolibrary.org/obo/GO_0016192
GO:0016197,BP,endosomal transport,http://purl.obolibrary.org/obo/GO_0016197
GO:0016205,MF,selenocysteine methyltransferase activity,http://purl.obolibrary.org/obo/GO_0016205
GO:0016206,MF,catechol O-methyltransferase activity,http://purl.obolibrary.org/obo/GO_0016206
GO:0016207,MF,4-coumarate-CoA ligase activity,http://purl.obolibrary.org/obo/GO_0016207
GO:0016208,MF,AMP binding,http://purl.obolibrary.org/obo/GO_0016208
GO:0016209,MF,antioxidant activity,http://purl.obolibrary.org/obo/GO_0016209
GO:0016210,MF,naringenin-chalcone synthase activity,http://purl.obolibrary.org/obo/GO_0016210
GO:0016211,MF,ammonia ligase activity,http://purl.obolibrary.org/obo/GO_0016211
GO:0016212,MF,kynurenine-oxoglutarate transaminase activity,http://purl.obolibrary.org/obo/GO_0016212
GO:0016213,MF,linoleoyl-CoA desaturase activity,http://purl.obolibrary.org/obo/GO_0016213
GO:0016215,MF,acyl-CoA desaturase activity,http://purl.obolibrary.org/obo/GO_0016215
GO:0016226,BP,iron-sulfur cluster assembly,http://purl.obolibrary.org/obo/GO_0016226
GO:0016229,MF,steroid dehydrogenase activity,http://purl.obolibrary.org/obo/GO_0016229
GO:0016231,MF,beta-N-acetylglucosaminidase activity,http://purl.obolibrary.org/obo/GO_0016231
GO:0016233,BP,telomere capping,http://purl.obolibrary.org/obo/GO_0016233
GO:0016234,CC,inclusion body,http://purl.obolibrary.org/obo/GO_0016234
GO:0016235,CC,aggresome,http://purl.obolibrary.org/obo/GO_0016235
GO:0016236,BP,macroautophagy,http://purl.obolibrary.org/obo/GO_0016236
GO:0016237,BP,lysosomal microautophagy,http://purl.obolibrary.org/obo/GO_0016237
GO:0016239,BP,positive regulation of macroautophagy,http://purl.obolibrary.org/obo/GO_0016239
GO:0016241,BP,regulation of macroautophagy,http://purl.obolibrary.org/obo/GO_0016241
GO:0016242,BP,negative regulation of macroautophagy,http://purl.obolibrary.org/obo/GO_0016242
GO:0016247,MF,channel regulator activity,http://purl.obolibrary.org/obo/GO_0016247
GO:0016251,MF,RNA polymerase II general transcription initiation factor activity,http://purl.obolibrary.org/obo/GO_0016251
GO:0016255,BP,attachment of GPI anchor to protein,http://purl.obolibrary.org/obo/GO_0016255
GO:0016259,BP,selenocysteine metabolic process,http://purl.obolibrary.org/obo/GO_0016259
GO:0016260,BP,selenocysteine biosynthetic process,http://purl.obolibrary.org/obo/GO_0016260
GO:0016262,MF,protein N-acetylglucosaminyltransferase activity,http://purl.obolibrary.org/obo/GO_0016262
GO:0016272,CC,prefoldin complex,http://purl.obolibrary.org/obo/GO_0016272
GO:0016273,MF,arginine N-methyltransferase activity,http://purl.obolibrary.org/obo/GO_0016273
GO:0016274,MF,protein-arginine N-methyltransferase activity,http://purl.obolibrary.org/obo/GO_0016274
GO:0016278,MF,lysine N-methyltransferase activity,http://purl.obolibrary.org/obo/GO_0016278
GO:0016279,MF,protein-lysine N-methyltransferase activity,http://purl.obolibrary.org/obo/GO_0016279
GO:0016281,CC,eukaryotic translation initiation factor 4F complex,http://purl.obolibrary.org/obo/GO_0016281
GO:0016282,CC,eukaryotic 43S preinitiation complex,http://purl.obolibrary.org/obo/GO_0016282
GO:0016289,MF,CoA hydrolase activity,http://purl.obolibrary.org/obo/GO_0016289
GO:0016297,MF,acyl-[acyl-carrier-protein] hydrolase activity,http://purl.obolibrary.org/obo/GO_0016297
GO:0016298,MF,lipase activity,http://purl.obolibrary.org/obo/GO_0016298
GO:0016300,MF,tRNA (uracil) methyltransferase activity,http://purl.obolibrary.org/obo/GO_0016300
GO:0016301,MF,kinase activity,http://purl.obolibrary.org/obo/GO_0016301
GO:0016303,MF,1-phosphatidylinositol-3-kinase activity,http://purl.obolibrary.org/obo/GO_0016303
GO:0016308,MF,1-phosphatidylinositol-4-phosphate 5-kinase activity,http://purl.obolibrary.org/obo/GO_0016308
GO:0016310,BP,phosphorylation,http://purl.obolibrary.org/obo/GO_0016310
GO:0016311,BP,dephosphorylation,http://purl.obolibrary.org/obo/GO_0016311
GO:0016312,MF,inositol bisphosphate phosphatase activity,http://purl.obolibrary.org/obo/GO_0016312
GO:0016314,MF,"phosphatidylinositol-3,4,5-trisphosphate 3-phosphatase activity",http://purl.obolibrary.org/obo/GO_0016314
GO:0016316,MF,"phosphatidylinositol-3,4-bisphosphate 4-phosphatase activity",http://purl.obolibrary.org/obo/GO_0016316
GO:0016320,BP,endoplasmic reticulum membrane fusion,http://purl.obolibrary.org/obo/GO_0016320
GO:0016324,CC,apical plasma membrane,http://purl.obolibrary.org/obo/GO_0016324
GO:0016328,CC,lateral plasma membrane,http://purl.obolibrary.org/obo/GO_0016328
GO:0016339,BP,calcium-dependent cell-cell adhesion via plasma membrane cell adhesion molecules,http://purl.obolibrary.org/obo/GO_0016339
GO:0016363,CC,nuclear matrix,http://purl.obolibrary.org/obo/GO_0016363
GO:0016403,MF,dimethylargininase activity,http://purl.obolibrary.org/obo/GO_0016403
GO:0016405,MF,CoA-ligase activity,http://purl.obolibrary.org/obo/GO_0016405
GO:0016407,MF,acetyltransferase activity,http://purl.obolibrary.org/obo/GO_0016407
GO:0016408,MF,C-acyltransferase activity,http://purl.obolibrary.org/obo/GO_0016408
GO:0016409,MF,palmitoyltransferase activity,http://purl.obolibrary.org/obo/GO_0016409
GO:0016410,MF,N-acyltransferase activity,http://purl.obolibrary.org/obo/GO_0016410
GO:0016411,MF,acylglycerol O-acyltransferase activity,http://purl.obolibrary.org/obo/GO_0016411
GO:0016412,MF,serine O-acyltransferase activity,http://purl.obolibrary.org/obo/GO_0016412
GO:0016413,MF,O-acetyltransferase activity,http://purl.obolibrary.org/obo/GO_0016413
GO:0016415,MF,octanoyltransferase activity,http://purl.obolibrary.org/obo/GO_0016415
GO:0016417,MF,S-acyltransferase activity,http://purl.obolibrary.org/obo/GO_0016417
GO:0016418,MF,S-acetyltransferase activity,http://purl.obolibrary.org/obo/GO_0016418
GO:0016419,MF,S-malonyltransferase activity,http://purl.obolibrary.org/obo/GO_0016419
GO:0016420,MF,malonyltransferase activity,http://purl.obolibrary.org/obo/GO_0016420
GO:0016421,MF,CoA carboxylase activity,http://purl.obolibrary.org/obo/GO_0016421
GO:0016422,MF,mRNA (2'-O-methyladenosine-N6-)-methyltransferase activity,http://purl.obolibrary.org/obo/GO_0016422
GO:0016423,MF,tRNA (guanine) methyltransferase activity,http://purl.obolibrary.org/obo/GO_0016423
GO:0016427,MF,tRNA (cytosine) methyltransferase activity,http://purl.obolibrary.org/obo/GO_0016427
GO:0016428,MF,tRNA (cytosine-5-)-methyltransferase activity,http://purl.obolibrary.org/obo/GO_0016428
GO:0016433,MF,rRNA (adenine) methyltransferase activity,http://purl.obolibrary.org/obo/GO_0016433
GO:0016434,MF,rRNA (cytosine) methyltransferase activity,http://purl.obolibrary.org/obo/GO_0016434
GO:0016435,MF,rRNA (guanine) methyltransferase activity,http://purl.obolibrary.org/obo/GO_0016435
GO:0016436,MF,rRNA (uridine) methyltransferase activity,http://purl.obolibrary.org/obo/GO_0016436
GO:0016441,BP,posttranscriptional gene silencing,http://purl.obolibrary.org/obo/GO_0016441
GO:0016442,CC,RISC complex,http://purl.obolibrary.org/obo/GO_0016442
GO:0016444,BP,somatic cell DNA recombination,http://purl.obolibrary.org/obo/GO_0016444
GO:0016453,MF,C-acetyltransferase activity,http://purl.obolibrary.org/obo/GO_0016453
GO:0016454,MF,C-palmitoyltransferase activity,http://purl.obolibrary.org/obo/GO_0016454
GO:0016459,CC,myosin complex,http://purl.obolibrary.org/obo/GO_0016459
GO:0016460,CC,myosin II complex,http://purl.obolibrary.org/obo/GO_0016460
GO:0016461,CC,unconventional myosin complex,http://purl.obolibrary.org/obo/GO_0016461
GO:0016462,MF,pyrophosphatase activity,http://purl.obolibrary.org/obo/GO_0016462
GO:0016463,MF,P-type zinc transporter activity,http://purl.obolibrary.org/obo/GO_0016463
GO:0016464,MF,chloroplast protein-transporting ATPase activity,http://purl.obolibrary.org/obo/GO_0016464
GO:0016469,CC,proton-transporting two-sector ATPase complex,http://purl.obolibrary.org/obo/GO_0016469
GO:0016471,CC,vacuolar proton-transporting V-type ATPase complex,http://purl.obolibrary.org/obo/GO_0016471
GO:0016477,BP,cell migration,http://purl.obolibrary.org/obo/GO_0016477
GO:0016480,BP,negative regulation of transcription by RNA polymerase III,http://purl.obolibrary.org/obo/GO_0016480
GO:0016482,BP,cytosolic transport,http://purl.obolibrary.org/obo/GO_0016482
GO:0016485,BP,protein processing,http://purl.obolibrary.org/obo/GO_0016485
GO:0016487,BP,farnesol metabolic process,http://purl.obolibrary.org/obo/GO_0016487
GO:0016491,MF,oxidoreductase activity,http://purl.obolibrary.org/obo/GO_0016491
GO:0016502,MF,nucleotide receptor activity,http://purl.obolibrary.org/obo/GO_0016502
GO:0016504,MF,peptidase activator activity,http://purl.obolibrary.org/obo/GO_0016504
GO:0016514,CC,SWI/SNF complex,http://purl.obolibrary.org/obo/GO_0016514
GO:0016530,MF,metallochaperone activity,http://purl.obolibrary.org/obo/GO_0016530
GO:0016531,MF,copper chaperone activity,http://purl.obolibrary.org/obo/GO_0016531
GO:0016532,MF,superoxide dismutase copper chaperone activity,http://purl.obolibrary.org/obo/GO_0016532
GO:0016538,MF,cyclin-dependent protein serine/threonine kinase regulator activity,http://purl.obolibrary.org/obo/GO_0016538
GO:0016540,BP,protein autoprocessing,http://purl.obolibrary.org/obo/GO_0016540
GO:0016553,BP,base conversion or substitution editing,http://purl.obolibrary.org/obo/GO_0016553
GO:0016554,BP,cytidine to uridine editing,http://purl.obolibrary.org/obo/GO_0016554
GO:0016556,BP,mRNA modification,http://purl.obolibrary.org/obo/GO_0016556
GO:0016558,BP,protein import into peroxisome matrix,http://purl.obolibrary.org/obo/GO_0016558
GO:0016559,BP,peroxisome fission,http://purl.obolibrary.org/obo/GO_0016559
GO:0016560,BP,"protein import into peroxisome matrix, docking",http://purl.obolibrary.org/obo/GO_0016560
GO:0016567,BP,protein ubiquitination,http://purl.obolibrary.org/obo/GO_0016567
GO:0016579,BP,protein deubiquitination,http://purl.obolibrary.org/obo/GO_0016579
GO:0016581,CC,NuRD complex,http://purl.obolibrary.org/obo/GO_0016581
GO:0016587,CC,Isw1 complex,http://purl.obolibrary.org/obo/GO_0016587
GO:0016589,CC,NURF complex,http://purl.obolibrary.org/obo/GO_0016589
GO:0016591,CC,"RNA polymerase II, holoenzyme",http://purl.obolibrary.org/obo/GO_0016591
GO:0016592,CC,mediator complex,http://purl.obolibrary.org/obo/GO_0016592
GO:0016593,CC,Cdc73/Paf1 complex,http://purl.obolibrary.org/obo/GO_0016593
GO:0016594,MF,glycine binding,http://purl.obolibrary.org/obo/GO_0016594
GO:0016597,MF,amino acid binding,http://purl.obolibrary.org/obo/GO_0016597
GO:0016598,BP,protein arginylation,http://purl.obolibrary.org/obo/GO_0016598
GO:0016602,CC,CCAAT-binding factor complex,http://purl.obolibrary.org/obo/GO_0016602
GO:0016603,MF,glutaminyl-peptide cyclotransferase activity,http://purl.obolibrary.org/obo/GO_0016603
GO:0016604,CC,nuclear body,http://purl.obolibrary.org/obo/GO_0016604
GO:0016605,CC,PML body,http://purl.obolibrary.org/obo/GO_0016605
GO:0016607,CC,nuclear speck,http://purl.obolibrary.org/obo/GO_0016607
GO:0016614,MF,"oxidoreductase activity, acting on CH-OH group of donors",http://purl.obolibrary.org/obo/GO_0016614
GO:0016615,MF,malate dehydrogenase activity,http://purl.obolibrary.org/obo/GO_0016615
GO:0016616,MF,"oxidoreductase activity, acting on the CH-OH group of donors, NAD or NADP as acceptor",http://purl.obolibrary.org/obo/GO_0016616
GO:0016618,MF,hydroxypyruvate reductase activity,http://purl.obolibrary.org/obo/GO_0016618
GO:0016620,MF,"oxidoreductase activity, acting on the aldehyde or oxo group of donors, NAD or NADP as acceptor",http://purl.obolibrary.org/obo/GO_0016620
GO:0016621,MF,cinnamoyl-CoA reductase activity,http://purl.obolibrary.org/obo/GO_0016621
GO:0016623,MF,"oxidoreductase activity, acting on the aldehyde or oxo group of donors, oxygen as acceptor",http://purl.obolibrary.org/obo/GO_0016623
GO:0016624,MF,"oxidoreductase activity, acting on the aldehyde or oxo group of donors, disulfide as acceptor",http://purl.obolibrary.org/obo/GO_0016624
GO:0016627,MF,"oxidoreductase activity, acting on the CH-CH group of donors",http://purl.obolibrary.org/obo/GO_0016627
GO:0016628,MF,"oxidoreductase activity, acting on the CH-CH group of donors, NAD or NADP as acceptor",http://purl.obolibrary.org/obo/GO_0016628
GO:0016629,MF,12-oxophytodienoate reductase activity,http://purl.obolibrary.org/obo/GO_0016629
GO:0016630,MF,protochlorophyllide reductase activity,http://purl.obolibrary.org/obo/GO_0016630
GO:0016631,MF,enoyl-[acyl-carrier-protein] reductase activity,http://purl.obolibrary.org/obo/GO_0016631
GO:0016632,MF,"oxidoreductase activity, acting on the CH-CH group of donors, cytochrome as acceptor",http://purl.obolibrary.org/obo/GO_0016632
GO:0016633,MF,galactonolactone dehydrogenase activity,http://purl.obolibrary.org/obo/GO_0016633
GO:0016634,MF,"oxidoreductase activity, acting on the CH-CH group of donors, oxygen as acceptor",http://purl.obolibrary.org/obo/GO_0016634
GO:0016635,MF,"oxidoreductase activity, acting on the CH-CH group of donors, quinone or related compound as acceptor",http://purl.obolibrary.org/obo/GO_0016635
GO:0016636,MF,"oxidoreductase activity, acting on the CH-CH group of donors, iron-sulfur protein as acceptor",http://purl.obolibrary.org/obo/GO_0016636
GO:0016638,MF,"oxidoreductase activity, acting on the CH-NH2 group of donors",http://purl.obolibrary.org/obo/GO_0016638
GO:0016639,MF,"oxidoreductase activity, acting on the CH-NH2 group of donors, NAD or NADP as acceptor",http://purl.obolibrary.org/obo/GO_0016639
GO:0016641,MF,"oxidoreductase activity, acting on the CH-NH2 group of donors, oxygen as acceptor",http://purl.obolibrary.org/obo/GO_0016641
GO:0016642,MF,"oxidoreductase activity, acting on the CH-NH2 group of donors, disulfide as acceptor",http://purl.obolibrary.org/obo/GO_0016642
GO:0016643,MF,"oxidoreductase activity, acting on the CH-NH2 group of donors, iron-sulfur protein as acceptor",http://purl.obolibrary.org/obo/GO_0016643
GO:0016645,MF,"oxidoreductase activity, acting on the CH-NH group of donors",http://purl.obolibrary.org/obo/GO_0016645
GO:0016646,MF,"oxidoreductase activity, acting on the CH-NH group of donors, NAD or NADP as acceptor",http://purl.obolibrary.org/obo/GO_0016646
GO:0016647,MF,"oxidoreductase activity, acting on the CH-NH group of donors, oxygen as acceptor",http://purl.obolibrary.org/obo/GO_0016647
GO:0016649,MF,"oxidoreductase activity, acting on the CH-NH group of donors, quinone or similar compound as acceptor",http://purl.obolibrary.org/obo/GO_0016649
GO:0016651,MF,"oxidoreductase activity, acting on NAD(P)H",http://purl.obolibrary.org/obo/GO_0016651
GO:0016652,MF,"oxidoreductase activity, acting on NAD(P)H, NAD(P) as acceptor",http://purl.obolibrary.org/obo/GO_0016652
GO:0016653,MF,"oxidoreductase activity, acting on NAD(P)H, heme protein as acceptor",http://purl.obolibrary.org/obo/GO_0016653
GO:0016655,MF,"oxidoreductase activity, acting on NAD(P)H, quinone or similar compound as acceptor",http://purl.obolibrary.org/obo/GO_0016655
GO:0016656,MF,monodehydroascorbate reductase (NADH) activity,http://purl.obolibrary.org/obo/GO_0016656
GO:0016661,MF,"oxidoreductase activity, acting on other nitrogenous compounds as donors",http://purl.obolibrary.org/obo/GO_0016661
GO:0016662,MF,"oxidoreductase activity, acting on other nitrogenous compounds as donors, cytochrome as acceptor",http://purl.obolibrary.org/obo/GO_0016662
GO:0016663,MF,"oxidoreductase activity, acting on other nitrogenous compounds as donors, oxygen as acceptor",http://purl.obolibrary.org/obo/GO_0016663
GO:0016667,MF,"oxidoreductase activity, acting on a sulfur group of donors",http://purl.obolibrary.org/obo/GO_0016667
GO:0016668,MF,"oxidoreductase activity, acting on a sulfur group of donors, NAD(P) as acceptor",http://purl.obolibrary.org/obo/GO_0016668
GO:0016670,MF,"oxidoreductase activity, acting on a sulfur group of donors, oxygen as acceptor",http://purl.obolibrary.org/obo/GO_0016670
GO:0016671,MF,"oxidoreductase activity, acting on a sulfur group of donors, disulfide as acceptor",http://purl.obolibrary.org/obo/GO_0016671
GO:0016672,MF,"oxidoreductase activity, acting on a sulfur group of donors, quinone or similar compound as acceptor",http://purl.obolibrary.org/obo/GO_0016672
GO:0016673,MF,"oxidoreductase activity, acting on a sulfur group of donors, iron-sulfur protein as acceptor",http://purl.obolibrary.org/obo/GO_0016673
GO:0016675,MF,"oxidoreductase activity, acting on a heme group of donors",http://purl.obolibrary.org/obo/GO_0016675
GO:0016679,MF,"oxidoreductase activity, acting on diphenols and related substances as donors",http://purl.obolibrary.org/obo/GO_0016679
GO:0016682,MF,"oxidoreductase activity, acting on diphenols and related substances as donors, oxygen as acceptor",http://purl.obolibrary.org/obo/GO_0016682
GO:0016684,MF,"oxidoreductase activity, acting on peroxide as acceptor",http://purl.obolibrary.org/obo/GO_0016684
GO:0016688,MF,L-ascorbate peroxidase activity,http://purl.obolibrary.org/obo/GO_0016688
GO:0016701,MF,"oxidoreductase activity, acting on single donors with incorporation of molecular oxygen",http://purl.obolibrary.org/obo/GO_0016701
GO:0016702,MF,"oxidoreductase activity, acting on single donors with incorporation of molecular oxygen, incorporation of two atoms of oxygen",http://purl.obolibrary.org/obo/GO_0016702
GO:0016703,MF,"oxidoreductase activity, acting on single donors with incorporation of molecular oxygen, incorporation of one atom of oxygen (internal monooxygenases or internal mixed function oxidases)",http://purl.obolibrary.org/obo/GO_0016703
GO:0016705,MF,"oxidoreductase activity, acting on paired donors, with incorporation or reduction of molecular oxygen",http://purl.obolibrary.org/obo/GO_0016705
GO:0016706,MF,2-oxoglutarate-dependent dioxygenase activity,http://purl.obolibrary.org/obo/GO_0016706
GO:0016707,MF,gibberellin 3-beta-dioxygenase activity,http://purl.obolibrary.org/obo/GO_0016707
GO:0016709,MF,"oxidoreductase activity, acting on paired donors, with incorporation or reduction of molecular oxygen, NAD(P)H as one donor, and incorporation of one atom of oxygen",http://purl.obolibrary.org/obo/GO_0016709
GO:0016710,MF,trans-cinnamate 4-monooxygenase activity,http://purl.obolibrary.org/obo/GO_0016710
GO:0016712,MF,"oxidoreductase activity, acting on paired donors, with incorporation or reduction of molecular oxygen, reduced flavin or flavoprotein as one donor, and incorporation of one atom of oxygen",http://purl.obolibrary.org/obo/GO_0016712
GO:0016713,MF,"oxidoreductase activity, acting on paired donors, with incorporation or reduction of molecular oxygen, reduced iron-sulfur protein as one donor, and incorporation of one atom of oxygen",http://purl.obolibrary.org/obo/GO_0016713
GO:0016715,MF,"oxidoreductase activity, acting on paired donors, with incorporation or reduction of molecular oxygen, reduced ascorbate as one donor, and incorporation of one atom of oxygen",http://purl.obolibrary.org/obo/GO_0016715
GO:0016716,MF,"oxidoreductase activity, acting on paired donors, with incorporation or reduction of molecular oxygen, another compound as one donor, and incorporation of one atom of oxygen",http://purl.obolibrary.org/obo/GO_0016716
GO:0016717,MF,"oxidoreductase activity, acting on paired donors, with oxidation of a pair of donors resulting in the reduction of molecular oxygen to two molecules of water",http://purl.obolibrary.org/obo/GO_0016717
GO:0016719,MF,"carotene 7,8-desaturase activity",http://purl.obolibrary.org/obo/GO_0016719
GO:0016721,MF,"oxidoreductase activity, acting on superoxide radicals as acceptor",http://purl.obolibrary.org/obo/GO_0016721
GO:0016722,MF,"oxidoreductase activity, acting on metal ions",http://purl.obolibrary.org/obo/GO_0016722
GO:0016723,MF,"oxidoreductase activity, acting on metal ions, NAD or NADP as acceptor",http://purl.obolibrary.org/obo/GO_0016723
GO:0016724,MF,"oxidoreductase activity, acting on metal ions, oxygen as acceptor",http://purl.obolibrary.org/obo/GO_0016724
GO:0016725,MF,"oxidoreductase activity, acting on CH or CH2 groups",http://purl.obolibrary.org/obo/GO_0016725
GO:0016726,MF,"oxidoreductase activity, acting on CH or CH2 groups, NAD or NADP as acceptor",http://purl.obolibrary.org/obo/GO_0016726
GO:0016728,MF,"oxidoreductase activity, acting on CH or CH2 groups, disulfide as acceptor",http://purl.obolibrary.org/obo/GO_0016728
GO:0016730,MF,"oxidoreductase activity, acting on iron-sulfur proteins as donors",http://purl.obolibrary.org/obo/GO_0016730
GO:0016731,MF,"oxidoreductase activity, acting on iron-sulfur proteins as donors, NAD or NADP as acceptor",http://purl.obolibrary.org/obo/GO_0016731
GO:0016740,MF,transferase activity,http://purl.obolibrary.org/obo/GO_0016740
GO:0016741,MF,"transferase activity, transferring one-carbon groups",http://purl.obolibrary.org/obo/GO_0016741
GO:0016742,MF,"hydroxymethyl-, formyl- and related transferase activity",http://purl.obolibrary.org/obo/GO_0016742
GO:0016743,MF,carboxyl- or carbamoyltransferase activity,http://purl.obolibrary.org/obo/GO_0016743
GO:0016744,MF,transketolase or transaldolase activity,http://purl.obolibrary.org/obo/GO_0016744
GO:0016746,MF,acyltransferase activity,http://purl.obolibrary.org/obo/GO_0016746
GO:0016747,MF,"acyltransferase activity, transferring groups other than amino-acyl groups",http://purl.obolibrary.org/obo/GO_0016747
GO:0016748,MF,succinyltransferase activity,http://purl.obolibrary.org/obo/GO_0016748
GO:0016749,MF,N-succinyltransferase activity,http://purl.obolibrary.org/obo/GO_0016749
GO:0016751,MF,S-succinyltransferase activity,http://purl.obolibrary.org/obo/GO_0016751
GO:0016752,MF,sinapoyltransferase activity,http://purl.obolibrary.org/obo/GO_0016752
GO:0016753,MF,O-sinapoyltransferase activity,http://purl.obolibrary.org/obo/GO_0016753
GO:0016754,MF,sinapoylglucose-malate O-sinapoyltransferase activity,http://purl.obolibrary.org/obo/GO_0016754
GO:0016755,MF,aminoacyltransferase activity,http://purl.obolibrary.org/obo/GO_0016755
GO:0016756,MF,glutathione gamma-glutamylcysteinyltransferase activity,http://purl.obolibrary.org/obo/GO_0016756
GO:0016757,MF,glycosyltransferase activity,http://purl.obolibrary.org/obo/GO_0016757
GO:0016758,MF,hexosyltransferase activity,http://purl.obolibrary.org/obo/GO_0016758
GO:0016759,MF,cellulose synthase activity,http://purl.obolibrary.org/obo/GO_0016759
GO:0016760,MF,cellulose synthase (UDP-forming) activity,http://purl.obolibrary.org/obo/GO_0016760
GO:0016762,MF,xyloglucan:xyloglucosyl transferase activity,http://purl.obolibrary.org/obo/GO_0016762
GO:0016763,MF,pentosyltransferase activity,http://purl.obolibrary.org/obo/GO_0016763
GO:0016765,MF,"transferase activity, transferring alkyl or aryl (other than methyl) groups",http://purl.obolibrary.org/obo/GO_0016765
GO:0016767,MF,geranylgeranyl-diphosphate geranylgeranyltransferase activity,http://purl.obolibrary.org/obo/GO_0016767
GO:0016768,MF,spermine synthase activity,http://purl.obolibrary.org/obo/GO_0016768
GO:0016769,MF,"transferase activity, transferring nitrogenous groups",http://purl.obolibrary.org/obo/GO_0016769
GO:0016772,MF,"transferase activity, transferring phosphorus-containing groups",http://purl.obolibrary.org/obo/GO_0016772
GO:0016773,MF,"phosphotransferase activity, alcohol group as acceptor",http://purl.obolibrary.org/obo/GO_0016773
GO:0016774,MF,"phosphotransferase activity, carboxyl group as acceptor",http://purl.obolibrary.org/obo/GO_0016774
GO:0016775,MF,"phosphotransferase activity, nitrogenous group as acceptor",http://purl.obolibrary.org/obo/GO_0016775
GO:0016776,MF,"phosphotransferase activity, phosphate group as acceptor",http://purl.obolibrary.org/obo/GO_0016776
GO:0016778,MF,diphosphotransferase activity,http://purl.obolibrary.org/obo/GO_0016778
GO:0016779,MF,nucleotidyltransferase activity,http://purl.obolibrary.org/obo/GO_0016779
GO:0016780,MF,"phosphotransferase activity, for other substituted phosphate groups",http://purl.obolibrary.org/obo/GO_0016780
GO:0016781,MF,"phosphotransferase activity, paired acceptors",http://purl.obolibrary.org/obo/GO_0016781
GO:0016782,MF,"transferase activity, transferring sulphur-containing groups",http://purl.obolibrary.org/obo/GO_0016782
GO:0016783,MF,sulfurtransferase activity,http://purl.obolibrary.org/obo/GO_0016783
GO:0016784,MF,3-mercaptopyruvate sulfurtransferase activity,http://purl.obolibrary.org/obo/GO_0016784
GO:0016787,MF,hydrolase activity,http://purl.obolibrary.org/obo/GO_0016787
GO:0016788,MF,"hydrolase activity, acting on ester bonds",http://purl.obolibrary.org/obo/GO_0016788
GO:0016790,MF,thiolester hydrolase activity,http://purl.obolibrary.org/obo/GO_0016790
GO:0016791,MF,phosphatase activity,http://purl.obolibrary.org/obo/GO_0016791
GO:0016793,MF,triphosphoric monoester hydrolase activity,http://purl.obolibrary.org/obo/GO_0016793
GO:0016794,MF,diphosphoric monoester hydrolase activity,http://purl.obolibrary.org/obo/GO_0016794
GO:0016796,MF,"exonuclease activity, active with either ribo- or deoxyribonucleic acids and producing 5'-phosphomonoesters",http://purl.obolibrary.org/obo/GO_0016796
GO:0016798,MF,"hydrolase activity, acting on glycosyl bonds",http://purl.obolibrary.org/obo/GO_0016798
GO:0016799,MF,"hydrolase activity, hydrolyzing N-glycosyl compounds",http://purl.obolibrary.org/obo/GO_0016799
GO:0016801,MF,"hydrolase activity, acting on ether bonds",http://purl.obolibrary.org/obo/GO_0016801
GO:0016803,MF,ether hydrolase activity,http://purl.obolibrary.org/obo/GO_0016803
GO:0016805,MF,dipeptidase activity,http://purl.obolibrary.org/obo/GO_0016805
GO:0016807,MF,cysteine-type carboxypeptidase activity,http://purl.obolibrary.org/obo/GO_0016807
GO:0016810,MF,"hydrolase activity, acting on carbon-nitrogen (but not peptide) bonds",http://purl.obolibrary.org/obo/GO_0016810
GO:0016811,MF,"hydrolase activity, acting on carbon-nitrogen (but not peptide) bonds, in linear amides",http://purl.obolibrary.org/obo/GO_0016811
GO:0016812,MF,"hydrolase activity, acting on carbon-nitrogen (but not peptide) bonds, in cyclic amides",http://purl.obolibrary.org/obo/GO_0016812
GO:0016813,MF,"hydrolase activity, acting on carbon-nitrogen (but not peptide) bonds, in linear amidines",http://purl.obolibrary.org/obo/GO_0016813
GO:0016814,MF,"hydrolase activity, acting on carbon-nitrogen (but not peptide) bonds, in cyclic amidines",http://purl.obolibrary.org/obo/GO_0016814
GO:0016815,MF,"hydrolase activity, acting on carbon-nitrogen (but not peptide) bonds, in nitriles",http://purl.obolibrary.org/obo/GO_0016815
GO:0016817,MF,"hydrolase activity, acting on acid anhydrides",http://purl.obolibrary.org/obo/GO_0016817
GO:0016818,MF,"hydrolase activity, acting on acid anhydrides, in phosphorus-containing anhydrides",http://purl.obolibrary.org/obo/GO_0016818
GO:0016819,MF,"hydrolase activity, acting on acid anhydrides, in sulfonyl-containing anhydrides",http://purl.obolibrary.org/obo/GO_0016819
GO:0016822,MF,"hydrolase activity, acting on acid carbon-carbon bonds",http://purl.obolibrary.org/obo/GO_0016822
GO:0016823,MF,"hydrolase activity, acting on acid carbon-carbon bonds, in ketonic substances",http://purl.obolibrary.org/obo/GO_0016823
GO:0016825,MF,"hydrolase activity, acting on acid phosphorus-nitrogen bonds",http://purl.obolibrary.org/obo/GO_0016825
GO:0016829,MF,lyase activity,http://purl.obolibrary.org/obo/GO_0016829
GO:0016830,MF,carbon-carbon lyase activity,http://purl.obolibrary.org/obo/GO_0016830
GO:0016831,MF,carboxy-lyase activity,http://purl.obolibrary.org/obo/GO_0016831
GO:0016832,MF,aldehyde-lyase activity,http://purl.obolibrary.org/obo/GO_0016832
GO:0016833,MF,oxo-acid-lyase activity,http://purl.obolibrary.org/obo/GO_0016833
GO:0016835,MF,carbon-oxygen lyase activity,http://purl.obolibrary.org/obo/GO_0016835
GO:0016836,MF,hydro-lyase activity,http://purl.obolibrary.org/obo/GO_0016836
GO:0016837,MF,"carbon-oxygen lyase activity, acting on polysaccharides",http://purl.obolibrary.org/obo/GO_0016837
GO:0016838,MF,"carbon-oxygen lyase activity, acting on phosphates",http://purl.obolibrary.org/obo/GO_0016838
GO:0016840,MF,carbon-nitrogen lyase activity,http://purl.obolibrary.org/obo/GO_0016840
GO:0016841,MF,ammonia-lyase activity,http://purl.obolibrary.org/obo/GO_0016841
GO:0016842,MF,amidine-lyase activity,http://purl.obolibrary.org/obo/GO_0016842
GO:0016843,MF,amine-lyase activity,http://purl.obolibrary.org/obo/GO_0016843
GO:0016844,MF,strictosidine synthase activity,http://purl.obolibrary.org/obo/GO_0016844
GO:0016846,MF,carbon-sulfur lyase activity,http://purl.obolibrary.org/obo/GO_0016846
GO:0016847,MF,1-aminocyclopropane-1-carboxylate synthase activity,http://purl.obolibrary.org/obo/GO_0016847
GO:0016849,MF,phosphorus-oxygen lyase activity,http://purl.obolibrary.org/obo/GO_0016849
GO:0016851,MF,magnesium chelatase activity,http://purl.obolibrary.org/obo/GO_0016851
GO:0016853,MF,isomerase activity,http://purl.obolibrary.org/obo/GO_0016853
GO:0016854,MF,racemase and epimerase activity,http://purl.obolibrary.org/obo/GO_0016854
GO:0016855,MF,"racemase and epimerase activity, acting on amino acids and derivatives",http://purl.obolibrary.org/obo/GO_0016855
GO:0016856,MF,"racemase and epimerase activity, acting on hydroxy acids and derivatives",http://purl.obolibrary.org/obo/GO_0016856
GO:0016857,MF,"racemase and epimerase activity, acting on carbohydrates and derivatives",http://purl.obolibrary.org/obo/GO_0016857
GO:0016859,MF,cis-trans isomerase activity,http://purl.obolibrary.org/obo/GO_0016859
GO:0016860,MF,intramolecular oxidoreductase activity,http://purl.obolibrary.org/obo/GO_0016860
GO:0016861,MF,"intramolecular oxidoreductase activity, interconverting aldoses and ketoses",http://purl.obolibrary.org/obo/GO_0016861
GO:0016862,MF,"intramolecular oxidoreductase activity, interconverting keto- and enol-groups",http://purl.obolibrary.org/obo/GO_0016862
GO:0016863,MF,"intramolecular oxidoreductase activity, transposing C=C bonds",http://purl.obolibrary.org/obo/GO_0016863
GO:0016864,MF,"intramolecular oxidoreductase activity, transposing S-S bonds",http://purl.obolibrary.org/obo/GO_0016864
GO:0016866,MF,intramolecular transferase activity,http://purl.obolibrary.org/obo/GO_0016866
GO:0016868,MF,"intramolecular transferase activity, phosphotransferases",http://purl.obolibrary.org/obo/GO_0016868
GO:0016869,MF,"intramolecular transferase activity, transferring amino groups",http://purl.obolibrary.org/obo/GO_0016869
GO:0016871,MF,cycloartenol synthase activity,http://purl.obolibrary.org/obo/GO_0016871
GO:0016872,MF,intramolecular lyase activity,http://purl.obolibrary.org/obo/GO_0016872
GO:0016874,MF,ligase activity,http://purl.obolibrary.org/obo/GO_0016874
GO:0016875,MF,"ligase activity, forming carbon-oxygen bonds",http://purl.obolibrary.org/obo/GO_0016875
GO:0016877,MF,"ligase activity, forming carbon-sulfur bonds",http://purl.obolibrary.org/obo/GO_0016877
GO:0016878,MF,acid-thiol ligase activity,http://purl.obolibrary.org/obo/GO_0016878
GO:0016879,MF,"ligase activity, forming carbon-nitrogen bonds",http://purl.obolibrary.org/obo/GO_0016879
GO:0016880,MF,acid-ammonia (or amide) ligase activity,http://purl.obolibrary.org/obo/GO_0016880
GO:0016881,MF,acid-amino acid ligase activity,http://purl.obolibrary.org/obo/GO_0016881
GO:0016882,MF,cyclo-ligase activity,http://purl.obolibrary.org/obo/GO_0016882
GO:0016884,MF,"carbon-nitrogen ligase activity, with glutamine as amido-N-donor",http://purl.obolibrary.org/obo/GO_0016884
GO:0016885,MF,"ligase activity, forming carbon-carbon bonds",http://purl.obolibrary.org/obo/GO_0016885
GO:0016886,MF,"ligase activity, forming phosphoric ester bonds",http://purl.obolibrary.org/obo/GO_0016886
GO:0016887,MF,ATP hydrolysis activity,http://purl.obolibrary.org/obo/GO_0016887
GO:0016888,MF,"endodeoxyribonuclease activity, producing 5'-phosphomonoesters",http://purl.obolibrary.org/obo/GO_0016888
GO:0016889,MF,"endodeoxyribonuclease activity, producing 3'-phosphomonoesters",http://purl.obolibrary.org/obo/GO_0016889
GO:0016891,MF,"endoribonuclease activity, producing 5'-phosphomonoesters",http://purl.obolibrary.org/obo/GO_0016891
GO:0016892,MF,"endoribonuclease activity, producing 3'-phosphomonoesters",http://purl.obolibrary.org/obo/GO_0016892
GO:0016893,MF,"endonuclease activity, active with either ribo- or deoxyribonucleic acids and producing 5'-phosphomonoesters",http://purl.obolibrary.org/obo/GO_0016893
GO:0016894,MF,"endonuclease activity, active with either ribo- or deoxyribonucleic acids and producing 3'-phosphomonoesters",http://purl.obolibrary.org/obo/GO_0016894
GO:0016895,MF,"exodeoxyribonuclease activity, producing 5'-phosphomonoesters",http://purl.obolibrary.org/obo/GO_0016895
GO:0016896,MF,"exoribonuclease activity, producing 5'-phosphomonoesters",http://purl.obolibrary.org/obo/GO_0016896
GO:0016898,MF,"oxidoreductase activity, acting on the CH-OH group of donors, cytochrome as acceptor",http://purl.obolibrary.org/obo/GO_0016898
GO:0016899,MF,"oxidoreductase activity, acting on the CH-OH group of donors, oxygen as acceptor",http://purl.obolibrary.org/obo/GO_0016899
GO:0016901,MF,"oxidoreductase activity, acting on the CH-OH group of donors, quinone or similar compound as acceptor",http://purl.obolibrary.org/obo/GO_0016901
GO:0016903,MF,"oxidoreductase activity, acting on the aldehyde or oxo group of donors",http://purl.obolibrary.org/obo/GO_0016903
GO:0016906,MF,sterol 3-beta-glucosyltransferase activity,http://purl.obolibrary.org/obo/GO_0016906
GO:0016925,BP,protein sumoylation,http://purl.obolibrary.org/obo/GO_0016925
GO:0016926,BP,protein desumoylation,http://purl.obolibrary.org/obo/GO_0016926
GO:0016929,MF,SUMO-specific protease activity,http://purl.obolibrary.org/obo/GO_0016929
GO:0016937,MF,short-branched-chain-acyl-CoA dehydrogenase activity,http://purl.obolibrary.org/obo/GO_0016937
GO:0016939,CC,kinesin II complex,http://purl.obolibrary.org/obo/GO_0016939
GO:0016971,MF,flavin-linked sulfhydryl oxidase activity,http://purl.obolibrary.org/obo/GO_0016971
GO:0016972,MF,thiol oxidase activity,http://purl.obolibrary.org/obo/GO_0016972
GO:0016973,BP,poly(A)+ mRNA export from nucleus,http://purl.obolibrary.org/obo/GO_0016973
GO:0016985,MF,"mannan endo-1,4-beta-mannosidase activity",http://purl.obolibrary.org/obo/GO_0016985
GO:0016987,MF,sigma factor activity,http://purl.obolibrary.org/obo/GO_0016987
GO:0016989,MF,sigma factor antagonist activity,http://purl.obolibrary.org/obo/GO_0016989
GO:0016990,MF,arginine deiminase activity,http://purl.obolibrary.org/obo/GO_0016990
GO:0016992,MF,lipoate synthase activity,http://purl.obolibrary.org/obo/GO_0016992
GO:0016998,BP,cell wall macromolecule catabolic process,http://purl.obolibrary.org/obo/GO_0016998
GO:0017004,BP,cytochrome complex assembly,http://purl.obolibrary.org/obo/GO_0017004
GO:0017005,MF,3'-tyrosyl-DNA phosphodiesterase activity,http://purl.obolibrary.org/obo/GO_0017005
GO:0017006,BP,protein-tetrapyrrole linkage,http://purl.obolibrary.org/obo/GO_0017006
GO:0017007,BP,protein-bilin linkage,http://purl.obolibrary.org/obo/GO_0017007
GO:0017009,BP,protein-phycocyanobilin linkage,http://purl.obolibrary.org/obo/GO_0017009
GO:0017012,BP,protein-phytochromobilin linkage,http://purl.obolibrary.org/obo/GO_0017012
GO:0017014,BP,protein nitrosylation,http://purl.obolibrary.org/obo/GO_0017014
GO:0017017,MF,MAP kinase tyrosine/serine/threonine phosphatase activity,http://purl.obolibrary.org/obo/GO_0017017
GO:0017022,MF,myosin binding,http://purl.obolibrary.org/obo/GO_0017022
GO:0017025,MF,TBP-class protein binding,http://purl.obolibrary.org/obo/GO_0017025
GO:0017038,BP,protein import,http://purl.obolibrary.org/obo/GO_0017038
GO:0017040,MF,N-acylsphingosine amidohydrolase activity,http://purl.obolibrary.org/obo/GO_0017040
GO:0017046,MF,peptide hormone binding,http://purl.obolibrary.org/obo/GO_0017046
GO:0017050,MF,D-erythro-sphingosine kinase activity,http://purl.obolibrary.org/obo/GO_0017050
GO:0017053,CC,transcription repressor complex,http://purl.obolibrary.org/obo/GO_0017053
GO:0017054,CC,negative cofactor 2 complex,http://purl.obolibrary.org/obo/GO_0017054
GO:0017056,MF,structural constituent of nuclear pore,http://purl.obolibrary.org/obo/GO_0017056
GO:0017057,MF,6-phosphogluconolactonase activity,http://purl.obolibrary.org/obo/GO_0017057
GO:0017059,CC,serine C-palmitoyltransferase complex,http://purl.obolibrary.org/obo/GO_0017059
GO:0017061,MF,S-methyl-5-thioadenosine phosphorylase activity,http://purl.obolibrary.org/obo/GO_0017061
GO:0017062,BP,respiratory chain complex III assembly,http://purl.obolibrary.org/obo/GO_0017062
GO:0017069,MF,snRNA binding,http://purl.obolibrary.org/obo/GO_0017069
GO:0017070,MF,U6 snRNA binding,http://purl.obolibrary.org/obo/GO_0017070
GO:0017076,MF,purine nucleotide binding,http://purl.obolibrary.org/obo/GO_0017076
GO:0017077,MF,oxidative phosphorylation uncoupler activity,http://purl.obolibrary.org/obo/GO_0017077
GO:0017080,MF,sodium channel regulator activity,http://purl.obolibrary.org/obo/GO_0017080
GO:0017084,MF,delta1-pyrroline-5-carboxylate synthetase activity,http://purl.obolibrary.org/obo/GO_0017084
GO:0017085,BP,response to insecticide,http://purl.obolibrary.org/obo/GO_0017085
GO:0017095,MF,heparan sulfate 6-O-sulfotransferase activity,http://purl.obolibrary.org/obo/GO_0017095
GO:0017096,MF,acetylserotonin O-methyltransferase activity,http://purl.obolibrary.org/obo/GO_0017096
GO:0017101,CC,aminoacyl-tRNA synthetase multienzyme complex,http://purl.obolibrary.org/obo/GO_0017101
GO:0017102,CC,methionyl glutamyl tRNA synthetase complex,http://purl.obolibrary.org/obo/GO_0017102
GO:0017103,MF,UTP:galactose-1-phosphate uridylyltransferase activity,http://purl.obolibrary.org/obo/GO_0017103
GO:0017108,MF,5'-flap endonuclease activity,http://purl.obolibrary.org/obo/GO_0017108
GO:0017110,MF,nucleoside-diphosphatase activity,http://purl.obolibrary.org/obo/GO_0017110
GO:0017111,MF,nucleoside-triphosphatase activity,http://purl.obolibrary.org/obo/GO_0017111
GO:0017113,MF,dihydropyrimidine dehydrogenase (NADP+) activity,http://purl.obolibrary.org/obo/GO_0017113
GO:0017116,MF,single-stranded DNA helicase activity,http://purl.obolibrary.org/obo/GO_0017116
GO:0017119,CC,Golgi transport complex,http://purl.obolibrary.org/obo/GO_0017119
GO:0017121,BP,plasma membrane phospholipid scrambling,http://purl.obolibrary.org/obo/GO_0017121
GO:0017125,MF,deoxycytidyl transferase activity,http://purl.obolibrary.org/obo/GO_0017125
GO:0017126,BP,nucleologenesis,http://purl.obolibrary.org/obo/GO_0017126
GO:0017128,MF,phospholipid scramblase activity,http://purl.obolibrary.org/obo/GO_0017128
GO:0017136,MF,NAD-dependent histone deacetylase activity,http://purl.obolibrary.org/obo/GO_0017136
GO:0017145,BP,stem cell division,http://purl.obolibrary.org/obo/GO_0017145
GO:0017148,BP,negative regulation of translation,http://purl.obolibrary.org/obo/GO_0017148
GO:0017150,MF,tRNA dihydrouridine synthase activity,http://purl.obolibrary.org/obo/GO_0017150
GO:0017151,MF,DEAD/H-box RNA helicase binding,http://purl.obolibrary.org/obo/GO_0017151
GO:0017156,BP,calcium-ion regulated exocytosis,http://purl.obolibrary.org/obo/GO_0017156
GO:0017157,BP,regulation of exocytosis,http://purl.obolibrary.org/obo/GO_0017157
GO:0017168,MF,5-oxoprolinase (ATP-hydrolyzing) activity,http://purl.obolibrary.org/obo/GO_0017168
GO:0017169,MF,CDP-alcohol phosphatidyltransferase activity,http://purl.obolibrary.org/obo/GO_0017169
GO:0017171,MF,serine hydrolase activity,http://purl.obolibrary.org/obo/GO_0017171
GO:0017172,MF,cysteine dioxygenase activity,http://purl.obolibrary.org/obo/GO_0017172
GO:0017176,MF,phosphatidylinositol N-acetylglucosaminyltransferase activity,http://purl.obolibrary.org/obo/GO_0017176
GO:0017177,CC,glucosidase II complex,http://purl.obolibrary.org/obo/GO_0017177
GO:0017178,MF,diphthine-ammonia ligase activity,http://purl.obolibrary.org/obo/GO_0017178
GO:0017183,BP,peptidyl-diphthamide biosynthetic process from peptidyl-histidine,http://purl.obolibrary.org/obo/GO_0017183
GO:0017186,BP,"peptidyl-pyroglutamic acid biosynthetic process, using glutaminyl-peptide cyclotransferase",http://purl.obolibrary.org/obo/GO_0017186
GO:0018022,BP,peptidyl-lysine methylation,http://purl.obolibrary.org/obo/GO_0018022
GO:0018023,BP,peptidyl-lysine trimethylation,http://purl.obolibrary.org/obo/GO_0018023
GO:0018025,MF,calmodulin-lysine N-methyltransferase activity,http://purl.obolibrary.org/obo/GO_0018025
GO:0018105,BP,peptidyl-serine phosphorylation,http://purl.obolibrary.org/obo/GO_0018105
GO:0018106,BP,peptidyl-histidine phosphorylation,http://purl.obolibrary.org/obo/GO_0018106
GO:0018108,BP,peptidyl-tyrosine phosphorylation,http://purl.obolibrary.org/obo/GO_0018108
GO:0018114,MF,threonine racemase activity,http://purl.obolibrary.org/obo/GO_0018114
GO:0018117,BP,protein adenylylation,http://purl.obolibrary.org/obo/GO_0018117
GO:0018119,BP,peptidyl-cysteine S-nitrosylation,http://purl.obolibrary.org/obo/GO_0018119
GO:0018126,BP,protein hydroxylation,http://purl.obolibrary.org/obo/GO_0018126
GO:0018131,BP,oxazole or thiazole biosynthetic process,http://purl.obolibrary.org/obo/GO_0018131
GO:0018149,BP,peptide cross-linking,http://purl.obolibrary.org/obo/GO_0018149
GO:0018153,BP,isopeptide cross-linking via N6-(L-isoglutamyl)-L-lysine,http://purl.obolibrary.org/obo/GO_0018153
GO:0018158,BP,protein oxidation,http://purl.obolibrary.org/obo/GO_0018158
GO:0018171,BP,peptidyl-cysteine oxidation,http://purl.obolibrary.org/obo/GO_0018171
GO:0018175,BP,protein nucleotidylation,http://purl.obolibrary.org/obo/GO_0018175
GO:0018188,BP,peptidyl-proline di-hydroxylation,http://purl.obolibrary.org/obo/GO_0018188
GO:0018193,BP,peptidyl-amino acid modification,http://purl.obolibrary.org/obo/GO_0018193
GO:0018195,BP,peptidyl-arginine modification,http://purl.obolibrary.org/obo/GO_0018195
GO:0018197,BP,peptidyl-aspartic acid modification,http://purl.obolibrary.org/obo/GO_0018197
GO:0018198,BP,peptidyl-cysteine modification,http://purl.obolibrary.org/obo/GO_0018198
GO:0018199,BP,peptidyl-glutamine modification,http://purl.obolibrary.org/obo/GO_0018199
GO:0018202,BP,peptidyl-histidine modification,http://purl.obolibrary.org/obo/GO_0018202
GO:0018205,BP,peptidyl-lysine modification,http://purl.obolibrary.org/obo/GO_0018205
GO:0018208,BP,peptidyl-proline modification,http://purl.obolibrary.org/obo/GO_0018208
GO:0018209,BP,peptidyl-serine modification,http://purl.obolibrary.org/obo/GO_0018209
GO:0018212,BP,peptidyl-tyrosine modification,http://purl.obolibrary.org/obo/GO_0018212
GO:0018215,BP,protein phosphopantetheinylation,http://purl.obolibrary.org/obo/GO_0018215
GO:0018216,BP,peptidyl-arginine methylation,http://purl.obolibrary.org/obo/GO_0018216
GO:0018237,MF,urease activator activity,http://purl.obolibrary.org/obo/GO_0018237
GO:0018258,BP,protein O-linked glycosylation via hydroxyproline,http://purl.obolibrary.org/obo/GO_0018258
GO:0018262,BP,isopeptide cross-linking,http://purl.obolibrary.org/obo/GO_0018262
GO:0018271,MF,biotin-protein ligase activity,http://purl.obolibrary.org/obo/GO_0018271
GO:0018279,BP,protein N-linked glycosylation via asparagine,http://purl.obolibrary.org/obo/GO_0018279
GO:0018282,BP,metal incorporation into metallo-sulfur cluster,http://purl.obolibrary.org/obo/GO_0018282
GO:0018283,BP,iron incorporation into metallo-sulfur cluster,http://purl.obolibrary.org/obo/GO_0018283
GO:0018315,BP,molybdenum incorporation into molybdenum-molybdopterin complex,http://purl.obolibrary.org/obo/GO_0018315
GO:0018316,BP,peptide cross-linking via L-cystine,http://purl.obolibrary.org/obo/GO_0018316
GO:0018339,BP,peptidyl-L-beta-methylthioaspartic acid biosynthetic process from peptidyl-aspartic acid,http://purl.obolibrary.org/obo/GO_0018339
GO:0018342,BP,protein prenylation,http://purl.obolibrary.org/obo/GO_0018342
GO:0018343,BP,protein farnesylation,http://purl.obolibrary.org/obo/GO_0018343
GO:0018344,BP,protein geranylgeranylation,http://purl.obolibrary.org/obo/GO_0018344
GO:0018345,BP,protein palmitoylation,http://purl.obolibrary.org/obo/GO_0018345
GO:0018377,BP,protein myristoylation,http://purl.obolibrary.org/obo/GO_0018377
GO:0018392,MF,glycoprotein 3-alpha-L-fucosyltransferase activity,http://purl.obolibrary.org/obo/GO_0018392
GO:0018394,BP,peptidyl-lysine acetylation,http://purl.obolibrary.org/obo/GO_0018394
GO:0018401,BP,peptidyl-proline hydroxylation to 4-hydroxy-L-proline,http://purl.obolibrary.org/obo/GO_0018401
GO:0018410,BP,C-terminal protein amino acid modification,http://purl.obolibrary.org/obo/GO_0018410
GO:0018444,CC,translation release factor complex,http://purl.obolibrary.org/obo/GO_0018444
GO:0018454,MF,acetoacetyl-CoA reductase activity,http://purl.obolibrary.org/obo/GO_0018454
GO:0018455,MF,alcohol dehydrogenase [NAD(P)+] activity,http://purl.obolibrary.org/obo/GO_0018455
GO:0018458,MF,isopiperitenol dehydrogenase activity,http://purl.obolibrary.org/obo/GO_0018458
GO:0018459,MF,carveol dehydrogenase activity,http://purl.obolibrary.org/obo/GO_0018459
GO:0018479,MF,benzaldehyde dehydrogenase (NAD+) activity,http://purl.obolibrary.org/obo/GO_0018479
GO:0018488,MF,aryl-aldehyde oxidase activity,http://purl.obolibrary.org/obo/GO_0018488
GO:0018674,MF,(S)-limonene 3-monooxygenase activity,http://purl.obolibrary.org/obo/GO_0018674
GO:0018675,MF,(S)-limonene 6-monooxygenase activity,http://purl.obolibrary.org/obo/GO_0018675
GO:0018685,MF,alkane 1-monooxygenase activity,http://purl.obolibrary.org/obo/GO_0018685
GO:0018708,MF,thiol S-methyltransferase activity,http://purl.obolibrary.org/obo/GO_0018708
GO:0018738,MF,S-formylglutathione hydrolase activity,http://purl.obolibrary.org/obo/GO_0018738
GO:0018773,MF,acetylpyruvate hydrolase activity,http://purl.obolibrary.org/obo/GO_0018773
GO:0018812,MF,3-hydroxyacyl-CoA dehydratase activity,http://purl.obolibrary.org/obo/GO_0018812
GO:0018822,MF,nitrile hydratase activity,http://purl.obolibrary.org/obo/GO_0018822
GO:0018826,MF,methionine gamma-lyase activity,http://purl.obolibrary.org/obo/GO_0018826
GO:0018858,MF,benzoate-CoA ligase activity,http://purl.obolibrary.org/obo/GO_0018858
GO:0018867,BP,alpha-pinene metabolic process,http://purl.obolibrary.org/obo/GO_0018867
GO:0018871,BP,1-aminocyclopropane-1-carboxylate metabolic process,http://purl.obolibrary.org/obo/GO_0018871
GO:0018874,BP,benzoate metabolic process,http://purl.obolibrary.org/obo/GO_0018874
GO:0018882,BP,(+)-camphor metabolic process,http://purl.obolibrary.org/obo/GO_0018882
GO:0018901,BP,"2,4-dichlorophenoxyacetic acid metabolic process",http://purl.obolibrary.org/obo/GO_0018901
GO:0018904,BP,ether metabolic process,http://purl.obolibrary.org/obo/GO_0018904
GO:0018923,BP,limonene metabolic process,http://purl.obolibrary.org/obo/GO_0018923
GO:0018933,BP,nicotine metabolic process,http://purl.obolibrary.org/obo/GO_0018933
GO:0018940,BP,orcinol metabolic process,http://purl.obolibrary.org/obo/GO_0018940
GO:0018958,BP,phenol-containing compound metabolic process,http://purl.obolibrary.org/obo/GO_0018958
GO:0018962,BP,3-phenylpropionate metabolic process,http://purl.obolibrary.org/obo/GO_0018962
GO:0018969,BP,thiocyanate metabolic process,http://purl.obolibrary.org/obo/GO_0018969
GO:0018973,BP,trinitrotoluene metabolic process,http://purl.obolibrary.org/obo/GO_0018973
GO:0018974,BP,"2,4,6-trinitrotoluene metabolic process",http://purl.obolibrary.org/obo/GO_0018974
GO:0018991,BP,oviposition,http://purl.obolibrary.org/obo/GO_0018991
GO:0018995,CC,host cellular component,http://purl.obolibrary.org/obo/GO_0018995
GO:0019001,MF,guanyl nucleotide binding,http://purl.obolibrary.org/obo/GO_0019001
GO:0019003,MF,GDP binding,http://purl.obolibrary.org/obo/GO_0019003
GO:0019005,CC,SCF ubiquitin ligase complex,http://purl.obolibrary.org/obo/GO_0019005
GO:0019010,MF,farnesoic acid O-methyltransferase activity,http://purl.obolibrary.org/obo/GO_0019010
GO:0019034,CC,viral replication complex,http://purl.obolibrary.org/obo/GO_0019034
GO:0019048,BP,modulation by virus of host process,http://purl.obolibrary.org/obo/GO_0019048
GO:0019058,BP,viral life cycle,http://purl.obolibrary.org/obo/GO_0019058
GO:0019079,BP,viral genome replication,http://purl.obolibrary.org/obo/GO_0019079
GO:0019098,BP,reproductive behavior,http://purl.obolibrary.org/obo/GO_0019098
GO:0019104,MF,DNA N-glycosylase activity,http://purl.obolibrary.org/obo/GO_0019104
GO:0019107,MF,myristoyltransferase activity,http://purl.obolibrary.org/obo/GO_0019107
GO:0019113,MF,limonene monooxygenase activity,http://purl.obolibrary.org/obo/GO_0019113
GO:0019115,MF,benzaldehyde dehydrogenase [NAD(P)+] activity,http://purl.obolibrary.org/obo/GO_0019115
GO:0019135,MF,deoxyhypusine monooxygenase activity,http://purl.obolibrary.org/obo/GO_0019135
GO:0019136,MF,deoxynucleoside kinase activity,http://purl.obolibrary.org/obo/GO_0019136
GO:0019137,MF,thioglucosidase activity,http://purl.obolibrary.org/obo/GO_0019137
GO:0019139,MF,cytokinin dehydrogenase activity,http://purl.obolibrary.org/obo/GO_0019139
GO:0019140,MF,inositol 3-kinase activity,http://purl.obolibrary.org/obo/GO_0019140
GO:0019144,MF,ADP-sugar diphosphatase activity,http://purl.obolibrary.org/obo/GO_0019144
GO:0019145,MF,aminobutyraldehyde dehydrogenase activity,http://purl.obolibrary.org/obo/GO_0019145
GO:0019148,MF,D-cysteine desulfhydrase activity,http://purl.obolibrary.org/obo/GO_0019148
GO:0019150,MF,D-ribulokinase activity,http://purl.obolibrary.org/obo/GO_0019150
GO:0019154,MF,glycolate dehydrogenase activity,http://purl.obolibrary.org/obo/GO_0019154
GO:0019156,MF,isoamylase activity,http://purl.obolibrary.org/obo/GO_0019156
GO:0019171,MF,3-hydroxyacyl-[acyl-carrier-protein] dehydratase activity,http://purl.obolibrary.org/obo/GO_0019171
GO:0019172,MF,glyoxalase III activity,http://purl.obolibrary.org/obo/GO_0019172
GO:0019177,MF,dihydroneopterin triphosphate pyrophosphohydrolase activity,http://purl.obolibrary.org/obo/GO_0019177
GO:0019184,BP,nonribosomal peptide biosynthetic process,http://purl.obolibrary.org/obo/GO_0019184
GO:0019185,CC,snRNA-activating protein complex,http://purl.obolibrary.org/obo/GO_0019185
GO:0019187,MF,"beta-1,4-mannosyltransferase activity",http://purl.obolibrary.org/obo/GO_0019187
GO:0019199,MF,transmembrane receptor protein kinase activity,http://purl.obolibrary.org/obo/GO_0019199
GO:0019200,MF,carbohydrate kinase activity,http://purl.obolibrary.org/obo/GO_0019200
GO:0019202,MF,amino acid kinase activity,http://purl.obolibrary.org/obo/GO_0019202
GO:0019203,MF,carbohydrate phosphatase activity,http://purl.obolibrary.org/obo/GO_0019203
GO:0019205,MF,nucleobase-containing compound kinase activity,http://purl.obolibrary.org/obo/GO_0019205
GO:0019206,MF,nucleoside kinase activity,http://purl.obolibrary.org/obo/GO_0019206
GO:0019207,MF,kinase regulator activity,http://purl.obolibrary.org/obo/GO_0019207
GO:0019208,MF,phosphatase regulator activity,http://purl.obolibrary.org/obo/GO_0019208
GO:0019209,MF,kinase activator activity,http://purl.obolibrary.org/obo/GO_0019209
GO:0019210,MF,kinase inhibitor activity,http://purl.obolibrary.org/obo/GO_0019210
GO:0019211,MF,phosphatase activator activity,http://purl.obolibrary.org/obo/GO_0019211
GO:0019212,MF,phosphatase inhibitor activity,http://purl.obolibrary.org/obo/GO_0019212
GO:0019213,MF,deacetylase activity,http://purl.obolibrary.org/obo/GO_0019213
GO:0019216,BP,regulation of lipid metabolic process,http://purl.obolibrary.org/obo/GO_0019216
GO:0019217,BP,regulation of fatty acid metabolic process,http://purl.obolibrary.org/obo/GO_0019217
GO:0019218,BP,regulation of steroid metabolic process,http://purl.obolibrary.org/obo/GO_0019218
GO:0019219,BP,regulation of nucleobase-containing compound metabolic process,http://purl.obolibrary.org/obo/GO_0019219
GO:0019220,BP,regulation of phosphate metabolic process,http://purl.obolibrary.org/obo/GO_0019220
GO:0019222,BP,regulation of metabolic process,http://purl.obolibrary.org/obo/GO_0019222
GO:0019236,BP,response to pheromone,http://purl.obolibrary.org/obo/GO_0019236
GO:0019237,MF,centromeric DNA binding,http://purl.obolibrary.org/obo/GO_0019237
GO:0019238,MF,cyclohydrolase activity,http://purl.obolibrary.org/obo/GO_0019238
GO:0019239,MF,deaminase activity,http://purl.obolibrary.org/obo/GO_0019239
GO:0019240,BP,citrulline biosynthetic process,http://purl.obolibrary.org/obo/GO_0019240
GO:0019243,BP,methylglyoxal catabolic process to D-lactate via S-lactoyl-glutathione,http://purl.obolibrary.org/obo/GO_0019243
GO:0019249,BP,lactate biosynthetic process,http://purl.obolibrary.org/obo/GO_0019249
GO:0019252,BP,starch biosynthetic process,http://purl.obolibrary.org/obo/GO_0019252
GO:0019253,BP,reductive pentose-phosphate cycle,http://purl.obolibrary.org/obo/GO_0019253
GO:0019264,BP,glycine biosynthetic process from serine,http://purl.obolibrary.org/obo/GO_0019264
GO:0019265,BP,"glycine biosynthetic process, by transamination of glyoxylate",http://purl.obolibrary.org/obo/GO_0019265
GO:0019276,BP,UDP-N-acetylgalactosamine metabolic process,http://purl.obolibrary.org/obo/GO_0019276
GO:0019279,BP,L-methionine biosynthetic process from L-homoserine via cystathionine,http://purl.obolibrary.org/obo/GO_0019279
GO:0019285,BP,glycine betaine biosynthetic process from choline,http://purl.obolibrary.org/obo/GO_0019285
GO:0019287,BP,"isopentenyl diphosphate biosynthetic process, mevalonate pathway",http://purl.obolibrary.org/obo/GO_0019287
GO:0019288,BP,"isopentenyl diphosphate biosynthetic process, methylerythritol 4-phosphate pathway",http://purl.obolibrary.org/obo/GO_0019288
GO:0019290,BP,siderophore biosynthetic process,http://purl.obolibrary.org/obo/GO_0019290
GO:0019299,BP,rhamnose metabolic process,http://purl.obolibrary.org/obo/GO_0019299
GO:0019301,BP,rhamnose catabolic process,http://purl.obolibrary.org/obo/GO_0019301
GO:0019305,BP,dTDP-rhamnose biosynthetic process,http://purl.obolibrary.org/obo/GO_0019305
GO:0019310,BP,inositol catabolic process,http://purl.obolibrary.org/obo/GO_0019310
GO:0019317,BP,fucose catabolic process,http://purl.obolibrary.org/obo/GO_0019317
GO:0019318,BP,hexose metabolic process,http://purl.obolibrary.org/obo/GO_0019318
GO:0019319,BP,hexose biosynthetic process,http://purl.obolibrary.org/obo/GO_0019319
GO:0019320,BP,hexose catabolic process,http://purl.obolibrary.org/obo/GO_0019320
GO:0019321,BP,pentose metabolic process,http://purl.obolibrary.org/obo/GO_0019321
GO:0019322,BP,pentose biosynthetic process,http://purl.obolibrary.org/obo/GO_0019322
GO:0019326,BP,nitrotoluene metabolic process,http://purl.obolibrary.org/obo/GO_0019326
GO:0019336,BP,phenol-containing compound catabolic process,http://purl.obolibrary.org/obo/GO_0019336
GO:0019344,BP,cysteine biosynthetic process,http://purl.obolibrary.org/obo/GO_0019344
GO:0019346,BP,transsulfuration,http://purl.obolibrary.org/obo/GO_0019346
GO:0019348,BP,dolichol metabolic process,http://purl.obolibrary.org/obo/GO_0019348
GO:0019354,BP,siroheme biosynthetic process,http://purl.obolibrary.org/obo/GO_0019354
GO:0019359,BP,nicotinamide nucleotide biosynthetic process,http://purl.obolibrary.org/obo/GO_0019359
GO:0019362,BP,pyridine nucleotide metabolic process,http://purl.obolibrary.org/obo/GO_0019362
GO:0019363,BP,pyridine nucleotide biosynthetic process,http://purl.obolibrary.org/obo/GO_0019363
GO:0019364,BP,pyridine nucleotide catabolic process,http://purl.obolibrary.org/obo/GO_0019364
GO:0019365,BP,pyridine nucleotide salvage,http://purl.obolibrary.org/obo/GO_0019365
GO:0019367,BP,"fatty acid elongation, saturated fatty acid",http://purl.obolibrary.org/obo/GO_0019367
GO:0019368,BP,"fatty acid elongation, unsaturated fatty acid",http://purl.obolibrary.org/obo/GO_0019368
GO:0019369,BP,arachidonic acid metabolic process,http://purl.obolibrary.org/obo/GO_0019369
GO:0019372,BP,lipoxygenase pathway,http://purl.obolibrary.org/obo/GO_0019372
GO:0019373,BP,epoxygenase P450 pathway,http://purl.obolibrary.org/obo/GO_0019373
GO:0019374,BP,galactolipid metabolic process,http://purl.obolibrary.org/obo/GO_0019374
GO:0019375,BP,galactolipid biosynthetic process,http://purl.obolibrary.org/obo/GO_0019375
GO:0019377,BP,glycolipid catabolic process,http://purl.obolibrary.org/obo/GO_0019377
GO:0019379,BP,"sulfate assimilation, phosphoadenylyl sulfate reduction by phosphoadenylyl-sulfate reductase (thioredoxin)",http://purl.obolibrary.org/obo/GO_0019379
GO:0019380,BP,3-phenylpropionate catabolic process,http://purl.obolibrary.org/obo/GO_0019380
GO:0019388,BP,galactose catabolic process,http://purl.obolibrary.org/obo/GO_0019388
GO:0019395,BP,fatty acid oxidation,http://purl.obolibrary.org/obo/GO_0019395
GO:0019400,BP,alditol metabolic process,http://purl.obolibrary.org/obo/GO_0019400
GO:0019401,BP,alditol biosynthetic process,http://purl.obolibrary.org/obo/GO_0019401
GO:0019405,BP,alditol catabolic process,http://purl.obolibrary.org/obo/GO_0019405
GO:0019408,BP,dolichol biosynthetic process,http://purl.obolibrary.org/obo/GO_0019408
GO:0019418,BP,sulfide oxidation,http://purl.obolibrary.org/obo/GO_0019418
GO:0019428,BP,allantoin biosynthetic process,http://purl.obolibrary.org/obo/GO_0019428
GO:0019430,BP,removal of superoxide radicals,http://purl.obolibrary.org/obo/GO_0019430
GO:0019432,BP,triglyceride biosynthetic process,http://purl.obolibrary.org/obo/GO_0019432
GO:0019433,BP,triglyceride catabolic process,http://purl.obolibrary.org/obo/GO_0019433
GO:0019441,BP,tryptophan catabolic process to kynurenine,http://purl.obolibrary.org/obo/GO_0019441
GO:0019447,BP,D-cysteine catabolic process,http://purl.obolibrary.org/obo/GO_0019447
GO:0019448,BP,L-cysteine catabolic process,http://purl.obolibrary.org/obo/GO_0019448
GO:0019450,BP,L-cysteine catabolic process to pyruvate,http://purl.obolibrary.org/obo/GO_0019450
GO:0019458,BP,methionine catabolic process via 2-oxobutanoate,http://purl.obolibrary.org/obo/GO_0019458
GO:0019464,BP,glycine decarboxylation via glycine cleavage system,http://purl.obolibrary.org/obo/GO_0019464
GO:0019471,BP,4-hydroxyproline metabolic process,http://purl.obolibrary.org/obo/GO_0019471
GO:0019477,BP,L-lysine catabolic process,http://purl.obolibrary.org/obo/GO_0019477
GO:0019478,BP,D-amino acid catabolic process,http://purl.obolibrary.org/obo/GO_0019478
GO:0019481,BP,"L-alanine catabolic process, by transamination",http://purl.obolibrary.org/obo/GO_0019481
GO:0019482,BP,beta-alanine metabolic process,http://purl.obolibrary.org/obo/GO_0019482
GO:0019483,BP,beta-alanine biosynthetic process,http://purl.obolibrary.org/obo/GO_0019483
GO:0019484,BP,beta-alanine catabolic process,http://purl.obolibrary.org/obo/GO_0019484
GO:0019493,BP,arginine catabolic process to proline,http://purl.obolibrary.org/obo/GO_0019493
GO:0019499,BP,cyanide metabolic process,http://purl.obolibrary.org/obo/GO_0019499
GO:0019500,BP,cyanide catabolic process,http://purl.obolibrary.org/obo/GO_0019500
GO:0019509,BP,L-methionine salvage from methylthioadenosine,http://purl.obolibrary.org/obo/GO_0019509
GO:0019511,BP,peptidyl-proline hydroxylation,http://purl.obolibrary.org/obo/GO_0019511
GO:0019520,BP,aldonic acid metabolic process,http://purl.obolibrary.org/obo/GO_0019520
GO:0019521,BP,D-gluconate metabolic process,http://purl.obolibrary.org/obo/GO_0019521
GO:0019538,BP,protein metabolic process,http://purl.obolibrary.org/obo/GO_0019538
GO:0019541,BP,propionate metabolic process,http://purl.obolibrary.org/obo/GO_0019541
GO:0019544,BP,arginine catabolic process to glutamate,http://purl.obolibrary.org/obo/GO_0019544
GO:0019546,BP,arginine deiminase pathway,http://purl.obolibrary.org/obo/GO_0019546
GO:0019547,BP,arginine catabolic process to ornithine,http://purl.obolibrary.org/obo/GO_0019547
GO:0019563,BP,glycerol catabolic process,http://purl.obolibrary.org/obo/GO_0019563
GO:0019566,BP,arabinose metabolic process,http://purl.obolibrary.org/obo/GO_0019566
GO:0019567,BP,arabinose biosynthetic process,http://purl.obolibrary.org/obo/GO_0019567
GO:0019585,BP,glucuronate metabolic process,http://purl.obolibrary.org/obo/GO_0019585
GO:0019586,BP,galacturonate metabolic process,http://purl.obolibrary.org/obo/GO_0019586
GO:0019605,BP,butyrate metabolic process,http://purl.obolibrary.org/obo/GO_0019605
GO:0019626,BP,short-chain fatty acid catabolic process,http://purl.obolibrary.org/obo/GO_0019626
GO:0019627,BP,urea metabolic process,http://purl.obolibrary.org/obo/GO_0019627
GO:0019628,BP,urate catabolic process,http://purl.obolibrary.org/obo/GO_0019628
GO:0019632,BP,shikimate metabolic process,http://purl.obolibrary.org/obo/GO_0019632
GO:0019637,BP,organophosphate metabolic process,http://purl.obolibrary.org/obo/GO_0019637
GO:0019646,BP,aerobic electron transport chain,http://purl.obolibrary.org/obo/GO_0019646
GO:0019673,BP,GDP-mannose metabolic process,http://purl.obolibrary.org/obo/GO_0019673
GO:0019674,BP,NAD metabolic process,http://purl.obolibrary.org/obo/GO_0019674
GO:0019676,BP,ammonia assimilation cycle,http://purl.obolibrary.org/obo/GO_0019676
GO:0019677,BP,NAD catabolic process,http://purl.obolibrary.org/obo/GO_0019677
GO:0019678,BP,"propionate metabolic process, methylmalonyl pathway",http://purl.obolibrary.org/obo/GO_0019678
GO:0019682,BP,glyceraldehyde-3-phosphate metabolic process,http://purl.obolibrary.org/obo/GO_0019682
GO:0019684,BP,"photosynthesis, light reaction",http://purl.obolibrary.org/obo/GO_0019684
GO:0019685,BP,"photosynthesis, dark reaction",http://purl.obolibrary.org/obo/GO_0019685
GO:0019692,BP,deoxyribose phosphate metabolic process,http://purl.obolibrary.org/obo/GO_0019692
GO:0019693,BP,ribose phosphate metabolic process,http://purl.obolibrary.org/obo/GO_0019693
GO:0019695,BP,choline metabolic process,http://purl.obolibrary.org/obo/GO_0019695
GO:0019698,BP,D-galacturonate catabolic process,http://purl.obolibrary.org/obo/GO_0019698
GO:0019706,MF,protein-cysteine S-palmitoyltransferase activity,http://purl.obolibrary.org/obo/GO_0019706
GO:0019707,MF,protein-cysteine S-acyltransferase activity,http://purl.obolibrary.org/obo/GO_0019707
GO:0019720,BP,Mo-molybdopterin cofactor metabolic process,http://purl.obolibrary.org/obo/GO_0019720
GO:0019722,BP,calcium-mediated signaling,http://purl.obolibrary.org/obo/GO_0019722
GO:0019725,BP,cellular homeostasis,http://purl.obolibrary.org/obo/GO_0019725
GO:0019740,BP,nitrogen utilization,http://purl.obolibrary.org/obo/GO_0019740
GO:0019741,BP,pentacyclic triterpenoid catabolic process,http://purl.obolibrary.org/obo/GO_0019741
GO:0019742,BP,pentacyclic triterpenoid metabolic process,http://purl.obolibrary.org/obo/GO_0019742
GO:0019745,BP,pentacyclic triterpenoid biosynthetic process,http://purl.obolibrary.org/obo/GO_0019745
GO:0019747,BP,regulation of isoprenoid metabolic process,http://purl.obolibrary.org/obo/GO_0019747
GO:0019748,BP,secondary metabolic process,http://purl.obolibrary.org/obo/GO_0019748
GO:0019750,BP,chloroplast localization,http://purl.obolibrary.org/obo/GO_0019750
GO:0019751,BP,polyol metabolic process,http://purl.obolibrary.org/obo/GO_0019751
GO:0019752,BP,carboxylic acid metabolic process,http://purl.obolibrary.org/obo/GO_0019752
GO:0019755,BP,one-carbon compound transport,http://purl.obolibrary.org/obo/GO_0019755
GO:0019756,BP,cyanogenic glycoside biosynthetic process,http://purl.obolibrary.org/obo/GO_0019756
GO:0019757,BP,glycosinolate metabolic process,http://purl.obolibrary.org/obo/GO_0019757
GO:0019758,BP,glycosinolate biosynthetic process,http://purl.obolibrary.org/obo/GO_0019758
GO:0019759,BP,glycosinolate catabolic process,http://purl.obolibrary.org/obo/GO_0019759
GO:0019760,BP,glucosinolate metabolic process,http://purl.obolibrary.org/obo/GO_0019760
GO:0019761,BP,glucosinolate biosynthetic process,http://purl.obolibrary.org/obo/GO_0019761
GO:0019762,BP,glucosinolate catabolic process,http://purl.obolibrary.org/obo/GO_0019762
GO:0019773,CC,"proteasome core complex, alpha-subunit complex",http://purl.obolibrary.org/obo/GO_0019773
GO:0019774,CC,"proteasome core complex, beta-subunit complex",http://purl.obolibrary.org/obo/GO_0019774
GO:0019776,MF,Atg8 ligase activity,http://purl.obolibrary.org/obo/GO_0019776
GO:0019777,MF,Atg12 transferase activity,http://purl.obolibrary.org/obo/GO_0019777
GO:0019778,MF,Atg12 activating enzyme activity,http://purl.obolibrary.org/obo/GO_0019778
GO:0019779,MF,Atg8 activating enzyme activity,http://purl.obolibrary.org/obo/GO_0019779
GO:0019781,MF,NEDD8 activating enzyme activity,http://purl.obolibrary.org/obo/GO_0019781
GO:0019783,MF,ubiquitin-like protein-specific protease activity,http://purl.obolibrary.org/obo/GO_0019783
GO:0019784,MF,NEDD8-specific protease activity,http://purl.obolibrary.org/obo/GO_0019784
GO:0019786,MF,Atg8-specific protease activity,http://purl.obolibrary.org/obo/GO_0019786
GO:0019787,MF,ubiquitin-like protein transferase activity,http://purl.obolibrary.org/obo/GO_0019787
GO:0019788,MF,NEDD8 transferase activity,http://purl.obolibrary.org/obo/GO_0019788
GO:0019789,MF,SUMO transferase activity,http://purl.obolibrary.org/obo/GO_0019789
GO:0019798,MF,procollagen-proline dioxygenase activity,http://purl.obolibrary.org/obo/GO_0019798
GO:0019799,MF,tubulin N-acetyltransferase activity,http://purl.obolibrary.org/obo/GO_0019799
GO:0019805,BP,quinolinate biosynthetic process,http://purl.obolibrary.org/obo/GO_0019805
GO:0019825,MF,oxygen binding,http://purl.obolibrary.org/obo/GO_0019825
GO:0019827,BP,stem cell population maintenance,http://purl.obolibrary.org/obo/GO_0019827
GO:0019828,MF,aspartic-type endopeptidase inhibitor activity,http://purl.obolibrary.org/obo/GO_0019828
GO:0019829,MF,ATPase-coupled cation transmembrane transporter activity,http://purl.obolibrary.org/obo/GO_0019829
GO:0019835,BP,cytolysis,http://purl.obolibrary.org/obo/GO_0019835
GO:0019840,MF,isoprenoid binding,http://purl.obolibrary.org/obo/GO_0019840
GO:0019842,MF,vitamin binding,http://purl.obolibrary.org/obo/GO_0019842
GO:0019843,MF,rRNA binding,http://purl.obolibrary.org/obo/GO_0019843
GO:0019852,BP,L-ascorbic acid metabolic process,http://purl.obolibrary.org/obo/GO_0019852
GO:0019853,BP,L-ascorbic acid biosynthetic process,http://purl.obolibrary.org/obo/GO_0019853
GO:0019856,BP,pyrimidine nucleobase biosynthetic process,http://purl.obolibrary.org/obo/GO_0019856
GO:0019857,BP,5-methylcytosine metabolic process,http://purl.obolibrary.org/obo/GO_0019857
GO:0019859,BP,thymine metabolic process,http://purl.obolibrary.org/obo/GO_0019859
GO:0019860,BP,uracil metabolic process,http://purl.obolibrary.org/obo/GO_0019860
GO:0019862,MF,IgA binding,http://purl.obolibrary.org/obo/GO_0019862
GO:0019863,MF,IgE binding,http://purl.obolibrary.org/obo/GO_0019863
GO:0019864,MF,IgG binding,http://purl.obolibrary.org/obo/GO_0019864
GO:0019865,MF,immunoglobulin binding,http://purl.obolibrary.org/obo/GO_0019865
GO:0019866,CC,organelle inner membrane,http://purl.obolibrary.org/obo/GO_0019866
GO:0019867,CC,outer membrane,http://purl.obolibrary.org/obo/GO_0019867
GO:0019877,BP,diaminopimelate biosynthetic process,http://purl.obolibrary.org/obo/GO_0019877
GO:0019878,BP,lysine biosynthetic process via aminoadipic acid,http://purl.obolibrary.org/obo/GO_0019878
GO:0019887,MF,protein kinase regulator activity,http://purl.obolibrary.org/obo/GO_0019887
GO:0019888,MF,protein phosphatase regulator activity,http://purl.obolibrary.org/obo/GO_0019888
GO:0019894,MF,kinesin binding,http://purl.obolibrary.org/obo/GO_0019894
GO:0019897,CC,extrinsic component of plasma membrane,http://purl.obolibrary.org/obo/GO_0019897
GO:0019898,CC,extrinsic component of membrane,http://purl.obolibrary.org/obo/GO_0019898
GO:0019899,MF,enzyme binding,http://purl.obolibrary.org/obo/GO_0019899
GO:0019900,MF,kinase binding,http://purl.obolibrary.org/obo/GO_0019900
GO:0019901,MF,protein kinase binding,http://purl.obolibrary.org/obo/GO_0019901
GO:0019902,MF,phosphatase binding,http://purl.obolibrary.org/obo/GO_0019902
GO:0019903,MF,protein phosphatase binding,http://purl.obolibrary.org/obo/GO_0019903
GO:0019904,MF,protein domain specific binding,http://purl.obolibrary.org/obo/GO_0019904
GO:0019905,MF,syntaxin binding,http://purl.obolibrary.org/obo/GO_0019905
GO:0019908,CC,nuclear cyclin-dependent protein kinase holoenzyme complex,http://purl.obolibrary.org/obo/GO_0019908
GO:0019912,MF,cyclin-dependent protein kinase activating kinase activity,http://purl.obolibrary.org/obo/GO_0019912
GO:0019915,BP,lipid storage,http://purl.obolibrary.org/obo/GO_0019915
GO:0019919,BP,"peptidyl-arginine methylation, to asymmetrical-dimethyl arginine",http://purl.obolibrary.org/obo/GO_0019919
GO:0019933,BP,cAMP-mediated signaling,http://purl.obolibrary.org/obo/GO_0019933
GO:0019934,BP,cGMP-mediated signaling,http://purl.obolibrary.org/obo/GO_0019934
GO:0019941,BP,modification-dependent protein catabolic process,http://purl.obolibrary.org/obo/GO_0019941
GO:0019948,MF,SUMO activating enzyme activity,http://purl.obolibrary.org/obo/GO_0019948
GO:0019953,BP,sexual reproduction,http://purl.obolibrary.org/obo/GO_0019953
GO:0019954,BP,asexual reproduction,http://purl.obolibrary.org/obo/GO_0019954
GO:0019955,MF,cytokine binding,http://purl.obolibrary.org/obo/GO_0019955
GO:0019985,BP,translesion synthesis,http://purl.obolibrary.org/obo/GO_0019985
GO:0019988,BP,charged-tRNA amino acid modification,http://purl.obolibrary.org/obo/GO_0019988
GO:0019992,MF,diacylglycerol binding,http://purl.obolibrary.org/obo/GO_0019992
GO:0020037,MF,heme binding,http://purl.obolibrary.org/obo/GO_0020037
GO:0021700,BP,developmental maturation,http://purl.obolibrary.org/obo/GO_0021700
GO:0021846,BP,cell proliferation in forebrain,http://purl.obolibrary.org/obo/GO_0021846
GO:0022027,BP,interkinetic nuclear migration,http://purl.obolibrary.org/obo/GO_0022027
GO:0022402,BP,cell cycle process,http://purl.obolibrary.org/obo/GO_0022402
GO:0022406,BP,membrane docking,http://purl.obolibrary.org/obo/GO_0022406
GO:0022407,BP,regulation of cell-cell adhesion,http://purl.obolibrary.org/obo/GO_0022407
GO:0022409,BP,positive regulation of cell-cell adhesion,http://purl.obolibrary.org/obo/GO_0022409
GO:0022411,BP,cellular component disassembly,http://purl.obolibrary.org/obo/GO_0022411
GO:0022412,BP,cellular process involved in reproduction in multicellular organism,http://purl.obolibrary.org/obo/GO_0022412
GO:0022414,BP,reproductive process,http://purl.obolibrary.org/obo/GO_0022414
GO:0022417,BP,protein maturation by protein folding,http://purl.obolibrary.org/obo/GO_0022417
GO:0022603,BP,regulation of anatomical structure morphogenesis,http://purl.obolibrary.org/obo/GO_0022603
GO:0022604,BP,regulation of cell morphogenesis,http://purl.obolibrary.org/obo/GO_0022604
GO:0022607,BP,cellular component assembly,http://purl.obolibrary.org/obo/GO_0022607
GO:0022611,BP,dormancy process,http://purl.obolibrary.org/obo/GO_0022611
GO:0022613,BP,ribonucleoprotein complex biogenesis,http://purl.obolibrary.org/obo/GO_0022613
GO:0022616,BP,DNA strand elongation,http://purl.obolibrary.org/obo/GO_0022616
GO:0022618,BP,ribonucleoprotein complex assembly,http://purl.obolibrary.org/obo/GO_0022618
GO:0022619,BP,generative cell differentiation,http://purl.obolibrary.org/obo/GO_0022619
GO:0022622,BP,root system development,http://purl.obolibrary.org/obo/GO_0022622
GO:0022624,CC,proteasome accessory complex,http://purl.obolibrary.org/obo/GO_0022624
GO:0022625,CC,cytosolic large ribosomal subunit,http://purl.obolibrary.org/obo/GO_0022625
GO:0022626,CC,cytosolic ribosome,http://purl.obolibrary.org/obo/GO_0022626
GO:0022627,CC,cytosolic small ribosomal subunit,http://purl.obolibrary.org/obo/GO_0022627
GO:0022803,MF,passive transmembrane transporter activity,http://purl.obolibrary.org/obo/GO_0022803
GO:0022804,MF,active transmembrane transporter activity,http://purl.obolibrary.org/obo/GO_0022804
GO:0022821,MF,potassium ion antiporter activity,http://purl.obolibrary.org/obo/GO_0022821
GO:0022829,MF,wide pore channel activity,http://purl.obolibrary.org/obo/GO_0022829
GO:0022832,MF,voltage-gated channel activity,http://purl.obolibrary.org/obo/GO_0022832
GO:0022834,MF,ligand-gated channel activity,http://purl.obolibrary.org/obo/GO_0022834
GO:0022836,MF,gated channel activity,http://purl.obolibrary.org/obo/GO_0022836
GO:0022839,MF,ion gated channel activity,http://purl.obolibrary.org/obo/GO_0022839
GO:0022840,MF,leak channel activity,http://purl.obolibrary.org/obo/GO_0022840
GO:0022841,MF,potassium ion leak channel activity,http://purl.obolibrary.org/obo/GO_0022841
GO:0022842,MF,narrow pore channel activity,http://purl.obolibrary.org/obo/GO_0022842
GO:0022843,MF,voltage-gated cation channel activity,http://purl.obolibrary.org/obo/GO_0022843
GO:0022853,MF,active ion transmembrane transporter activity,http://purl.obolibrary.org/obo/GO_0022853
GO:0022857,MF,transmembrane transporter activity,http://purl.obolibrary.org/obo/GO_0022857
GO:0022858,MF,alanine transmembrane transporter activity,http://purl.obolibrary.org/obo/GO_0022858
GO:0022884,MF,macromolecule transmembrane transporter activity,http://purl.obolibrary.org/obo/GO_0022884
GO:0022890,MF,inorganic cation transmembrane transporter activity,http://purl.obolibrary.org/obo/GO_0022890
GO:0022898,BP,regulation of transmembrane transporter activity,http://purl.obolibrary.org/obo/GO_0022898
GO:0022900,BP,electron transport chain,http://purl.obolibrary.org/obo/GO_0022900
GO:0022904,BP,respiratory electron transport chain,http://purl.obolibrary.org/obo/GO_0022904
GO:0023051,BP,regulation of signaling,http://purl.obolibrary.org/obo/GO_0023051
GO:0023052,BP,signaling,http://purl.obolibrary.org/obo/GO_0023052
GO:0023056,BP,positive regulation of signaling,http://purl.obolibrary.org/obo/GO_0023056
GO:0023057,BP,negative regulation of signaling,http://purl.obolibrary.org/obo/GO_0023057
GO:0023061,BP,signal release,http://purl.obolibrary.org/obo/GO_0023061
GO:0030001,BP,metal ion transport,http://purl.obolibrary.org/obo/GO_0030001
GO:0030002,BP,cellular anion homeostasis,http://purl.obolibrary.org/obo/GO_0030002
GO:0030003,BP,cellular cation homeostasis,http://purl.obolibrary.org/obo/GO_0030003
GO:0030007,BP,cellular potassium ion homeostasis,http://purl.obolibrary.org/obo/GO_0030007
GO:0030008,CC,TRAPP complex,http://purl.obolibrary.org/obo/GO_0030008
GO:0030010,BP,establishment of cell polarity,http://purl.obolibrary.org/obo/GO_0030010
GO:0030014,CC,CCR4-NOT complex,http://purl.obolibrary.org/obo/GO_0030014
GO:0030015,CC,CCR4-NOT core complex,http://purl.obolibrary.org/obo/GO_0030015
GO:0030026,BP,cellular manganese ion homeostasis,http://purl.obolibrary.org/obo/GO_0030026
GO:0030027,CC,lamellipodium,http://purl.obolibrary.org/obo/GO_0030027
GO:0030029,BP,actin filament-based process,http://purl.obolibrary.org/obo/GO_0030029
GO:0030030,BP,cell projection organization,http://purl.obolibrary.org/obo/GO_0030030
GO:0030031,BP,cell projection assembly,http://purl.obolibrary.org/obo/GO_0030031
GO:0030032,BP,lamellipodium assembly,http://purl.obolibrary.org/obo/GO_0030032
GO:0030036,BP,actin cytoskeleton organization,http://purl.obolibrary.org/obo/GO_0030036
GO:0030041,BP,actin filament polymerization,http://purl.obolibrary.org/obo/GO_0030041
GO:0030042,BP,actin filament depolymerization,http://purl.obolibrary.org/obo/GO_0030042
GO:0030048,BP,actin filament-based movement,http://purl.obolibrary.org/obo/GO_0030048
GO:0030050,BP,vesicle transport along actin filament,http://purl.obolibrary.org/obo/GO_0030050
GO:0030054,CC,cell junction,http://purl.obolibrary.org/obo/GO_0030054
GO:0030060,MF,L-malate dehydrogenase activity,http://purl.obolibrary.org/obo/GO_0030060
GO:0030071,BP,regulation of mitotic metaphase/anaphase transition,http://purl.obolibrary.org/obo/GO_0030071
GO:0030076,CC,light-harvesting complex,http://purl.obolibrary.org/obo/GO_0030076
GO:0030085,CC,"PSII associated light-harvesting complex II, peripheral complex, LHCIIb subcomplex",http://purl.obolibrary.org/obo/GO_0030085
GO:0030091,BP,protein repair,http://purl.obolibrary.org/obo/GO_0030091
GO:0030093,CC,chloroplast photosystem I,http://purl.obolibrary.org/obo/GO_0030093
GO:0030095,CC,chloroplast photosystem II,http://purl.obolibrary.org/obo/GO_0030095
GO:0030100,BP,regulation of endocytosis,http://purl.obolibrary.org/obo/GO_0030100
GO:0030111,BP,regulation of Wnt signaling pathway,http://purl.obolibrary.org/obo/GO_0030111
GO:0030117,CC,membrane coat,http://purl.obolibrary.org/obo/GO_0030117
GO:0030118,CC,clathrin coat,http://purl.obolibrary.org/obo/GO_0030118
GO:0030119,CC,AP-type membrane coat adaptor complex,http://purl.obolibrary.org/obo/GO_0030119
GO:0030120,CC,vesicle coat,http://purl.obolibrary.org/obo/GO_0030120
GO:0030121,CC,AP-1 adaptor complex,http://purl.obolibrary.org/obo/GO_0030121
GO:0030122,CC,AP-2 adaptor complex,http://purl.obolibrary.org/obo/GO_0030122
GO:0030123,CC,AP-3 adaptor complex,http://purl.obolibrary.org/obo/GO_0030123
GO:0030124,CC,AP-4 adaptor complex,http://purl.obolibrary.org/obo/GO_0030124
GO:0030125,CC,clathrin vesicle coat,http://purl.obolibrary.org/obo/GO_0030125
GO:0030126,CC,COPI vesicle coat,http://purl.obolibrary.org/obo/GO_0030126
GO:0030127,CC,COPII vesicle coat,http://purl.obolibrary.org/obo/GO_0030127
GO:0030128,CC,clathrin coat of endocytic vesicle,http://purl.obolibrary.org/obo/GO_0030128
GO:0030130,CC,clathrin coat of trans-Golgi network vesicle,http://purl.obolibrary.org/obo/GO_0030130
GO:0030131,CC,clathrin adaptor complex,http://purl.obolibrary.org/obo/GO_0030131
GO:0030132,CC,clathrin coat of coated pit,http://purl.obolibrary.org/obo/GO_0030132
GO:0030133,CC,transport vesicle,http://purl.obolibrary.org/obo/GO_0030133
GO:0030134,CC,COPII-coated ER to Golgi transport vesicle,http://purl.obolibrary.org/obo/GO_0030134
GO:0030135,CC,coated vesicle,http://purl.obolibrary.org/obo/GO_0030135
GO:0030136,CC,clathrin-coated vesicle,http://purl.obolibrary.org/obo/GO_0030136
GO:0030137,CC,COPI-coated vesicle,http://purl.obolibrary.org/obo/GO_0030137
GO:0030139,CC,endocytic vesicle,http://purl.obolibrary.org/obo/GO_0030139
GO:0030140,CC,trans-Golgi network transport vesicle,http://purl.obolibrary.org/obo/GO_0030140
GO:0030141,CC,secretory granule,http://purl.obolibrary.org/obo/GO_0030141
GO:0030142,CC,COPI-coated Golgi to ER transport vesicle,http://purl.obolibrary.org/obo/GO_0030142
GO:0030145,MF,manganese ion binding,http://purl.obolibrary.org/obo/GO_0030145
GO:0030148,BP,sphingolipid biosynthetic process,http://purl.obolibrary.org/obo/GO_0030148
GO:0030149,BP,sphingolipid catabolic process,http://purl.obolibrary.org/obo/GO_0030149
GO:0030150,BP,protein import into mitochondrial matrix,http://purl.obolibrary.org/obo/GO_0030150
GO:0030151,MF,molybdenum ion binding,http://purl.obolibrary.org/obo/GO_0030151
GO:0030154,BP,cell differentiation,http://purl.obolibrary.org/obo/GO_0030154
GO:0030155,BP,regulation of cell adhesion,http://purl.obolibrary.org/obo/GO_0030155
GO:0030159,MF,signaling receptor complex adaptor activity,http://purl.obolibrary.org/obo/GO_0030159
GO:0030162,BP,regulation of proteolysis,http://purl.obolibrary.org/obo/GO_0030162
GO:0030163,BP,protein catabolic process,http://purl.obolibrary.org/obo/GO_0030163
GO:0030166,BP,proteoglycan biosynthetic process,http://purl.obolibrary.org/obo/GO_0030166
GO:0030170,MF,pyridoxal phosphate binding,http://purl.obolibrary.org/obo/GO_0030170
GO:0030171,MF,voltage-gated proton channel activity,http://purl.obolibrary.org/obo/GO_0030171
GO:0030174,BP,regulation of DNA-dependent DNA replication initiation,http://purl.obolibrary.org/obo/GO_0030174
GO:0030175,CC,filopodium,http://purl.obolibrary.org/obo/GO_0030175
GO:0030178,BP,negative regulation of Wnt signaling pathway,http://purl.obolibrary.org/obo/GO_0030178
GO:0030186,BP,melatonin metabolic process,http://purl.obolibrary.org/obo/GO_0030186
GO:0030187,BP,melatonin biosynthetic process,http://purl.obolibrary.org/obo/GO_0030187
GO:0030193,BP,regulation of blood coagulation,http://purl.obolibrary.org/obo/GO_0030193
GO:0030195,BP,negative regulation of blood coagulation,http://purl.obolibrary.org/obo/GO_0030195
GO:0030198,BP,extracellular matrix organization,http://purl.obolibrary.org/obo/GO_0030198
GO:0030201,BP,heparan sulfate proteoglycan metabolic process,http://purl.obolibrary.org/obo/GO_0030201
GO:0030203,BP,glycosaminoglycan metabolic process,http://purl.obolibrary.org/obo/GO_0030203
GO:0030204,BP,chondroitin sulfate metabolic process,http://purl.obolibrary.org/obo/GO_0030204
GO:0030206,BP,chondroitin sulfate biosynthetic process,http://purl.obolibrary.org/obo/GO_0030206
GO:0030234,MF,enzyme regulator activity,http://purl.obolibrary.org/obo/GO_0030234
GO:0030243,BP,cellulose metabolic process,http://purl.obolibrary.org/obo/GO_0030243
GO:0030244,BP,cellulose biosynthetic process,http://purl.obolibrary.org/obo/GO_0030244
GO:0030246,MF,carbohydrate binding,http://purl.obolibrary.org/obo/GO_0030246
GO:0030247,MF,polysaccharide binding,http://purl.obolibrary.org/obo/GO_0030247
GO:0030258,BP,lipid modification,http://purl.obolibrary.org/obo/GO_0030258
GO:0030259,BP,lipid glycosylation,http://purl.obolibrary.org/obo/GO_0030259
GO:0030261,BP,chromosome condensation,http://purl.obolibrary.org/obo/GO_0030261
GO:0030262,BP,apoptotic nuclear changes,http://purl.obolibrary.org/obo/GO_0030262
GO:0030267,MF,glyoxylate reductase (NADP+) activity,http://purl.obolibrary.org/obo/GO_0030267
GO:0030272,MF,5-formyltetrahydrofolate cyclo-ligase activity,http://purl.obolibrary.org/obo/GO_0030272
GO:0030275,MF,LRR domain binding,http://purl.obolibrary.org/obo/GO_0030275
GO:0030276,MF,clathrin binding,http://purl.obolibrary.org/obo/GO_0030276
GO:0030286,CC,dynein complex,http://purl.obolibrary.org/obo/GO_0030286
GO:0030289,CC,protein phosphatase 4 complex,http://purl.obolibrary.org/obo/GO_0030289
GO:0030291,MF,protein serine/threonine kinase inhibitor activity,http://purl.obolibrary.org/obo/GO_0030291
GO:0030295,MF,protein kinase activator activity,http://purl.obolibrary.org/obo/GO_0030295
GO:0030307,BP,positive regulation of cell growth,http://purl.obolibrary.org/obo/GO_0030307
GO:0030308,BP,negative regulation of cell growth,http://purl.obolibrary.org/obo/GO_0030308
GO:0030312,CC,external encapsulating structure,http://purl.obolibrary.org/obo/GO_0030312
GO:0030322,BP,stabilization of membrane potential,http://purl.obolibrary.org/obo/GO_0030322
GO:0030327,BP,prenylated protein catabolic process,http://purl.obolibrary.org/obo/GO_0030327
GO:0030330,BP,"DNA damage response, signal transduction by p53 class mediator",http://purl.obolibrary.org/obo/GO_0030330
GO:0030332,MF,cyclin binding,http://purl.obolibrary.org/obo/GO_0030332
GO:0030337,MF,DNA polymerase processivity factor activity,http://purl.obolibrary.org/obo/GO_0030337
GO:0030350,MF,iron-responsive element binding,http://purl.obolibrary.org/obo/GO_0030350
GO:0030371,MF,translation repressor activity,http://purl.obolibrary.org/obo/GO_0030371
GO:0030378,MF,serine racemase activity,http://purl.obolibrary.org/obo/GO_0030378
GO:0030388,BP,"fructose 1,6-bisphosphate metabolic process",http://purl.obolibrary.org/obo/GO_0030388
GO:0030395,MF,lactose binding,http://purl.obolibrary.org/obo/GO_0030395
GO:0030410,MF,nicotianamine synthase activity,http://purl.obolibrary.org/obo/GO_0030410
GO:0030414,MF,peptidase inhibitor activity,http://purl.obolibrary.org/obo/GO_0030414
GO:0030417,BP,nicotianamine metabolic process,http://purl.obolibrary.org/obo/GO_0030417
GO:0030418,BP,nicotianamine biosynthetic process,http://purl.obolibrary.org/obo/GO_0030418
GO:0030422,BP,production of siRNA involved in RNA interference,http://purl.obolibrary.org/obo/GO_0030422
GO:0030424,CC,axon,http://purl.obolibrary.org/obo/GO_0030424
GO:0030427,CC,site of polarized growth,http://purl.obolibrary.org/obo/GO_0030427
GO:0030429,MF,kynureninase activity,http://purl.obolibrary.org/obo/GO_0030429
GO:0030430,CC,host cell cytoplasm,http://purl.obolibrary.org/obo/GO_0030430
GO:0030488,BP,tRNA methylation,http://purl.obolibrary.org/obo/GO_0030488
GO:0030490,BP,maturation of SSU-rRNA,http://purl.obolibrary.org/obo/GO_0030490
GO:0030497,BP,fatty acid elongation,http://purl.obolibrary.org/obo/GO_0030497
GO:0030515,MF,snoRNA binding,http://purl.obolibrary.org/obo/GO_0030515
GO:0030519,MF,snoRNP binding,http://purl.obolibrary.org/obo/GO_0030519
GO:0030522,BP,intracellular receptor signaling pathway,http://purl.obolibrary.org/obo/GO_0030522
GO:0030527,MF,structural constituent of chromatin,http://purl.obolibrary.org/obo/GO_0030527
GO:0030532,CC,small nuclear ribonucleoprotein complex,http://purl.obolibrary.org/obo/GO_0030532
GO:0030544,MF,Hsp70 protein binding,http://purl.obolibrary.org/obo/GO_0030544
GO:0030545,MF,signaling receptor regulator activity,http://purl.obolibrary.org/obo/GO_0030545
GO:0030546,MF,signaling receptor activator activity,http://purl.obolibrary.org/obo/GO_0030546
GO:0030547,MF,signaling receptor inhibitor activity,http://purl.obolibrary.org/obo/GO_0030547
GO:0030551,MF,cyclic nucleotide binding,http://purl.obolibrary.org/obo/GO_0030551
GO:0030552,MF,cAMP binding,http://purl.obolibrary.org/obo/GO_0030552
GO:0030554,MF,adenyl nucleotide binding,http://purl.obolibrary.org/obo/GO_0030554
GO:0030570,MF,pectate lyase activity,http://purl.obolibrary.org/obo/GO_0030570
GO:0030572,MF,phosphatidyltransferase activity,http://purl.obolibrary.org/obo/GO_0030572
GO:0030574,BP,collagen catabolic process,http://purl.obolibrary.org/obo/GO_0030574
GO:0030581,BP,symbiont intracellular protein transport in host,http://purl.obolibrary.org/obo/GO_0030581
GO:0030582,BP,reproductive fruiting body development,http://purl.obolibrary.org/obo/GO_0030582
GO:0030586,MF,[methionine synthase] reductase activity,http://purl.obolibrary.org/obo/GO_0030586
GO:0030592,BP,DNA ADP-ribosylation,http://purl.obolibrary.org/obo/GO_0030592
GO:0030597,MF,RNA glycosylase activity,http://purl.obolibrary.org/obo/GO_0030597
GO:0030598,MF,rRNA N-glycosylase activity,http://purl.obolibrary.org/obo/GO_0030598
GO:0030599,MF,pectinesterase activity,http://purl.obolibrary.org/obo/GO_0030599
GO:0030603,MF,oxaloacetase activity,http://purl.obolibrary.org/obo/GO_0030603
GO:0030604,MF,1-deoxy-D-xylulose-5-phosphate reductoisomerase activity,http://purl.obolibrary.org/obo/GO_0030604
GO:0030611,MF,arsenate reductase activity,http://purl.obolibrary.org/obo/GO_0030611
GO:0030613,MF,"oxidoreductase activity, acting on phosphorus or arsenic in donors",http://purl.obolibrary.org/obo/GO_0030613
GO:0030614,MF,"oxidoreductase activity, acting on phosphorus or arsenic in donors, disulfide as acceptor",http://purl.obolibrary.org/obo/GO_0030614
GO:0030619,MF,U1 snRNA binding,http://purl.obolibrary.org/obo/GO_0030619
GO:0030620,MF,U2 snRNA binding,http://purl.obolibrary.org/obo/GO_0030620
GO:0030621,MF,U4 snRNA binding,http://purl.obolibrary.org/obo/GO_0030621
GO:0030623,MF,U5 snRNA binding,http://purl.obolibrary.org/obo/GO_0030623
GO:0030626,MF,U12 snRNA binding,http://purl.obolibrary.org/obo/GO_0030626
GO:0030627,MF,pre-mRNA 5'-splice site binding,http://purl.obolibrary.org/obo/GO_0030627
GO:0030628,MF,pre-mRNA 3'-splice site binding,http://purl.obolibrary.org/obo/GO_0030628
GO:0030638,BP,polyketide metabolic process,http://purl.obolibrary.org/obo/GO_0030638
GO:0030639,BP,polyketide biosynthetic process,http://purl.obolibrary.org/obo/GO_0030639
GO:0030641,BP,regulation of cellular pH,http://purl.obolibrary.org/obo/GO_0030641
GO:0030643,BP,cellular phosphate ion homeostasis,http://purl.obolibrary.org/obo/GO_0030643
GO:0030644,BP,cellular chloride ion homeostasis,http://purl.obolibrary.org/obo/GO_0030644
GO:0030656,BP,regulation of vitamin metabolic process,http://purl.obolibrary.org/obo/GO_0030656
GO:0030658,CC,transport vesicle membrane,http://purl.obolibrary.org/obo/GO_0030658
GO:0030659,CC,cytoplasmic vesicle membrane,http://purl.obolibrary.org/obo/GO_0030659
GO:0030660,CC,Golgi-associated vesicle membrane,http://purl.obolibrary.org/obo/GO_0030660
GO:0030662,CC,coated vesicle membrane,http://purl.obolibrary.org/obo/GO_0030662
GO:0030663,CC,COPI-coated vesicle membrane,http://purl.obolibrary.org/obo/GO_0030663
GO:0030665,CC,clathrin-coated vesicle membrane,http://purl.obolibrary.org/obo/GO_0030665
GO:0030666,CC,endocytic vesicle membrane,http://purl.obolibrary.org/obo/GO_0030666
GO:0030669,CC,clathrin-coated endocytic vesicle membrane,http://purl.obolibrary.org/obo/GO_0030669
GO:0030674,MF,protein-macromolecule adaptor activity,http://purl.obolibrary.org/obo/GO_0030674
GO:0030677,CC,ribonuclease P complex,http://purl.obolibrary.org/obo/GO_0030677
GO:0030681,CC,multimeric ribonuclease P complex,http://purl.obolibrary.org/obo/GO_0030681
GO:0030684,CC,preribosome,http://purl.obolibrary.org/obo/GO_0030684
GO:0030686,CC,90S preribosome,http://purl.obolibrary.org/obo/GO_0030686
GO:0030687,CC,"preribosome, large subunit precursor",http://purl.obolibrary.org/obo/GO_0030687
GO:0030688,CC,"preribosome, small subunit precursor",http://purl.obolibrary.org/obo/GO_0030688
GO:0030689,CC,Noc complex,http://purl.obolibrary.org/obo/GO_0030689
GO:0030690,CC,Noc1p-Noc2p complex,http://purl.obolibrary.org/obo/GO_0030690
GO:0030691,CC,Noc2p-Noc3p complex,http://purl.obolibrary.org/obo/GO_0030691
GO:0030692,CC,Noc4p-Nop14p complex,http://purl.obolibrary.org/obo/GO_0030692
GO:0030695,MF,GTPase regulator activity,http://purl.obolibrary.org/obo/GO_0030695
GO:0030697,MF,S-adenosylmethionine-dependent tRNA (m5U54) methyltransferase activity,http://purl.obolibrary.org/obo/GO_0030697
GO:0030705,BP,cytoskeleton-dependent intracellular transport,http://purl.obolibrary.org/obo/GO_0030705
GO:0030742,MF,GTP-dependent protein binding,http://purl.obolibrary.org/obo/GO_0030742
GO:0030744,MF,luteolin O-methyltransferase activity,http://purl.obolibrary.org/obo/GO_0030744
GO:0030746,MF,isoflavone 4'-O-methyltransferase activity,http://purl.obolibrary.org/obo/GO_0030746
GO:0030749,MF,loganate O-methyltransferase activity,http://purl.obolibrary.org/obo/GO_0030749
GO:0030750,MF,putrescine N-methyltransferase activity,http://purl.obolibrary.org/obo/GO_0030750
GO:0030751,MF,licodione 2'-O-methyltransferase activity,http://purl.obolibrary.org/obo/GO_0030751
GO:0030755,MF,quercetin 3-O-methyltransferase activity,http://purl.obolibrary.org/obo/GO_0030755
GO:0030757,MF,3-methylquercitin 7-O-methyltransferase activity,http://purl.obolibrary.org/obo/GO_0030757
GO:0030761,MF,8-hydroxyquercitin 8-O-methyltransferase activity,http://purl.obolibrary.org/obo/GO_0030761
GO:0030766,MF,11-O-demethyl-17-O-deacetylvindoline O-methyltransferase activity,http://purl.obolibrary.org/obo/GO_0030766
GO:0030775,MF,glucuronoxylan 4-O-methyltransferase activity,http://purl.obolibrary.org/obo/GO_0030775
GO:0030794,MF,(S)-coclaurine-N-methyltransferase activity,http://purl.obolibrary.org/obo/GO_0030794
GO:0030795,MF,methyl jasmonate methylesterase activity,http://purl.obolibrary.org/obo/GO_0030795
GO:0030808,BP,regulation of nucleotide biosynthetic process,http://purl.obolibrary.org/obo/GO_0030808
GO:0030811,BP,regulation of nucleotide catabolic process,http://purl.obolibrary.org/obo/GO_0030811
GO:0030812,BP,negative regulation of nucleotide catabolic process,http://purl.obolibrary.org/obo/GO_0030812
GO:0030832,BP,regulation of actin filament length,http://purl.obolibrary.org/obo/GO_0030832
GO:0030833,BP,regulation of actin filament polymerization,http://purl.obolibrary.org/obo/GO_0030833
GO:0030834,BP,regulation of actin filament depolymerization,http://purl.obolibrary.org/obo/GO_0030834
GO:0030835,BP,negative regulation of actin filament depolymerization,http://purl.obolibrary.org/obo/GO_0030835
GO:0030837,BP,negative regulation of actin filament polymerization,http://purl.obolibrary.org/obo/GO_0030837
GO:0030845,BP,phospholipase C-inhibiting G protein-coupled receptor signaling pathway,http://purl.obolibrary.org/obo/GO_0030845
GO:0030855,BP,epithelial cell differentiation,http://purl.obolibrary.org/obo/GO_0030855
GO:0030856,BP,regulation of epithelial cell differentiation,http://purl.obolibrary.org/obo/GO_0030856
GO:0030863,CC,cortical cytoskeleton,http://purl.obolibrary.org/obo/GO_0030863
GO:0030864,CC,cortical actin cytoskeleton,http://purl.obolibrary.org/obo/GO_0030864
GO:0030865,BP,cortical cytoskeleton organization,http://purl.obolibrary.org/obo/GO_0030865
GO:0030866,BP,cortical actin cytoskeleton organization,http://purl.obolibrary.org/obo/GO_0030866
GO:0030867,CC,rough endoplasmic reticulum membrane,http://purl.obolibrary.org/obo/GO_0030867
GO:0030870,CC,Mre11 complex,http://purl.obolibrary.org/obo/GO_0030870
GO:0030874,CC,nucleolar chromatin,http://purl.obolibrary.org/obo/GO_0030874
GO:0030875,CC,rDNA protrusion,http://purl.obolibrary.org/obo/GO_0030875
GO:0030880,CC,RNA polymerase complex,http://purl.obolibrary.org/obo/GO_0030880
GO:0030891,CC,VCB complex,http://purl.obolibrary.org/obo/GO_0030891
GO:0030892,CC,mitotic cohesin complex,http://purl.obolibrary.org/obo/GO_0030892
GO:0030894,CC,replisome,http://purl.obolibrary.org/obo/GO_0030894
GO:0030896,CC,checkpoint clamp complex,http://purl.obolibrary.org/obo/GO_0030896
GO:0030897,CC,HOPS complex,http://purl.obolibrary.org/obo/GO_0030897
GO:0030899,MF,calcium-dependent ATPase activity,http://purl.obolibrary.org/obo/GO_0030899
GO:0030900,BP,forebrain development,http://purl.obolibrary.org/obo/GO_0030900
GO:0030904,CC,retromer complex,http://purl.obolibrary.org/obo/GO_0030904
GO:0030912,BP,response to deep water,http://purl.obolibrary.org/obo/GO_0030912
GO:0030915,CC,Smc5-Smc6 complex,http://purl.obolibrary.org/obo/GO_0030915
GO:0030929,CC,ADPG pyrophosphorylase complex,http://purl.obolibrary.org/obo/GO_0030929
GO:0030931,CC,heterotetrameric ADPG pyrophosphorylase complex,http://purl.obolibrary.org/obo/GO_0030931
GO:0030941,MF,chloroplast targeting sequence binding,http://purl.obolibrary.org/obo/GO_0030941
GO:0030942,MF,endoplasmic reticulum signal peptide binding,http://purl.obolibrary.org/obo/GO_0030942
GO:0030943,MF,mitochondrion targeting sequence binding,http://purl.obolibrary.org/obo/GO_0030943
GO:0030946,MF,"protein tyrosine phosphatase activity, metal-dependent",http://purl.obolibrary.org/obo/GO_0030946
GO:0030951,BP,establishment or maintenance of microtubule cytoskeleton polarity,http://purl.obolibrary.org/obo/GO_0030951
GO:0030952,BP,establishment or maintenance of cytoskeleton polarity,http://purl.obolibrary.org/obo/GO_0030952
GO:0030955,MF,potassium ion binding,http://purl.obolibrary.org/obo/GO_0030955
GO:0030956,CC,glutamyl-tRNA(Gln) amidotransferase complex,http://purl.obolibrary.org/obo/GO_0030956
GO:0030957,MF,Tat protein binding,http://purl.obolibrary.org/obo/GO_0030957
GO:0030964,CC,NADH dehydrogenase complex,http://purl.obolibrary.org/obo/GO_0030964
GO:0030968,BP,endoplasmic reticulum unfolded protein response,http://purl.obolibrary.org/obo/GO_0030968
GO:0030970,BP,"retrograde protein transport, ER to cytosol",http://purl.obolibrary.org/obo/GO_0030970
GO:0030974,BP,thiamine pyrophosphate transmembrane transport,http://purl.obolibrary.org/obo/GO_0030974
GO:0030975,MF,thiamine binding,http://purl.obolibrary.org/obo/GO_0030975
GO:0030976,MF,thiamine pyrophosphate binding,http://purl.obolibrary.org/obo/GO_0030976
GO:0030978,BP,alpha-glucan metabolic process,http://purl.obolibrary.org/obo/GO_0030978
GO:0030981,CC,cortical microtubule cytoskeleton,http://purl.obolibrary.org/obo/GO_0030981
GO:0030983,MF,mismatched DNA binding,http://purl.obolibrary.org/obo/GO_0030983
GO:0030990,CC,intraciliary transport particle,http://purl.obolibrary.org/obo/GO_0030990
GO:0030991,CC,intraciliary transport particle A,http://purl.obolibrary.org/obo/GO_0030991
GO:0030992,CC,intraciliary transport particle B,http://purl.obolibrary.org/obo/GO_0030992
GO:0031000,BP,response to caffeine,http://purl.obolibrary.org/obo/GO_0031000
GO:0031001,BP,response to brefeldin A,http://purl.obolibrary.org/obo/GO_0031001
GO:0031004,CC,potassium ion-transporting ATPase complex,http://purl.obolibrary.org/obo/GO_0031004
GO:0031010,CC,ISWI-type complex,http://purl.obolibrary.org/obo/GO_0031010
GO:0031011,CC,Ino80 complex,http://purl.obolibrary.org/obo/GO_0031011
GO:0031012,CC,extracellular matrix,http://purl.obolibrary.org/obo/GO_0031012
GO:0031021,CC,interphase microtubule organizing center,http://purl.obolibrary.org/obo/GO_0031021
GO:0031022,BP,nuclear migration along microfilament,http://purl.obolibrary.org/obo/GO_0031022
GO:0031023,BP,microtubule organizing center organization,http://purl.obolibrary.org/obo/GO_0031023
GO:0031032,BP,actomyosin structure organization,http://purl.obolibrary.org/obo/GO_0031032
GO:0031033,BP,myosin filament organization,http://purl.obolibrary.org/obo/GO_0031033
GO:0031035,BP,myosin filament disassembly,http://purl.obolibrary.org/obo/GO_0031035
GO:0031037,BP,myosin II filament disassembly,http://purl.obolibrary.org/obo/GO_0031037
GO:0031038,BP,myosin II filament organization,http://purl.obolibrary.org/obo/GO_0031038
GO:0031047,BP,gene silencing by RNA,http://purl.obolibrary.org/obo/GO_0031047
GO:0031048,BP,heterochromatin assembly by small RNA,http://purl.obolibrary.org/obo/GO_0031048
GO:0031053,BP,primary miRNA processing,http://purl.obolibrary.org/obo/GO_0031053
GO:0031054,BP,pre-miRNA processing,http://purl.obolibrary.org/obo/GO_0031054
GO:0031055,BP,chromatin remodeling at centromere,http://purl.obolibrary.org/obo/GO_0031055
GO:0031071,MF,cysteine desulfurase activity,http://purl.obolibrary.org/obo/GO_0031071
GO:0031072,MF,heat shock protein binding,http://purl.obolibrary.org/obo/GO_0031072
GO:0031074,CC,nucleocytoplasmic transport complex,http://purl.obolibrary.org/obo/GO_0031074
GO:0031080,CC,nuclear pore outer ring,http://purl.obolibrary.org/obo/GO_0031080
GO:0031082,CC,BLOC complex,http://purl.obolibrary.org/obo/GO_0031082
GO:0031083,CC,BLOC-1 complex,http://purl.obolibrary.org/obo/GO_0031083
GO:0031086,BP,"nuclear-transcribed mRNA catabolic process, deadenylation-independent decay",http://purl.obolibrary.org/obo/GO_0031086
GO:0031087,BP,deadenylation-independent decapping of nuclear-transcribed mRNA,http://purl.obolibrary.org/obo/GO_0031087
GO:0031090,CC,organelle membrane,http://purl.obolibrary.org/obo/GO_0031090
GO:0031098,BP,stress-activated protein kinase signaling cascade,http://purl.obolibrary.org/obo/GO_0031098
GO:0031099,BP,regeneration,http://purl.obolibrary.org/obo/GO_0031099
GO:0031105,CC,septin complex,http://purl.obolibrary.org/obo/GO_0031105
GO:0031109,BP,microtubule polymerization or depolymerization,http://purl.obolibrary.org/obo/GO_0031109
GO:0031110,BP,regulation of microtubule polymerization or depolymerization,http://purl.obolibrary.org/obo/GO_0031110
GO:0031111,BP,negative regulation of microtubule polymerization or depolymerization,http://purl.obolibrary.org/obo/GO_0031111
GO:0031112,BP,positive regulation of microtubule polymerization or depolymerization,http://purl.obolibrary.org/obo/GO_0031112
GO:0031113,BP,regulation of microtubule polymerization,http://purl.obolibrary.org/obo/GO_0031113
GO:0031114,BP,regulation of microtubule depolymerization,http://purl.obolibrary.org/obo/GO_0031114
GO:0031115,BP,negative regulation of microtubule polymerization,http://purl.obolibrary.org/obo/GO_0031115
GO:0031116,BP,positive regulation of microtubule polymerization,http://purl.obolibrary.org/obo/GO_0031116
GO:0031117,BP,positive regulation of microtubule depolymerization,http://purl.obolibrary.org/obo/GO_0031117
GO:0031118,BP,rRNA pseudouridine synthesis,http://purl.obolibrary.org/obo/GO_0031118
GO:0031119,BP,tRNA pseudouridine synthesis,http://purl.obolibrary.org/obo/GO_0031119
GO:0031120,BP,snRNA pseudouridine synthesis,http://purl.obolibrary.org/obo/GO_0031120
GO:0031122,BP,cytoplasmic microtubule organization,http://purl.obolibrary.org/obo/GO_0031122
GO:0031123,BP,RNA 3'-end processing,http://purl.obolibrary.org/obo/GO_0031123
GO:0031124,BP,mRNA 3'-end processing,http://purl.obolibrary.org/obo/GO_0031124
GO:0031125,BP,rRNA 3'-end processing,http://purl.obolibrary.org/obo/GO_0031125
GO:0031126,BP,sno(s)RNA 3'-end processing,http://purl.obolibrary.org/obo/GO_0031126
GO:0031127,MF,"alpha-(1,2)-fucosyltransferase activity",http://purl.obolibrary.org/obo/GO_0031127
GO:0031128,BP,developmental induction,http://purl.obolibrary.org/obo/GO_0031128
GO:0031129,BP,inductive cell-cell signaling,http://purl.obolibrary.org/obo/GO_0031129
GO:0031144,BP,proteasome localization,http://purl.obolibrary.org/obo/GO_0031144
GO:0031145,BP,anaphase-promoting complex-dependent catabolic process,http://purl.obolibrary.org/obo/GO_0031145
GO:0031146,BP,SCF-dependent proteasomal ubiquitin-dependent protein catabolic process,http://purl.obolibrary.org/obo/GO_0031146
GO:0031155,BP,regulation of reproductive fruiting body development,http://purl.obolibrary.org/obo/GO_0031155
GO:0031163,BP,metallo-sulfur cluster assembly,http://purl.obolibrary.org/obo/GO_0031163
GO:0031167,BP,rRNA methylation,http://purl.obolibrary.org/obo/GO_0031167
GO:0031176,MF,"endo-1,4-beta-xylanase activity",http://purl.obolibrary.org/obo/GO_0031176
GO:0031177,MF,phosphopantetheine binding,http://purl.obolibrary.org/obo/GO_0031177
GO:0031201,CC,SNARE complex,http://purl.obolibrary.org/obo/GO_0031201
GO:0031204,BP,"posttranslational protein targeting to membrane, translocation",http://purl.obolibrary.org/obo/GO_0031204
GO:0031205,CC,endoplasmic reticulum Sec complex,http://purl.obolibrary.org/obo/GO_0031205
GO:0031207,CC,Sec62/Sec63 complex,http://purl.obolibrary.org/obo/GO_0031207
GO:0031209,CC,SCAR complex,http://purl.obolibrary.org/obo/GO_0031209
GO:0031210,MF,phosphatidylcholine binding,http://purl.obolibrary.org/obo/GO_0031210
GO:0031211,CC,endoplasmic reticulum palmitoyltransferase complex,http://purl.obolibrary.org/obo/GO_0031211
GO:0031221,BP,arabinan metabolic process,http://purl.obolibrary.org/obo/GO_0031221
GO:0031222,BP,arabinan catabolic process,http://purl.obolibrary.org/obo/GO_0031222
GO:0031234,CC,extrinsic component of cytoplasmic side of plasma membrane,http://purl.obolibrary.org/obo/GO_0031234
GO:0031248,CC,protein acetyltransferase complex,http://purl.obolibrary.org/obo/GO_0031248
GO:0031251,CC,PAN complex,http://purl.obolibrary.org/obo/GO_0031251
GO:0031252,CC,cell leading edge,http://purl.obolibrary.org/obo/GO_0031252
GO:0031253,CC,cell projection membrane,http://purl.obolibrary.org/obo/GO_0031253
GO:0031261,CC,DNA replication preinitiation complex,http://purl.obolibrary.org/obo/GO_0031261
GO:0031262,CC,Ndc80 complex,http://purl.obolibrary.org/obo/GO_0031262
GO:0031267,MF,small GTPase binding,http://purl.obolibrary.org/obo/GO_0031267
GO:0031279,BP,regulation of cyclase activity,http://purl.obolibrary.org/obo/GO_0031279
GO:0031293,BP,membrane protein intracellular domain proteolysis,http://purl.obolibrary.org/obo/GO_0031293
GO:0031297,BP,replication fork processing,http://purl.obolibrary.org/obo/GO_0031297
GO:0031298,CC,replication fork protection complex,http://purl.obolibrary.org/obo/GO_0031298
GO:0031312,CC,extrinsic component of organelle membrane,http://purl.obolibrary.org/obo/GO_0031312
GO:0031313,CC,extrinsic component of endosome membrane,http://purl.obolibrary.org/obo/GO_0031313
GO:0031314,CC,extrinsic component of mitochondrial inner membrane,http://purl.obolibrary.org/obo/GO_0031314
GO:0031320,MF,hexitol dehydrogenase activity,http://purl.obolibrary.org/obo/GO_0031320
GO:0031323,BP,regulation of cellular metabolic process,http://purl.obolibrary.org/obo/GO_0031323
GO:0031324,BP,negative regulation of cellular metabolic process,http://purl.obolibrary.org/obo/GO_0031324
GO:0031325,BP,positive regulation of cellular metabolic process,http://purl.obolibrary.org/obo/GO_0031325
GO:0031326,BP,regulation of cellular biosynthetic process,http://purl.obolibrary.org/obo/GO_0031326
GO:0031327,BP,negative regulation of cellular biosynthetic process,http://purl.obolibrary.org/obo/GO_0031327
GO:0031328,BP,positive regulation of cellular biosynthetic process,http://purl.obolibrary.org/obo/GO_0031328
GO:0031329,BP,regulation of cellular catabolic process,http://purl.obolibrary.org/obo/GO_0031329
GO:0031330,BP,negative regulation of cellular catabolic process,http://purl.obolibrary.org/obo/GO_0031330
GO:0031331,BP,positive regulation of cellular catabolic process,http://purl.obolibrary.org/obo/GO_0031331
GO:0031332,CC,RNAi effector complex,http://purl.obolibrary.org/obo/GO_0031332
GO:0031333,BP,negative regulation of protein-containing complex assembly,http://purl.obolibrary.org/obo/GO_0031333
GO:0031334,BP,positive regulation of protein-containing complex assembly,http://purl.obolibrary.org/obo/GO_0031334
GO:0031335,BP,regulation of sulfur amino acid metabolic process,http://purl.obolibrary.org/obo/GO_0031335
GO:0031336,BP,negative regulation of sulfur amino acid metabolic process,http://purl.obolibrary.org/obo/GO_0031336
GO:0031337,BP,positive regulation of sulfur amino acid metabolic process,http://purl.obolibrary.org/obo/GO_0031337
GO:0031338,BP,regulation of vesicle fusion,http://purl.obolibrary.org/obo/GO_0031338
GO:0031341,BP,regulation of cell killing,http://purl.obolibrary.org/obo/GO_0031341
GO:0031344,BP,regulation of cell projection organization,http://purl.obolibrary.org/obo/GO_0031344
GO:0031346,BP,positive regulation of cell projection organization,http://purl.obolibrary.org/obo/GO_0031346
GO:0031347,BP,regulation of defense response,http://purl.obolibrary.org/obo/GO_0031347
GO:0031348,BP,negative regulation of defense response,http://purl.obolibrary.org/obo/GO_0031348
GO:0031349,BP,positive regulation of defense response,http://purl.obolibrary.org/obo/GO_0031349
GO:0031365,BP,N-terminal protein amino acid modification,http://purl.obolibrary.org/obo/GO_0031365
GO:0031369,MF,translation initiation factor binding,http://purl.obolibrary.org/obo/GO_0031369
GO:0031370,MF,eukaryotic initiation factor 4G binding,http://purl.obolibrary.org/obo/GO_0031370
GO:0031371,CC,ubiquitin conjugating enzyme complex,http://purl.obolibrary.org/obo/GO_0031371
GO:0031372,CC,UBC13-MMS2 complex,http://purl.obolibrary.org/obo/GO_0031372
GO:0031379,CC,RNA-directed RNA polymerase complex,http://purl.obolibrary.org/obo/GO_0031379
GO:0031380,CC,nuclear RNA-directed RNA polymerase complex,http://purl.obolibrary.org/obo/GO_0031380
GO:0031386,MF,protein tag,http://purl.obolibrary.org/obo/GO_0031386
GO:0031390,CC,Ctf18 RFC-like complex,http://purl.obolibrary.org/obo/GO_0031390
GO:0031396,BP,regulation of protein ubiquitination,http://purl.obolibrary.org/obo/GO_0031396
GO:0031397,BP,negative regulation of protein ubiquitination,http://purl.obolibrary.org/obo/GO_0031397
GO:0031398,BP,positive regulation of protein ubiquitination,http://purl.obolibrary.org/obo/GO_0031398
GO:0031399,BP,regulation of protein modification process,http://purl.obolibrary.org/obo/GO_0031399
GO:0031400,BP,negative regulation of protein modification process,http://purl.obolibrary.org/obo/GO_0031400
GO:0031401,BP,positive regulation of protein modification process,http://purl.obolibrary.org/obo/GO_0031401
GO:0031402,MF,sodium ion binding,http://purl.obolibrary.org/obo/GO_0031402
GO:0031404,MF,chloride ion binding,http://purl.obolibrary.org/obo/GO_0031404
GO:0031405,MF,lipoic acid binding,http://purl.obolibrary.org/obo/GO_0031405
GO:0031406,MF,carboxylic acid binding,http://purl.obolibrary.org/obo/GO_0031406
GO:0031407,BP,oxylipin metabolic process,http://purl.obolibrary.org/obo/GO_0031407
GO:0031408,BP,oxylipin biosynthetic process,http://purl.obolibrary.org/obo/GO_0031408
GO:0031409,MF,pigment binding,http://purl.obolibrary.org/obo/GO_0031409
GO:0031410,CC,cytoplasmic vesicle,http://purl.obolibrary.org/obo/GO_0031410
GO:0031414,CC,N-terminal protein acetyltransferase complex,http://purl.obolibrary.org/obo/GO_0031414
GO:0031415,CC,NatA complex,http://purl.obolibrary.org/obo/GO_0031415
GO:0031416,CC,NatB complex,http://purl.obolibrary.org/obo/GO_0031416
GO:0031417,CC,NatC complex,http://purl.obolibrary.org/obo/GO_0031417
GO:0031418,MF,L-ascorbic acid binding,http://purl.obolibrary.org/obo/GO_0031418
GO:0031419,MF,cobalamin binding,http://purl.obolibrary.org/obo/GO_0031419
GO:0031420,MF,alkali metal ion binding,http://purl.obolibrary.org/obo/GO_0031420
GO:0031422,CC,RecQ family helicase-topoisomerase III complex,http://purl.obolibrary.org/obo/GO_0031422
GO:0031425,BP,chloroplast RNA processing,http://purl.obolibrary.org/obo/GO_0031425
GO:0031426,BP,polycistronic mRNA processing,http://purl.obolibrary.org/obo/GO_0031426
GO:0031428,CC,box C/D RNP complex,http://purl.obolibrary.org/obo/GO_0031428
GO:0031429,CC,box H/ACA snoRNP complex,http://purl.obolibrary.org/obo/GO_0031429
GO:0031435,MF,mitogen-activated protein kinase kinase kinase binding,http://purl.obolibrary.org/obo/GO_0031435
GO:0031436,CC,BRCA1-BARD1 complex,http://purl.obolibrary.org/obo/GO_0031436
GO:0031445,BP,regulation of heterochromatin assembly,http://purl.obolibrary.org/obo/GO_0031445
GO:0031452,BP,negative regulation of heterochromatin assembly,http://purl.obolibrary.org/obo/GO_0031452
GO:0031455,BP,glycine betaine metabolic process,http://purl.obolibrary.org/obo/GO_0031455
GO:0031456,BP,glycine betaine biosynthetic process,http://purl.obolibrary.org/obo/GO_0031456
GO:0031460,BP,glycine betaine transport,http://purl.obolibrary.org/obo/GO_0031460
GO:0031461,CC,cullin-RING ubiquitin ligase complex,http://purl.obolibrary.org/obo/GO_0031461
GO:0031463,CC,Cul3-RING ubiquitin ligase complex,http://purl.obolibrary.org/obo/GO_0031463
GO:0031464,CC,Cul4A-RING E3 ubiquitin ligase complex,http://purl.obolibrary.org/obo/GO_0031464
GO:0031468,BP,nuclear membrane reassembly,http://purl.obolibrary.org/obo/GO_0031468
GO:0031490,MF,chromatin DNA binding,http://purl.obolibrary.org/obo/GO_0031490
GO:0031491,MF,nucleosome binding,http://purl.obolibrary.org/obo/GO_0031491
GO:0031492,MF,nucleosomal DNA binding,http://purl.obolibrary.org/obo/GO_0031492
GO:0031499,CC,TRAMP complex,http://purl.obolibrary.org/obo/GO_0031499
GO:0031501,CC,mannosyltransferase complex,http://purl.obolibrary.org/obo/GO_0031501
GO:0031503,BP,protein-containing complex localization,http://purl.obolibrary.org/obo/GO_0031503
GO:0031507,BP,heterochromatin assembly,http://purl.obolibrary.org/obo/GO_0031507
GO:0031508,BP,pericentric heterochromatin assembly,http://purl.obolibrary.org/obo/GO_0031508
GO:0031509,BP,subtelomeric heterochromatin assembly,http://purl.obolibrary.org/obo/GO_0031509
GO:0031510,CC,SUMO activating enzyme complex,http://purl.obolibrary.org/obo/GO_0031510
GO:0031511,CC,Mis6-Sim4 complex,http://purl.obolibrary.org/obo/GO_0031511
GO:0031514,CC,motile cilium,http://purl.obolibrary.org/obo/GO_0031514
GO:0031515,CC,tRNA (m1A) methyltransferase complex,http://purl.obolibrary.org/obo/GO_0031515
GO:0031516,MF,far-red light photoreceptor activity,http://purl.obolibrary.org/obo/GO_0031516
GO:0031517,MF,red light photoreceptor activity,http://purl.obolibrary.org/obo/GO_0031517
GO:0031519,CC,PcG protein complex,http://purl.obolibrary.org/obo/GO_0031519
GO:0031520,CC,plasma membrane of cell tip,http://purl.obolibrary.org/obo/GO_0031520
GO:0031524,BP,menthol metabolic process,http://purl.obolibrary.org/obo/GO_0031524
GO:0031525,BP,menthol biosynthetic process,http://purl.obolibrary.org/obo/GO_0031525
GO:0031534,BP,minus-end directed microtubule sliding,http://purl.obolibrary.org/obo/GO_0031534
GO:0031535,BP,plus-end directed microtubule sliding,http://purl.obolibrary.org/obo/GO_0031535
GO:0031537,BP,regulation of anthocyanin metabolic process,http://purl.obolibrary.org/obo/GO_0031537
GO:0031538,BP,negative regulation of anthocyanin metabolic process,http://purl.obolibrary.org/obo/GO_0031538
GO:0031539,BP,positive regulation of anthocyanin metabolic process,http://purl.obolibrary.org/obo/GO_0031539
GO:0031540,BP,regulation of anthocyanin biosynthetic process,http://purl.obolibrary.org/obo/GO_0031540
GO:0031542,BP,positive regulation of anthocyanin biosynthetic process,http://purl.obolibrary.org/obo/GO_0031542
GO:0031543,MF,peptidyl-proline dioxygenase activity,http://purl.obolibrary.org/obo/GO_0031543
GO:0031545,MF,peptidyl-proline 4-dioxygenase activity,http://purl.obolibrary.org/obo/GO_0031545
GO:0031554,BP,"regulation of DNA-templated transcription, termination",http://purl.obolibrary.org/obo/GO_0031554
GO:0031559,MF,oxidosqualene cyclase activity,http://purl.obolibrary.org/obo/GO_0031559
GO:0031564,BP,transcription antitermination,http://purl.obolibrary.org/obo/GO_0031564
GO:0031567,BP,mitotic cell size control checkpoint signaling,http://purl.obolibrary.org/obo/GO_0031567
GO:0031570,BP,DNA integrity checkpoint signaling,http://purl.obolibrary.org/obo/GO_0031570
GO:0031573,BP,mitotic intra-S DNA damage checkpoint signaling,http://purl.obolibrary.org/obo/GO_0031573
GO:0031577,BP,spindle checkpoint signaling,http://purl.obolibrary.org/obo/GO_0031577
GO:0031588,CC,nucleotide-activated protein kinase complex,http://purl.obolibrary.org/obo/GO_0031588
GO:0031589,BP,cell-substrate adhesion,http://purl.obolibrary.org/obo/GO_0031589
GO:0031590,BP,wybutosine metabolic process,http://purl.obolibrary.org/obo/GO_0031590
GO:0031591,BP,wybutosine biosynthetic process,http://purl.obolibrary.org/obo/GO_0031591
GO:0031593,MF,polyubiquitin modification-dependent protein binding,http://purl.obolibrary.org/obo/GO_0031593
GO:0031597,CC,cytosolic proteasome complex,http://purl.obolibrary.org/obo/GO_0031597
GO:0031623,BP,receptor internalization,http://purl.obolibrary.org/obo/GO_0031623
GO:0031624,MF,ubiquitin conjugating enzyme binding,http://purl.obolibrary.org/obo/GO_0031624
GO:0031625,MF,ubiquitin protein ligase binding,http://purl.obolibrary.org/obo/GO_0031625
GO:0031640,BP,killing of cells of other organism,http://purl.obolibrary.org/obo/GO_0031640
GO:0031647,BP,regulation of protein stability,http://purl.obolibrary.org/obo/GO_0031647
GO:0031648,BP,protein destabilization,http://purl.obolibrary.org/obo/GO_0031648
GO:0031663,BP,lipopolysaccharide-mediated signaling pathway,http://purl.obolibrary.org/obo/GO_0031663
GO:0031667,BP,response to nutrient levels,http://purl.obolibrary.org/obo/GO_0031667
GO:0031669,BP,cellular response to nutrient levels,http://purl.obolibrary.org/obo/GO_0031669
GO:0031670,BP,cellular response to nutrient,http://purl.obolibrary.org/obo/GO_0031670
GO:0031683,MF,G-protein beta/gamma-subunit complex binding,http://purl.obolibrary.org/obo/GO_0031683
GO:0031848,BP,protection from non-homologous end joining at telomere,http://purl.obolibrary.org/obo/GO_0031848
GO:0031871,MF,proteinase activated receptor binding,http://purl.obolibrary.org/obo/GO_0031871
GO:0031897,CC,Tic complex,http://purl.obolibrary.org/obo/GO_0031897
GO:0031901,CC,early endosome membrane,http://purl.obolibrary.org/obo/GO_0031901
GO:0031902,CC,late endosome membrane,http://purl.obolibrary.org/obo/GO_0031902
GO:0031903,CC,microbody membrane,http://purl.obolibrary.org/obo/GO_0031903
GO:0031907,CC,microbody lumen,http://purl.obolibrary.org/obo/GO_0031907
GO:0031929,BP,TOR signaling,http://purl.obolibrary.org/obo/GO_0031929
GO:0031930,BP,mitochondria-nucleus signaling pathway,http://purl.obolibrary.org/obo/GO_0031930
GO:0031931,CC,TORC1 complex,http://purl.obolibrary.org/obo/GO_0031931
GO:0031932,CC,TORC2 complex,http://purl.obolibrary.org/obo/GO_0031932
GO:0031955,MF,short-chain fatty acid-CoA ligase activity,http://purl.obolibrary.org/obo/GO_0031955
GO:0031956,MF,medium-chain fatty acid-CoA ligase activity,http://purl.obolibrary.org/obo/GO_0031956
GO:0031957,MF,very long-chain fatty acid-CoA ligase activity,http://purl.obolibrary.org/obo/GO_0031957
GO:0031965,CC,nuclear membrane,http://purl.obolibrary.org/obo/GO_0031965
GO:0031966,CC,mitochondrial membrane,http://purl.obolibrary.org/obo/GO_0031966
GO:0031967,CC,organelle envelope,http://purl.obolibrary.org/obo/GO_0031967
GO:0031968,CC,organelle outer membrane,http://purl.obolibrary.org/obo/GO_0031968
GO:0031969,CC,chloroplast membrane,http://purl.obolibrary.org/obo/GO_0031969
GO:0031970,CC,organelle envelope lumen,http://purl.obolibrary.org/obo/GO_0031970
GO:0031972,CC,chloroplast intermembrane space,http://purl.obolibrary.org/obo/GO_0031972
GO:0031974,CC,membrane-enclosed lumen,http://purl.obolibrary.org/obo/GO_0031974
GO:0031976,CC,plastid thylakoid,http://purl.obolibrary.org/obo/GO_0031976
GO:0031977,CC,thylakoid lumen,http://purl.obolibrary.org/obo/GO_0031977
GO:0031978,CC,plastid thylakoid lumen,http://purl.obolibrary.org/obo/GO_0031978
GO:0031981,CC,nuclear lumen,http://purl.obolibrary.org/obo/GO_0031981
GO:0031982,CC,vesicle,http://purl.obolibrary.org/obo/GO_0031982
GO:0031984,CC,organelle subcompartment,http://purl.obolibrary.org/obo/GO_0031984
GO:0031985,CC,Golgi cisterna,http://purl.obolibrary.org/obo/GO_0031985
GO:0031986,CC,proteinoplast,http://purl.obolibrary.org/obo/GO_0031986
GO:0031992,MF,energy transducer activity,http://purl.obolibrary.org/obo/GO_0031992
GO:0031998,BP,regulation of fatty acid beta-oxidation,http://purl.obolibrary.org/obo/GO_0031998
GO:0031999,BP,negative regulation of fatty acid beta-oxidation,http://purl.obolibrary.org/obo/GO_0031999
GO:0032000,BP,positive regulation of fatty acid beta-oxidation,http://purl.obolibrary.org/obo/GO_0032000
GO:0032006,BP,regulation of TOR signaling,http://purl.obolibrary.org/obo/GO_0032006
GO:0032007,BP,negative regulation of TOR signaling,http://purl.obolibrary.org/obo/GO_0032007
GO:0032008,BP,positive regulation of TOR signaling,http://purl.obolibrary.org/obo/GO_0032008
GO:0032021,CC,NELF complex,http://purl.obolibrary.org/obo/GO_0032021
GO:0032025,BP,response to cobalt ion,http://purl.obolibrary.org/obo/GO_0032025
GO:0032026,BP,response to magnesium ion,http://purl.obolibrary.org/obo/GO_0032026
GO:0032029,MF,myosin tail binding,http://purl.obolibrary.org/obo/GO_0032029
GO:0032036,MF,myosin heavy chain binding,http://purl.obolibrary.org/obo/GO_0032036
GO:0032039,CC,integrator complex,http://purl.obolibrary.org/obo/GO_0032039
GO:0032040,CC,small-subunit processome,http://purl.obolibrary.org/obo/GO_0032040
GO:0032042,BP,mitochondrial DNA metabolic process,http://purl.obolibrary.org/obo/GO_0032042
GO:0032043,BP,mitochondrial DNA catabolic process,http://purl.obolibrary.org/obo/GO_0032043
GO:0032044,CC,DSIF complex,http://purl.obolibrary.org/obo/GO_0032044
GO:0032045,CC,guanyl-nucleotide exchange factor complex,http://purl.obolibrary.org/obo/GO_0032045
GO:0032048,BP,cardiolipin metabolic process,http://purl.obolibrary.org/obo/GO_0032048
GO:0032049,BP,cardiolipin biosynthetic process,http://purl.obolibrary.org/obo/GO_0032049
GO:0032050,MF,clathrin heavy chain binding,http://purl.obolibrary.org/obo/GO_0032050
GO:0032051,MF,clathrin light chain binding,http://purl.obolibrary.org/obo/GO_0032051
GO:0032053,BP,ciliary basal body organization,http://purl.obolibrary.org/obo/GO_0032053
GO:0032055,BP,negative regulation of translation in response to stress,http://purl.obolibrary.org/obo/GO_0032055
GO:0032069,BP,regulation of nuclease activity,http://purl.obolibrary.org/obo/GO_0032069
GO:0032074,BP,negative regulation of nuclease activity,http://purl.obolibrary.org/obo/GO_0032074
GO:0032091,BP,negative regulation of protein binding,http://purl.obolibrary.org/obo/GO_0032091
GO:0032101,BP,regulation of response to external stimulus,http://purl.obolibrary.org/obo/GO_0032101
GO:0032102,BP,negative regulation of response to external stimulus,http://purl.obolibrary.org/obo/GO_0032102
GO:0032103,BP,positive regulation of response to external stimulus,http://purl.obolibrary.org/obo/GO_0032103
GO:0032107,BP,regulation of response to nutrient levels,http://purl.obolibrary.org/obo/GO_0032107
GO:0032109,BP,positive regulation of response to nutrient levels,http://purl.obolibrary.org/obo/GO_0032109
GO:0032116,CC,SMC loading complex,http://purl.obolibrary.org/obo/GO_0032116
GO:0032119,BP,sequestering of zinc ion,http://purl.obolibrary.org/obo/GO_0032119
GO:0032131,MF,alkylated DNA binding,http://purl.obolibrary.org/obo/GO_0032131
GO:0032133,CC,chromosome passenger complex,http://purl.obolibrary.org/obo/GO_0032133
GO:0032147,BP,activation of protein kinase activity,http://purl.obolibrary.org/obo/GO_0032147
GO:0032153,CC,cell division site,http://purl.obolibrary.org/obo/GO_0032153
GO:0032156,CC,septin cytoskeleton,http://purl.obolibrary.org/obo/GO_0032156
GO:0032182,MF,ubiquitin-like protein binding,http://purl.obolibrary.org/obo/GO_0032182
GO:0032183,MF,SUMO binding,http://purl.obolibrary.org/obo/GO_0032183
GO:0032194,BP,"ubiquinone biosynthetic process via 3,4-dihydroxy-5-polyprenylbenzoate",http://purl.obolibrary.org/obo/GO_0032194
GO:0032196,BP,transposition,http://purl.obolibrary.org/obo/GO_0032196
GO:0032197,BP,"transposition, RNA-mediated",http://purl.obolibrary.org/obo/GO_0032197
GO:0032200,BP,telomere organization,http://purl.obolibrary.org/obo/GO_0032200
GO:0032204,BP,regulation of telomere maintenance,http://purl.obolibrary.org/obo/GO_0032204
GO:0032205,BP,negative regulation of telomere maintenance,http://purl.obolibrary.org/obo/GO_0032205
GO:0032206,BP,positive regulation of telomere maintenance,http://purl.obolibrary.org/obo/GO_0032206
GO:0032210,BP,regulation of telomere maintenance via telomerase,http://purl.obolibrary.org/obo/GO_0032210
GO:0032211,BP,negative regulation of telomere maintenance via telomerase,http://purl.obolibrary.org/obo/GO_0032211
GO:0032212,BP,positive regulation of telomere maintenance via telomerase,http://purl.obolibrary.org/obo/GO_0032212
GO:0032216,MF,glucosaminyl-phosphatidylinositol O-acyltransferase activity,http://purl.obolibrary.org/obo/GO_0032216
GO:0032259,BP,methylation,http://purl.obolibrary.org/obo/GO_0032259
GO:0032260,BP,response to jasmonic acid stimulus involved in jasmonic acid and ethylene-dependent systemic resistance,http://purl.obolibrary.org/obo/GO_0032260
GO:0032261,BP,purine nucleotide salvage,http://purl.obolibrary.org/obo/GO_0032261
GO:0032262,BP,pyrimidine nucleotide salvage,http://purl.obolibrary.org/obo/GO_0032262
GO:0032263,BP,GMP salvage,http://purl.obolibrary.org/obo/GO_0032263
GO:0032264,BP,IMP salvage,http://purl.obolibrary.org/obo/GO_0032264
GO:0032265,BP,XMP salvage,http://purl.obolibrary.org/obo/GO_0032265
GO:0032266,MF,phosphatidylinositol-3-phosphate binding,http://purl.obolibrary.org/obo/GO_0032266
GO:0032271,BP,regulation of protein polymerization,http://purl.obolibrary.org/obo/GO_0032271
GO:0032272,BP,negative regulation of protein polymerization,http://purl.obolibrary.org/obo/GO_0032272
GO:0032273,BP,positive regulation of protein polymerization,http://purl.obolibrary.org/obo/GO_0032273
GO:0032296,MF,double-stranded RNA-specific ribonuclease activity,http://purl.obolibrary.org/obo/GO_0032296
GO:0032299,CC,ribonuclease H2 complex,http://purl.obolibrary.org/obo/GO_0032299
GO:0032300,CC,mismatch repair complex,http://purl.obolibrary.org/obo/GO_0032300
GO:0032301,CC,MutSalpha complex,http://purl.obolibrary.org/obo/GO_0032301
GO:0032324,BP,molybdopterin cofactor biosynthetic process,http://purl.obolibrary.org/obo/GO_0032324
GO:0032328,BP,alanine transport,http://purl.obolibrary.org/obo/GO_0032328
GO:0032329,BP,serine transport,http://purl.obolibrary.org/obo/GO_0032329
GO:0032350,BP,regulation of hormone metabolic process,http://purl.obolibrary.org/obo/GO_0032350
GO:0032351,BP,negative regulation of hormone metabolic process,http://purl.obolibrary.org/obo/GO_0032351
GO:0032352,BP,positive regulation of hormone metabolic process,http://purl.obolibrary.org/obo/GO_0032352
GO:0032353,BP,negative regulation of hormone biosynthetic process,http://purl.obolibrary.org/obo/GO_0032353
GO:0032355,BP,response to estradiol,http://purl.obolibrary.org/obo/GO_0032355
GO:0032356,MF,oxidized DNA binding,http://purl.obolibrary.org/obo/GO_0032356
GO:0032357,MF,oxidized purine DNA binding,http://purl.obolibrary.org/obo/GO_0032357
GO:0032364,BP,oxygen homeostasis,http://purl.obolibrary.org/obo/GO_0032364
GO:0032365,BP,intracellular lipid transport,http://purl.obolibrary.org/obo/GO_0032365
GO:0032366,BP,intracellular sterol transport,http://purl.obolibrary.org/obo/GO_0032366
GO:0032368,BP,regulation of lipid transport,http://purl.obolibrary.org/obo/GO_0032368
GO:0032370,BP,positive regulation of lipid transport,http://purl.obolibrary.org/obo/GO_0032370
GO:0032386,BP,regulation of intracellular transport,http://purl.obolibrary.org/obo/GO_0032386
GO:0032388,BP,positive regulation of intracellular transport,http://purl.obolibrary.org/obo/GO_0032388
GO:0032389,CC,MutLalpha complex,http://purl.obolibrary.org/obo/GO_0032389
GO:0032392,BP,DNA geometric change,http://purl.obolibrary.org/obo/GO_0032392
GO:0032409,BP,regulation of transporter activity,http://purl.obolibrary.org/obo/GO_0032409
GO:0032410,BP,negative regulation of transporter activity,http://purl.obolibrary.org/obo/GO_0032410
GO:0032411,BP,positive regulation of transporter activity,http://purl.obolibrary.org/obo/GO_0032411
GO:0032412,BP,regulation of ion transmembrane transporter activity,http://purl.obolibrary.org/obo/GO_0032412
GO:0032413,BP,negative regulation of ion transmembrane transporter activity,http://purl.obolibrary.org/obo/GO_0032413
GO:0032414,BP,positive regulation of ion transmembrane transporter activity,http://purl.obolibrary.org/obo/GO_0032414
GO:0032418,BP,lysosome localization,http://purl.obolibrary.org/obo/GO_0032418
GO:0032422,MF,purine-rich negative regulatory element binding,http://purl.obolibrary.org/obo/GO_0032422
GO:0032432,CC,actin filament bundle,http://purl.obolibrary.org/obo/GO_0032432
GO:0032434,BP,regulation of proteasomal ubiquitin-dependent protein catabolic process,http://purl.obolibrary.org/obo/GO_0032434
GO:0032435,BP,negative regulation of proteasomal ubiquitin-dependent protein catabolic process,http://purl.obolibrary.org/obo/GO_0032435
GO:0032436,BP,positive regulation of proteasomal ubiquitin-dependent protein catabolic process,http://purl.obolibrary.org/obo/GO_0032436
GO:0032438,BP,melanosome organization,http://purl.obolibrary.org/obo/GO_0032438
GO:0032440,MF,2-alkenal reductase [NAD(P)+] activity,http://purl.obolibrary.org/obo/GO_0032440
GO:0032441,MF,pheophorbide a oxygenase activity,http://purl.obolibrary.org/obo/GO_0032441
GO:0032442,MF,phenylcoumaran benzylic ether reductase activity,http://purl.obolibrary.org/obo/GO_0032442
GO:0032446,BP,protein modification by small protein conjugation,http://purl.obolibrary.org/obo/GO_0032446
GO:0032447,BP,protein urmylation,http://purl.obolibrary.org/obo/GO_0032447
GO:0032451,MF,demethylase activity,http://purl.obolibrary.org/obo/GO_0032451
GO:0032452,MF,histone demethylase activity,http://purl.obolibrary.org/obo/GO_0032452
GO:0032453,MF,histone H3-methyl-lysine-4 demethylase activity,http://purl.obolibrary.org/obo/GO_0032453
GO:0032454,MF,histone H3-methyl-lysine-9 demethylase activity,http://purl.obolibrary.org/obo/GO_0032454
GO:0032456,BP,endocytic recycling,http://purl.obolibrary.org/obo/GO_0032456
GO:0032465,BP,regulation of cytokinesis,http://purl.obolibrary.org/obo/GO_0032465
GO:0032467,BP,positive regulation of cytokinesis,http://purl.obolibrary.org/obo/GO_0032467
GO:0032468,BP,Golgi calcium ion homeostasis,http://purl.obolibrary.org/obo/GO_0032468
GO:0032469,BP,endoplasmic reticulum calcium ion homeostasis,http://purl.obolibrary.org/obo/GO_0032469
GO:0032472,BP,Golgi calcium ion transport,http://purl.obolibrary.org/obo/GO_0032472
GO:0032476,CC,decaprenyl diphosphate synthase complex,http://purl.obolibrary.org/obo/GO_0032476
GO:0032482,BP,Rab protein signal transduction,http://purl.obolibrary.org/obo/GO_0032482
GO:0032483,BP,regulation of Rab protein signal transduction,http://purl.obolibrary.org/obo/GO_0032483
GO:0032490,BP,detection of molecule of bacterial origin,http://purl.obolibrary.org/obo/GO_0032490
GO:0032491,BP,detection of molecule of fungal origin,http://purl.obolibrary.org/obo/GO_0032491
GO:0032494,BP,response to peptidoglycan,http://purl.obolibrary.org/obo/GO_0032494
GO:0032496,BP,response to lipopolysaccharide,http://purl.obolibrary.org/obo/GO_0032496
GO:0032497,BP,detection of lipopolysaccharide,http://purl.obolibrary.org/obo/GO_0032497
GO:0032499,BP,detection of peptidoglycan,http://purl.obolibrary.org/obo/GO_0032499
GO:0032501,BP,multicellular organismal process,http://purl.obolibrary.org/obo/GO_0032501
GO:0032502,BP,developmental process,http://purl.obolibrary.org/obo/GO_0032502
GO:0032506,BP,cytokinetic process,http://purl.obolibrary.org/obo/GO_0032506
GO:0032507,BP,maintenance of protein location in cell,http://purl.obolibrary.org/obo/GO_0032507
GO:0032508,BP,DNA duplex unwinding,http://purl.obolibrary.org/obo/GO_0032508
GO:0032509,BP,endosome transport via multivesicular body sorting pathway,http://purl.obolibrary.org/obo/GO_0032509
GO:0032511,BP,late endosome to vacuole transport via multivesicular body sorting pathway,http://purl.obolibrary.org/obo/GO_0032511
GO:0032515,BP,negative regulation of phosphoprotein phosphatase activity,http://purl.obolibrary.org/obo/GO_0032515
GO:0032527,BP,protein exit from endoplasmic reticulum,http://purl.obolibrary.org/obo/GO_0032527
GO:0032535,BP,regulation of cellular component size,http://purl.obolibrary.org/obo/GO_0032535
GO:0032541,CC,cortical endoplasmic reticulum,http://purl.obolibrary.org/obo/GO_0032541
GO:0032542,MF,sulfiredoxin activity,http://purl.obolibrary.org/obo/GO_0032542
GO:0032543,BP,mitochondrial translation,http://purl.obolibrary.org/obo/GO_0032543
GO:0032544,BP,plastid translation,http://purl.obolibrary.org/obo/GO_0032544
GO:0032545,CC,CURI complex,http://purl.obolibrary.org/obo/GO_0032545
GO:0032553,MF,ribonucleotide binding,http://purl.obolibrary.org/obo/GO_0032553
GO:0032555,MF,purine ribonucleotide binding,http://purl.obolibrary.org/obo/GO_0032555
GO:0032559,MF,adenyl ribonucleotide binding,http://purl.obolibrary.org/obo/GO_0032559
GO:0032561,MF,guanyl ribonucleotide binding,http://purl.obolibrary.org/obo/GO_0032561
GO:0032578,CC,aleurone grain membrane,http://purl.obolibrary.org/obo/GO_0032578
GO:0032585,CC,multivesicular body membrane,http://purl.obolibrary.org/obo/GO_0032585
GO:0032586,CC,protein storage vacuole membrane,http://purl.obolibrary.org/obo/GO_0032586
GO:0032588,CC,trans-Golgi network membrane,http://purl.obolibrary.org/obo/GO_0032588
GO:0032594,BP,protein transport within lipid bilayer,http://purl.obolibrary.org/obo/GO_0032594
GO:0032774,BP,RNA biosynthetic process,http://purl.obolibrary.org/obo/GO_0032774
GO:0032777,CC,Piccolo NuA4 histone acetyltransferase complex,http://purl.obolibrary.org/obo/GO_0032777
GO:0032780,BP,negative regulation of ATPase activity,http://purl.obolibrary.org/obo/GO_0032780
GO:0032784,BP,"regulation of DNA-templated transcription, elongation",http://purl.obolibrary.org/obo/GO_0032784
GO:0032785,BP,"negative regulation of DNA-templated transcription, elongation",http://purl.obolibrary.org/obo/GO_0032785
GO:0032786,BP,"positive regulation of DNA-templated transcription, elongation",http://purl.obolibrary.org/obo/GO_0032786
GO:0032787,BP,monocarboxylic acid metabolic process,http://purl.obolibrary.org/obo/GO_0032787
GO:0032790,BP,ribosome disassembly,http://purl.obolibrary.org/obo/GO_0032790
GO:0032791,MF,lead ion binding,http://purl.obolibrary.org/obo/GO_0032791
GO:0032794,MF,GTPase activating protein binding,http://purl.obolibrary.org/obo/GO_0032794
GO:0032797,CC,SMN complex,http://purl.obolibrary.org/obo/GO_0032797
GO:0032806,CC,carboxy-terminal domain protein kinase complex,http://purl.obolibrary.org/obo/GO_0032806
GO:0032807,CC,DNA ligase IV complex,http://purl.obolibrary.org/obo/GO_0032807
GO:0032813,MF,tumor necrosis factor receptor superfamily binding,http://purl.obolibrary.org/obo/GO_0032813
GO:0032838,CC,plasma membrane bounded cell projection cytoplasm,http://purl.obolibrary.org/obo/GO_0032838
GO:0032870,BP,cellular response to hormone stimulus,http://purl.obolibrary.org/obo/GO_0032870
GO:0032872,BP,regulation of stress-activated MAPK cascade,http://purl.obolibrary.org/obo/GO_0032872
GO:0032874,BP,positive regulation of stress-activated MAPK cascade,http://purl.obolibrary.org/obo/GO_0032874
GO:0032875,BP,regulation of DNA endoreduplication,http://purl.obolibrary.org/obo/GO_0032875
GO:0032876,BP,negative regulation of DNA endoreduplication,http://purl.obolibrary.org/obo/GO_0032876
GO:0032877,BP,positive regulation of DNA endoreduplication,http://purl.obolibrary.org/obo/GO_0032877
GO:0032878,BP,regulation of establishment or maintenance of cell polarity,http://purl.obolibrary.org/obo/GO_0032878
GO:0032879,BP,regulation of localization,http://purl.obolibrary.org/obo/GO_0032879
GO:0032880,BP,regulation of protein localization,http://purl.obolibrary.org/obo/GO_0032880
GO:0032881,BP,regulation of polysaccharide metabolic process,http://purl.obolibrary.org/obo/GO_0032881
GO:0032885,BP,regulation of polysaccharide biosynthetic process,http://purl.obolibrary.org/obo/GO_0032885
GO:0032886,BP,regulation of microtubule-based process,http://purl.obolibrary.org/obo/GO_0032886
GO:0032917,BP,polyamine acetylation,http://purl.obolibrary.org/obo/GO_0032917
GO:0032918,BP,spermidine acetylation,http://purl.obolibrary.org/obo/GO_0032918
GO:0032922,BP,circadian regulation of gene expression,http://purl.obolibrary.org/obo/GO_0032922
GO:0032928,BP,regulation of superoxide anion generation,http://purl.obolibrary.org/obo/GO_0032928
GO:0032933,BP,SREBP signaling pathway,http://purl.obolibrary.org/obo/GO_0032933
GO:0032934,MF,sterol binding,http://purl.obolibrary.org/obo/GO_0032934
GO:0032940,BP,secretion by cell,http://purl.obolibrary.org/obo/GO_0032940
GO:0032942,MF,inositol tetrakisphosphate 2-kinase activity,http://purl.obolibrary.org/obo/GO_0032942
GO:0032948,BP,regulation of alpha-glucan metabolic process,http://purl.obolibrary.org/obo/GO_0032948
GO:0032950,BP,regulation of beta-glucan metabolic process,http://purl.obolibrary.org/obo/GO_0032950
GO:0032951,BP,regulation of beta-glucan biosynthetic process,http://purl.obolibrary.org/obo/GO_0032951
GO:0032952,BP,regulation of (1->3)-beta-D-glucan metabolic process,http://purl.obolibrary.org/obo/GO_0032952
GO:0032953,BP,regulation of (1->3)-beta-D-glucan biosynthetic process,http://purl.obolibrary.org/obo/GO_0032953
GO:0032954,BP,regulation of cytokinetic process,http://purl.obolibrary.org/obo/GO_0032954
GO:0032956,BP,regulation of actin cytoskeleton organization,http://purl.obolibrary.org/obo/GO_0032956
GO:0032957,BP,inositol trisphosphate metabolic process,http://purl.obolibrary.org/obo/GO_0032957
GO:0032958,BP,inositol phosphate biosynthetic process,http://purl.obolibrary.org/obo/GO_0032958
GO:0032959,BP,inositol trisphosphate biosynthetic process,http://purl.obolibrary.org/obo/GO_0032959
GO:0032960,BP,regulation of inositol trisphosphate biosynthetic process,http://purl.obolibrary.org/obo/GO_0032960
GO:0032963,BP,collagen metabolic process,http://purl.obolibrary.org/obo/GO_0032963
GO:0032968,BP,positive regulation of transcription elongation from RNA polymerase II promoter,http://purl.obolibrary.org/obo/GO_0032968
GO:0032970,BP,regulation of actin filament-based process,http://purl.obolibrary.org/obo/GO_0032970
GO:0032973,BP,amino acid export across plasma membrane,http://purl.obolibrary.org/obo/GO_0032973
GO:0032977,MF,membrane insertase activity,http://purl.obolibrary.org/obo/GO_0032977
GO:0032978,BP,protein insertion into membrane from inner side,http://purl.obolibrary.org/obo/GO_0032978
GO:0032979,BP,protein insertion into mitochondrial inner membrane from matrix,http://purl.obolibrary.org/obo/GO_0032979
GO:0032981,BP,mitochondrial respiratory chain complex I assembly,http://purl.obolibrary.org/obo/GO_0032981
GO:0032982,CC,myosin filament,http://purl.obolibrary.org/obo/GO_0032982
GO:0032984,BP,protein-containing complex disassembly,http://purl.obolibrary.org/obo/GO_0032984
GO:0032986,BP,protein-DNA complex disassembly,http://purl.obolibrary.org/obo/GO_0032986
GO:0032988,BP,ribonucleoprotein complex disassembly,http://purl.obolibrary.org/obo/GO_0032988
GO:0032989,BP,cellular component morphogenesis,http://purl.obolibrary.org/obo/GO_0032989
GO:0032991,CC,protein-containing complex,http://purl.obolibrary.org/obo/GO_0032991
GO:0032993,CC,protein-DNA complex,http://purl.obolibrary.org/obo/GO_0032993
GO:0033009,CC,nucleomorph,http://purl.obolibrary.org/obo/GO_0033009
GO:0033011,CC,perinuclear theca,http://purl.obolibrary.org/obo/GO_0033011
GO:0033013,BP,tetrapyrrole metabolic process,http://purl.obolibrary.org/obo/GO_0033013
GO:0033014,BP,tetrapyrrole biosynthetic process,http://purl.obolibrary.org/obo/GO_0033014
GO:0033015,BP,tetrapyrrole catabolic process,http://purl.obolibrary.org/obo/GO_0033015
GO:0033036,BP,macromolecule localization,http://purl.obolibrary.org/obo/GO_0033036
GO:0033037,BP,polysaccharide localization,http://purl.obolibrary.org/obo/GO_0033037
GO:0033043,BP,regulation of organelle organization,http://purl.obolibrary.org/obo/GO_0033043
GO:0033044,BP,regulation of chromosome organization,http://purl.obolibrary.org/obo/GO_0033044
GO:0033045,BP,regulation of sister chromatid segregation,http://purl.obolibrary.org/obo/GO_0033045
GO:0033046,BP,negative regulation of sister chromatid segregation,http://purl.obolibrary.org/obo/GO_0033046
GO:0033047,BP,regulation of mitotic sister chromatid segregation,http://purl.obolibrary.org/obo/GO_0033047
GO:0033048,BP,negative regulation of mitotic sister chromatid segregation,http://purl.obolibrary.org/obo/GO_0033048
GO:0033059,BP,cellular pigmentation,http://purl.obolibrary.org/obo/GO_0033059
GO:0033061,CC,DNA recombinase mediator complex,http://purl.obolibrary.org/obo/GO_0033061
GO:0033063,CC,Rad51B-Rad51C-Rad51D-XRCC2 complex,http://purl.obolibrary.org/obo/GO_0033063
GO:0033065,CC,Rad51C-XRCC3 complex,http://purl.obolibrary.org/obo/GO_0033065
GO:0033073,BP,pinene metabolic process,http://purl.obolibrary.org/obo/GO_0033073
GO:0033075,BP,isoquinoline alkaloid biosynthetic process,http://purl.obolibrary.org/obo/GO_0033075
GO:0033076,BP,isoquinoline alkaloid metabolic process,http://purl.obolibrary.org/obo/GO_0033076
GO:0033095,CC,aleurone grain,http://purl.obolibrary.org/obo/GO_0033095
GO:0033106,CC,cis-Golgi network membrane,http://purl.obolibrary.org/obo/GO_0033106
GO:0033108,BP,mitochondrial respiratory chain complex assembly,http://purl.obolibrary.org/obo/GO_0033108
GO:0033120,BP,positive regulation of RNA splicing,http://purl.obolibrary.org/obo/GO_0033120
GO:0033121,BP,regulation of purine nucleotide catabolic process,http://purl.obolibrary.org/obo/GO_0033121
GO:0033122,BP,negative regulation of purine nucleotide catabolic process,http://purl.obolibrary.org/obo/GO_0033122
GO:0033157,BP,regulation of intracellular protein transport,http://purl.obolibrary.org/obo/GO_0033157
GO:0033174,CC,"chloroplast proton-transporting ATP synthase complex, catalytic core CF(1)",http://purl.obolibrary.org/obo/GO_0033174
GO:0033175,CC,"chloroplast proton-transporting ATP synthase complex, coupling factor CF(o)",http://purl.obolibrary.org/obo/GO_0033175
GO:0033176,CC,proton-transporting V-type ATPase complex,http://purl.obolibrary.org/obo/GO_0033176
GO:0033177,CC,"proton-transporting two-sector ATPase complex, proton-transporting domain",http://purl.obolibrary.org/obo/GO_0033177
GO:0033178,CC,"proton-transporting two-sector ATPase complex, catalytic domain",http://purl.obolibrary.org/obo/GO_0033178
GO:0033179,CC,"proton-transporting V-type ATPase, V0 domain",http://purl.obolibrary.org/obo/GO_0033179
GO:0033180,CC,"proton-transporting V-type ATPase, V1 domain",http://purl.obolibrary.org/obo/GO_0033180
GO:0033185,CC,dolichol-phosphate-mannose synthase complex,http://purl.obolibrary.org/obo/GO_0033185
GO:0033186,CC,CAF-1 complex,http://purl.obolibrary.org/obo/GO_0033186
GO:0033188,MF,sphingomyelin synthase activity,http://purl.obolibrary.org/obo/GO_0033188
GO:0033194,BP,response to hydroperoxide,http://purl.obolibrary.org/obo/GO_0033194
GO:0033198,BP,response to ATP,http://purl.obolibrary.org/obo/GO_0033198
GO:0033204,MF,ribonuclease P RNA binding,http://purl.obolibrary.org/obo/GO_0033204
GO:0033206,BP,meiotic cytokinesis,http://purl.obolibrary.org/obo/GO_0033206
GO:0033212,BP,iron import into cell,http://purl.obolibrary.org/obo/GO_0033212
GO:0033214,BP,siderophore-dependent iron import into cell,http://purl.obolibrary.org/obo/GO_0033214
GO:0033218,MF,amide binding,http://purl.obolibrary.org/obo/GO_0033218
GO:0033231,BP,carbohydrate export,http://purl.obolibrary.org/obo/GO_0033231
GO:0033233,BP,regulation of protein sumoylation,http://purl.obolibrary.org/obo/GO_0033233
GO:0033234,BP,negative regulation of protein sumoylation,http://purl.obolibrary.org/obo/GO_0033234
GO:0033238,BP,regulation of cellular amine metabolic process,http://purl.obolibrary.org/obo/GO_0033238
GO:0033239,BP,negative regulation of cellular amine metabolic process,http://purl.obolibrary.org/obo/GO_0033239
GO:0033240,BP,positive regulation of cellular amine metabolic process,http://purl.obolibrary.org/obo/GO_0033240
GO:0033258,BP,plastid DNA metabolic process,http://purl.obolibrary.org/obo/GO_0033258
GO:0033259,BP,plastid DNA replication,http://purl.obolibrary.org/obo/GO_0033259
GO:0033260,BP,nuclear DNA replication,http://purl.obolibrary.org/obo/GO_0033260
GO:0033263,CC,CORVET complex,http://purl.obolibrary.org/obo/GO_0033263
GO:0033273,BP,response to vitamin,http://purl.obolibrary.org/obo/GO_0033273
GO:0033274,BP,response to vitamin B2,http://purl.obolibrary.org/obo/GO_0033274
GO:0033281,CC,TAT protein transport complex,http://purl.obolibrary.org/obo/GO_0033281
GO:0033290,CC,eukaryotic 48S preinitiation complex,http://purl.obolibrary.org/obo/GO_0033290
GO:0033293,MF,monocarboxylic acid binding,http://purl.obolibrary.org/obo/GO_0033293
GO:0033299,BP,secretion of lysosomal enzymes,http://purl.obolibrary.org/obo/GO_0033299
GO:0033302,BP,quercetin O-glucoside metabolic process,http://purl.obolibrary.org/obo/GO_0033302
GO:0033303,BP,quercetin O-glucoside biosynthetic process,http://purl.obolibrary.org/obo/GO_0033303
GO:0033304,BP,chlorophyll a metabolic process,http://purl.obolibrary.org/obo/GO_0033304
GO:0033306,BP,phytol metabolic process,http://purl.obolibrary.org/obo/GO_0033306
GO:0033310,BP,chlorophyll a catabolic process,http://purl.obolibrary.org/obo/GO_0033310
GO:0033313,BP,meiotic cell cycle checkpoint signaling,http://purl.obolibrary.org/obo/GO_0033313
GO:0033314,BP,mitotic DNA replication checkpoint signaling,http://purl.obolibrary.org/obo/GO_0033314
GO:0033316,BP,meiotic spindle assembly checkpoint signaling,http://purl.obolibrary.org/obo/GO_0033316
GO:0033321,BP,homomethionine metabolic process,http://purl.obolibrary.org/obo/GO_0033321
GO:0033328,MF,peroxisome membrane targeting sequence binding,http://purl.obolibrary.org/obo/GO_0033328
GO:0033329,BP,kaempferol O-glucoside metabolic process,http://purl.obolibrary.org/obo/GO_0033329
GO:0033331,BP,ent-kaurene metabolic process,http://purl.obolibrary.org/obo/GO_0033331
GO:0033332,BP,ent-kaurene biosynthetic process,http://purl.obolibrary.org/obo/GO_0033332
GO:0033353,BP,S-adenosylmethionine cycle,http://purl.obolibrary.org/obo/GO_0033353
GO:0033354,BP,chlorophyll cycle,http://purl.obolibrary.org/obo/GO_0033354
GO:0033355,BP,ascorbate glutathione cycle,http://purl.obolibrary.org/obo/GO_0033355
GO:0033356,BP,UDP-L-arabinose metabolic process,http://purl.obolibrary.org/obo/GO_0033356
GO:0033365,BP,protein localization to organelle,http://purl.obolibrary.org/obo/GO_0033365
GO:0033383,BP,geranyl diphosphate metabolic process,http://purl.obolibrary.org/obo/GO_0033383
GO:0033384,BP,geranyl diphosphate biosynthetic process,http://purl.obolibrary.org/obo/GO_0033384
GO:0033385,BP,geranylgeranyl diphosphate metabolic process,http://purl.obolibrary.org/obo/GO_0033385
GO:0033386,BP,geranylgeranyl diphosphate biosynthetic process,http://purl.obolibrary.org/obo/GO_0033386
GO:0033387,BP,putrescine biosynthetic process from ornithine,http://purl.obolibrary.org/obo/GO_0033387
GO:0033388,BP,putrescine biosynthetic process from arginine,http://purl.obolibrary.org/obo/GO_0033388
GO:0033389,BP,"putrescine biosynthetic process from arginine, using agmatinase",http://purl.obolibrary.org/obo/GO_0033389
GO:0033396,BP,beta-alanine biosynthetic process via 3-ureidopropionate,http://purl.obolibrary.org/obo/GO_0033396
GO:0033397,BP,zeatin metabolic process,http://purl.obolibrary.org/obo/GO_0033397
GO:0033398,BP,zeatin biosynthetic process,http://purl.obolibrary.org/obo/GO_0033398
GO:0033400,BP,trans-zeatin metabolic process,http://purl.obolibrary.org/obo/GO_0033400
GO:0033466,BP,trans-zeatin biosynthetic process,http://purl.obolibrary.org/obo/GO_0033466
GO:0033467,BP,CMP-keto-3-deoxy-D-manno-octulosonic acid metabolic process,http://purl.obolibrary.org/obo/GO_0033467
GO:0033468,BP,CMP-keto-3-deoxy-D-manno-octulosonic acid biosynthetic process,http://purl.obolibrary.org/obo/GO_0033468
GO:0033473,BP,indoleacetic acid conjugate metabolic process,http://purl.obolibrary.org/obo/GO_0033473
GO:0033477,BP,S-methylmethionine metabolic process,http://purl.obolibrary.org/obo/GO_0033477
GO:0033478,BP,UDP-rhamnose metabolic process,http://purl.obolibrary.org/obo/GO_0033478
GO:0033481,BP,galacturonate biosynthetic process,http://purl.obolibrary.org/obo/GO_0033481
GO:0033484,BP,nitric oxide homeostasis,http://purl.obolibrary.org/obo/GO_0033484
GO:0033485,BP,cyanidin 3-O-glucoside biosynthetic process,http://purl.obolibrary.org/obo/GO_0033485
GO:0033486,BP,delphinidin 3-O-glucoside biosynthetic process,http://purl.obolibrary.org/obo/GO_0033486
GO:0033491,BP,coniferin metabolic process,http://purl.obolibrary.org/obo/GO_0033491
GO:0033494,BP,ferulate metabolic process,http://purl.obolibrary.org/obo/GO_0033494
GO:0033499,BP,galactose catabolic process via UDP-galactose,http://purl.obolibrary.org/obo/GO_0033499
GO:0033500,BP,carbohydrate homeostasis,http://purl.obolibrary.org/obo/GO_0033500
GO:0033503,CC,HULC complex,http://purl.obolibrary.org/obo/GO_0033503
GO:0033506,BP,glucosinolate biosynthetic process from homomethionine,http://purl.obolibrary.org/obo/GO_0033506
GO:0033510,BP,luteolin metabolic process,http://purl.obolibrary.org/obo/GO_0033510
GO:0033511,BP,luteolin biosynthetic process,http://purl.obolibrary.org/obo/GO_0033511
GO:0033517,BP,myo-inositol hexakisphosphate metabolic process,http://purl.obolibrary.org/obo/GO_0033517
GO:0033519,BP,phytyl diphosphate metabolic process,http://purl.obolibrary.org/obo/GO_0033519
GO:0033520,BP,phytol biosynthetic process,http://purl.obolibrary.org/obo/GO_0033520
GO:0033521,BP,phytyl diphosphate biosynthetic process,http://purl.obolibrary.org/obo/GO_0033521
GO:0033524,BP,sinapate ester metabolic process,http://purl.obolibrary.org/obo/GO_0033524
GO:0033525,BP,sinapate ester biosynthetic process,http://purl.obolibrary.org/obo/GO_0033525
GO:0033528,BP,S-methylmethionine cycle,http://purl.obolibrary.org/obo/GO_0033528
GO:0033529,BP,raffinose biosynthetic process,http://purl.obolibrary.org/obo/GO_0033529
GO:0033530,BP,raffinose metabolic process,http://purl.obolibrary.org/obo/GO_0033530
GO:0033539,BP,fatty acid beta-oxidation using acyl-CoA dehydrogenase,http://purl.obolibrary.org/obo/GO_0033539
GO:0033540,BP,fatty acid beta-oxidation using acyl-CoA oxidase,http://purl.obolibrary.org/obo/GO_0033540
GO:0033542,BP,"fatty acid beta-oxidation, unsaturated, even number",http://purl.obolibrary.org/obo/GO_0033542
GO:0033549,MF,MAP kinase phosphatase activity,http://purl.obolibrary.org/obo/GO_0033549
GO:0033550,MF,MAP kinase tyrosine phosphatase activity,http://purl.obolibrary.org/obo/GO_0033550
GO:0033553,CC,rDNA heterochromatin,http://purl.obolibrary.org/obo/GO_0033553
GO:0033554,BP,cellular response to stress,http://purl.obolibrary.org/obo/GO_0033554
GO:0033557,CC,Slx1-Slx4 complex,http://purl.obolibrary.org/obo/GO_0033557
GO:0033558,MF,protein deacetylase activity,http://purl.obolibrary.org/obo/GO_0033558
GO:0033559,BP,unsaturated fatty acid metabolic process,http://purl.obolibrary.org/obo/GO_0033559
GO:0033565,CC,ESCRT-0 complex,http://purl.obolibrary.org/obo/GO_0033565
GO:0033566,BP,gamma-tubulin complex localization,http://purl.obolibrary.org/obo/GO_0033566
GO:0033573,CC,high-affinity iron permease complex,http://purl.obolibrary.org/obo/GO_0033573
GO:0033588,CC,elongator holoenzyme complex,http://purl.obolibrary.org/obo/GO_0033588
GO:0033591,BP,response to L-ascorbic acid,http://purl.obolibrary.org/obo/GO_0033591
GO:0033597,CC,mitotic checkpoint complex,http://purl.obolibrary.org/obo/GO_0033597
GO:0033609,BP,oxalate metabolic process,http://purl.obolibrary.org/obo/GO_0033609
GO:0033611,BP,oxalate catabolic process,http://purl.obolibrary.org/obo/GO_0033611
GO:0033612,MF,receptor serine/threonine kinase binding,http://purl.obolibrary.org/obo/GO_0033612
GO:0033614,BP,chloroplast proton-transporting ATP synthase complex assembly,http://purl.obolibrary.org/obo/GO_0033614
GO:0033615,BP,mitochondrial proton-transporting ATP synthase complex assembly,http://purl.obolibrary.org/obo/GO_0033615
GO:0033617,BP,mitochondrial cytochrome c oxidase assembly,http://purl.obolibrary.org/obo/GO_0033617
GO:0033619,BP,membrane protein proteolysis,http://purl.obolibrary.org/obo/GO_0033619
GO:0033643,CC,host cell part,http://purl.obolibrary.org/obo/GO_0033643
GO:0033644,CC,host cell membrane,http://purl.obolibrary.org/obo/GO_0033644
GO:0033646,CC,host intracellular part,http://purl.obolibrary.org/obo/GO_0033646
GO:0033647,CC,host intracellular organelle,http://purl.obolibrary.org/obo/GO_0033647
GO:0033648,CC,host intracellular membrane-bounded organelle,http://purl.obolibrary.org/obo/GO_0033648
GO:0033655,CC,host cell cytoplasm part,http://purl.obolibrary.org/obo/GO_0033655
GO:0033673,BP,negative regulation of kinase activity,http://purl.obolibrary.org/obo/GO_0033673
GO:0033674,BP,positive regulation of kinase activity,http://purl.obolibrary.org/obo/GO_0033674
GO:0033699,MF,DNA 5'-adenosine monophosphate hydrolase activity,http://purl.obolibrary.org/obo/GO_0033699
GO:0033707,MF,3''-deamino-3''-oxonicotianamine reductase activity,http://purl.obolibrary.org/obo/GO_0033707
GO:0033721,MF,aldehyde dehydrogenase (NADP+) activity,http://purl.obolibrary.org/obo/GO_0033721
GO:0033729,MF,anthocyanidin reductase activity,http://purl.obolibrary.org/obo/GO_0033729
GO:0033743,MF,peptide-methionine (R)-S-oxide reductase activity,http://purl.obolibrary.org/obo/GO_0033743
GO:0033744,MF,L-methionine:thioredoxin-disulfide S-oxidoreductase activity,http://purl.obolibrary.org/obo/GO_0033744
GO:0033745,MF,L-methionine-(R)-S-oxide reductase activity,http://purl.obolibrary.org/obo/GO_0033745
GO:0033746,MF,histone H3-methyl-arginine-2 demethylase activity,http://purl.obolibrary.org/obo/GO_0033746
GO:0033749,MF,histone H3-methyl-arginine-3 demethylase activity,http://purl.obolibrary.org/obo/GO_0033749
GO:0033750,BP,ribosome localization,http://purl.obolibrary.org/obo/GO_0033750
GO:0033759,MF,flavone synthase activity,http://purl.obolibrary.org/obo/GO_0033759
GO:0033760,MF,2'-deoxymugineic-acid 2'-dioxygenase activity,http://purl.obolibrary.org/obo/GO_0033760
GO:0033764,MF,"steroid dehydrogenase activity, acting on the CH-OH group of donors, NAD or NADP as acceptor",http://purl.obolibrary.org/obo/GO_0033764
GO:0033765,MF,"steroid dehydrogenase activity, acting on the CH-CH group of donors",http://purl.obolibrary.org/obo/GO_0033765
GO:0033768,CC,SUMO-targeted ubiquitin ligase complex,http://purl.obolibrary.org/obo/GO_0033768
GO:0033785,MF,heptose 7-phosphate kinase activity,http://purl.obolibrary.org/obo/GO_0033785
GO:0033786,MF,heptose-1-phosphate adenylyltransferase activity,http://purl.obolibrary.org/obo/GO_0033786
GO:0033793,MF,aureusidin synthase activity,http://purl.obolibrary.org/obo/GO_0033793
GO:0033799,MF,myricetin 3'-O-methyltransferase activity,http://purl.obolibrary.org/obo/GO_0033799
GO:0033800,MF,isoflavone 7-O-methyltransferase activity,http://purl.obolibrary.org/obo/GO_0033800
GO:0033802,MF,isoliquiritigenin 2'-O-methyltransferase activity,http://purl.obolibrary.org/obo/GO_0033802
GO:0033803,MF,kaempferol 4'-O-methyltransferase activity,http://purl.obolibrary.org/obo/GO_0033803
GO:0033809,MF,anthocyanin 6''-O-malonyltransferase activity,http://purl.obolibrary.org/obo/GO_0033809
GO:0033810,MF,anthocyanin 5-O-glucoside 6'''-O-malonyltransferase activity,http://purl.obolibrary.org/obo/GO_0033810
GO:0033815,MF,biphenyl synthase activity,http://purl.obolibrary.org/obo/GO_0033815
GO:0033819,MF,lipoyl(octanoyl) transferase activity,http://purl.obolibrary.org/obo/GO_0033819
GO:0033838,MF,flavonol-3-O-glucoside glucosyltransferase activity,http://purl.obolibrary.org/obo/GO_0033838
GO:0033843,MF,xyloglucan 6-xylosyltransferase activity,http://purl.obolibrary.org/obo/GO_0033843
GO:0033849,MF,chrysanthemyl diphosphate synthase activity,http://purl.obolibrary.org/obo/GO_0033849
GO:0033853,MF,aspartate-prephenate aminotransferase activity,http://purl.obolibrary.org/obo/GO_0033853
GO:0033854,MF,glutamate-prephenate aminotransferase activity,http://purl.obolibrary.org/obo/GO_0033854
GO:0033855,MF,nicotianamine aminotransferase activity,http://purl.obolibrary.org/obo/GO_0033855
GO:0033857,MF,diphosphoinositol-pentakisphosphate kinase activity,http://purl.obolibrary.org/obo/GO_0033857
GO:0033862,MF,UMP kinase activity,http://purl.obolibrary.org/obo/GO_0033862
GO:0033865,BP,nucleoside bisphosphate metabolic process,http://purl.obolibrary.org/obo/GO_0033865
GO:0033866,BP,nucleoside bisphosphate biosynthetic process,http://purl.obolibrary.org/obo/GO_0033866
GO:0033869,BP,nucleoside bisphosphate catabolic process,http://purl.obolibrary.org/obo/GO_0033869
GO:0033875,BP,ribonucleoside bisphosphate metabolic process,http://purl.obolibrary.org/obo/GO_0033875
GO:0033878,MF,hormone-sensitive lipase activity,http://purl.obolibrary.org/obo/GO_0033878
GO:0033902,MF,rRNA endonuclease activity,http://purl.obolibrary.org/obo/GO_0033902
GO:0033907,MF,beta-D-fucosidase activity,http://purl.obolibrary.org/obo/GO_0033907
GO:0033919,MF,"glucan 1,3-alpha-glucosidase activity",http://purl.obolibrary.org/obo/GO_0033919
GO:0033925,MF,mannosyl-glycoprotein endo-beta-N-acetylglucosaminidase activity,http://purl.obolibrary.org/obo/GO_0033925
GO:0033946,MF,"xyloglucan-specific endo-beta-1,4-glucanase activity",http://purl.obolibrary.org/obo/GO_0033946
GO:0033962,BP,P-body assembly,http://purl.obolibrary.org/obo/GO_0033962
GO:0033967,BP,box C/D RNA metabolic process,http://purl.obolibrary.org/obo/GO_0033967
GO:0033971,MF,hydroxyisourate hydrolase activity,http://purl.obolibrary.org/obo/GO_0033971
GO:0033979,BP,box H/ACA RNA metabolic process,http://purl.obolibrary.org/obo/GO_0033979
GO:0033984,MF,indole-3-glycerol-phosphate lyase activity,http://purl.obolibrary.org/obo/GO_0033984
GO:0033987,MF,2-hydroxyisoflavanone dehydratase activity,http://purl.obolibrary.org/obo/GO_0033987
GO:0033993,BP,response to lipid,http://purl.obolibrary.org/obo/GO_0033993
GO:0034002,MF,(R)-limonene synthase activity,http://purl.obolibrary.org/obo/GO_0034002
GO:0034005,MF,germacrene-A synthase activity,http://purl.obolibrary.org/obo/GO_0034005
GO:0034006,MF,"amorpha-4,11-diene synthase activity",http://purl.obolibrary.org/obo/GO_0034006
GO:0034007,MF,S-linalool synthase activity,http://purl.obolibrary.org/obo/GO_0034007
GO:0034008,MF,R-linalool synthase activity,http://purl.obolibrary.org/obo/GO_0034008
GO:0034009,MF,isoprene synthase activity,http://purl.obolibrary.org/obo/GO_0034009
GO:0034020,MF,neoxanthin synthase activity,http://purl.obolibrary.org/obo/GO_0034020
GO:0034030,BP,ribonucleoside bisphosphate biosynthetic process,http://purl.obolibrary.org/obo/GO_0034030
GO:0034031,BP,ribonucleoside bisphosphate catabolic process,http://purl.obolibrary.org/obo/GO_0034031
GO:0034032,BP,purine nucleoside bisphosphate metabolic process,http://purl.obolibrary.org/obo/GO_0034032
GO:0034033,BP,purine nucleoside bisphosphate biosynthetic process,http://purl.obolibrary.org/obo/GO_0034033
GO:0034034,BP,purine nucleoside bisphosphate catabolic process,http://purl.obolibrary.org/obo/GO_0034034
GO:0034035,BP,purine ribonucleoside bisphosphate metabolic process,http://purl.obolibrary.org/obo/GO_0034035
GO:0034036,BP,purine ribonucleoside bisphosphate biosynthetic process,http://purl.obolibrary.org/obo/GO_0034036
GO:0034038,MF,deoxyhypusine synthase activity,http://purl.obolibrary.org/obo/GO_0034038
GO:0034039,MF,"8-oxo-7,8-dihydroguanine DNA N-glycosylase activity",http://purl.obolibrary.org/obo/GO_0034039
GO:0034040,MF,ATPase-coupled lipid transmembrane transporter activity,http://purl.obolibrary.org/obo/GO_0034040
GO:0034044,CC,exomer complex,http://purl.obolibrary.org/obo/GO_0034044
GO:0034045,CC,phagophore assembly site membrane,http://purl.obolibrary.org/obo/GO_0034045
GO:0034046,MF,poly(G) binding,http://purl.obolibrary.org/obo/GO_0034046
GO:0034050,BP,programmed cell death induced by symbiont,http://purl.obolibrary.org/obo/GO_0034050
GO:0034051,BP,negative regulation of plant-type hypersensitive response,http://purl.obolibrary.org/obo/GO_0034051
GO:0034052,BP,positive regulation of plant-type hypersensitive response,http://purl.obolibrary.org/obo/GO_0034052
GO:0034058,BP,endosomal vesicle fusion,http://purl.obolibrary.org/obo/GO_0034058
GO:0034059,BP,response to anoxia,http://purl.obolibrary.org/obo/GO_0034059
GO:0034061,MF,DNA polymerase activity,http://purl.obolibrary.org/obo/GO_0034061
GO:0034062,MF,5'-3' RNA polymerase activity,http://purl.obolibrary.org/obo/GO_0034062
GO:0034063,BP,stress granule assembly,http://purl.obolibrary.org/obo/GO_0034063
GO:0034066,CC,Ric1-Rgp1 guanyl-nucleotide exchange factor complex,http://purl.obolibrary.org/obo/GO_0034066
GO:0034067,BP,protein localization to Golgi apparatus,http://purl.obolibrary.org/obo/GO_0034067
GO:0034074,MF,marneral synthase activity,http://purl.obolibrary.org/obo/GO_0034074
GO:0034075,MF,arabidiol synthase activity,http://purl.obolibrary.org/obo/GO_0034075
GO:0034076,MF,cucurbitadienol synthase activity,http://purl.obolibrary.org/obo/GO_0034076
GO:0034077,BP,butanediol metabolic process,http://purl.obolibrary.org/obo/GO_0034077
GO:0034079,BP,butanediol biosynthetic process,http://purl.obolibrary.org/obo/GO_0034079
GO:0034080,BP,CENP-A containing nucleosome assembly,http://purl.obolibrary.org/obo/GO_0034080
GO:0034081,CC,polyketide synthase complex,http://purl.obolibrary.org/obo/GO_0034081
GO:0034085,BP,establishment of sister chromatid cohesion,http://purl.obolibrary.org/obo/GO_0034085
GO:0034086,BP,maintenance of sister chromatid cohesion,http://purl.obolibrary.org/obo/GO_0034086
GO:0034087,BP,establishment of mitotic sister chromatid cohesion,http://purl.obolibrary.org/obo/GO_0034087
GO:0034088,BP,maintenance of mitotic sister chromatid cohesion,http://purl.obolibrary.org/obo/GO_0034088
GO:0034089,BP,establishment of meiotic sister chromatid cohesion,http://purl.obolibrary.org/obo/GO_0034089
GO:0034090,BP,maintenance of meiotic sister chromatid cohesion,http://purl.obolibrary.org/obo/GO_0034090
GO:0034091,BP,regulation of maintenance of sister chromatid cohesion,http://purl.obolibrary.org/obo/GO_0034091
GO:0034093,BP,positive regulation of maintenance of sister chromatid cohesion,http://purl.obolibrary.org/obo/GO_0034093
GO:0034094,BP,regulation of maintenance of meiotic sister chromatid cohesion,http://purl.obolibrary.org/obo/GO_0034094
GO:0034096,BP,positive regulation of maintenance of meiotic sister chromatid cohesion,http://purl.obolibrary.org/obo/GO_0034096
GO:0034097,BP,response to cytokine,http://purl.obolibrary.org/obo/GO_0034097
GO:0034098,CC,VCP-NPL4-UFD1 AAA ATPase complex,http://purl.obolibrary.org/obo/GO_0034098
GO:0034109,BP,homotypic cell-cell adhesion,http://purl.obolibrary.org/obo/GO_0034109
GO:0034110,BP,regulation of homotypic cell-cell adhesion,http://purl.obolibrary.org/obo/GO_0034110
GO:0034112,BP,positive regulation of homotypic cell-cell adhesion,http://purl.obolibrary.org/obo/GO_0034112
GO:0034117,BP,erythrocyte aggregation,http://purl.obolibrary.org/obo/GO_0034117
GO:0034118,BP,regulation of erythrocyte aggregation,http://purl.obolibrary.org/obo/GO_0034118
GO:0034120,BP,positive regulation of erythrocyte aggregation,http://purl.obolibrary.org/obo/GO_0034120
GO:0034196,BP,acylglycerol transport,http://purl.obolibrary.org/obo/GO_0034196
GO:0034197,BP,triglyceride transport,http://purl.obolibrary.org/obo/GO_0034197
GO:0034198,BP,cellular response to amino acid starvation,http://purl.obolibrary.org/obo/GO_0034198
GO:0034203,BP,glycolipid translocation,http://purl.obolibrary.org/obo/GO_0034203
GO:0034204,BP,lipid translocation,http://purl.obolibrary.org/obo/GO_0034204
GO:0034205,BP,amyloid-beta formation,http://purl.obolibrary.org/obo/GO_0034205
GO:0034212,MF,peptide N-acetyltransferase activity,http://purl.obolibrary.org/obo/GO_0034212
GO:0034213,BP,quinolinate catabolic process,http://purl.obolibrary.org/obo/GO_0034213
GO:0034214,BP,protein hexamerization,http://purl.obolibrary.org/obo/GO_0034214
GO:0034219,BP,carbohydrate transmembrane transport,http://purl.obolibrary.org/obo/GO_0034219
GO:0034220,BP,ion transmembrane transport,http://purl.obolibrary.org/obo/GO_0034220
GO:0034224,BP,cellular response to zinc ion starvation,http://purl.obolibrary.org/obo/GO_0034224
GO:0034227,BP,tRNA thio-modification,http://purl.obolibrary.org/obo/GO_0034227
GO:0034236,MF,protein kinase A catalytic subunit binding,http://purl.obolibrary.org/obo/GO_0034236
GO:0034237,MF,protein kinase A regulatory subunit binding,http://purl.obolibrary.org/obo/GO_0034237
GO:0034243,BP,regulation of transcription elongation from RNA polymerase II promoter,http://purl.obolibrary.org/obo/GO_0034243
GO:0034244,BP,negative regulation of transcription elongation from RNA polymerase II promoter,http://purl.obolibrary.org/obo/GO_0034244
GO:0034245,CC,mitochondrial DNA-directed RNA polymerase complex,http://purl.obolibrary.org/obo/GO_0034245
GO:0034247,BP,snoRNA splicing,http://purl.obolibrary.org/obo/GO_0034247
GO:0034248,BP,regulation of cellular amide metabolic process,http://purl.obolibrary.org/obo/GO_0034248
GO:0034250,BP,positive regulation of cellular amide metabolic process,http://purl.obolibrary.org/obo/GO_0034250
GO:0034256,MF,chlorophyll(ide) b reductase activity,http://purl.obolibrary.org/obo/GO_0034256
GO:0034263,BP,positive regulation of autophagy in response to ER overload,http://purl.obolibrary.org/obo/GO_0034263
GO:0034264,BP,isopentenyl adenine metabolic process,http://purl.obolibrary.org/obo/GO_0034264
GO:0034265,BP,isopentenyl adenine biosynthetic process,http://purl.obolibrary.org/obo/GO_0034265
GO:0034271,CC,"phosphatidylinositol 3-kinase complex, class III, type I",http://purl.obolibrary.org/obo/GO_0034271
GO:0034272,CC,"phosphatidylinositol 3-kinase complex, class III, type II",http://purl.obolibrary.org/obo/GO_0034272
GO:0034274,CC,Atg12-Atg5-Atg16 complex,http://purl.obolibrary.org/obo/GO_0034274
GO:0034284,BP,response to monosaccharide,http://purl.obolibrary.org/obo/GO_0034284
GO:0034285,BP,response to disaccharide,http://purl.obolibrary.org/obo/GO_0034285
GO:0034286,BP,response to maltose,http://purl.obolibrary.org/obo/GO_0034286
GO:0034293,BP,sexual sporulation,http://purl.obolibrary.org/obo/GO_0034293
GO:0034308,BP,primary alcohol metabolic process,http://purl.obolibrary.org/obo/GO_0034308
GO:0034309,BP,primary alcohol biosynthetic process,http://purl.obolibrary.org/obo/GO_0034309
GO:0034310,BP,primary alcohol catabolic process,http://purl.obolibrary.org/obo/GO_0034310
GO:0034311,BP,diol metabolic process,http://purl.obolibrary.org/obo/GO_0034311
GO:0034312,BP,diol biosynthetic process,http://purl.obolibrary.org/obo/GO_0034312
GO:0034314,BP,Arp2/3 complex-mediated actin nucleation,http://purl.obolibrary.org/obo/GO_0034314
GO:0034315,BP,regulation of Arp2/3 complex-mediated actin nucleation,http://purl.obolibrary.org/obo/GO_0034315
GO:0034318,MF,alcohol O-acyltransferase activity,http://purl.obolibrary.org/obo/GO_0034318
GO:0034329,BP,cell junction assembly,http://purl.obolibrary.org/obo/GO_0034329
GO:0034330,BP,cell junction organization,http://purl.obolibrary.org/obo/GO_0034330
GO:0034335,MF,DNA negative supercoiling activity,http://purl.obolibrary.org/obo/GO_0034335
GO:0034336,MF,misfolded RNA binding,http://purl.obolibrary.org/obo/GO_0034336
GO:0034337,BP,RNA folding,http://purl.obolibrary.org/obo/GO_0034337
GO:0034338,MF,short-chain carboxylesterase activity,http://purl.obolibrary.org/obo/GO_0034338
GO:0034353,MF,RNA pyrophosphohydrolase activity,http://purl.obolibrary.org/obo/GO_0034353
GO:0034355,BP,NAD salvage,http://purl.obolibrary.org/obo/GO_0034355
GO:0034356,BP,NAD biosynthesis via nicotinamide riboside salvage pathway,http://purl.obolibrary.org/obo/GO_0034356
GO:0034357,CC,photosynthetic membrane,http://purl.obolibrary.org/obo/GO_0034357
GO:0034367,BP,protein-containing complex remodeling,http://purl.obolibrary.org/obo/GO_0034367
GO:0034388,CC,Pwp2p-containing subcomplex of 90S preribosome,http://purl.obolibrary.org/obo/GO_0034388
GO:0034389,BP,lipid droplet organization,http://purl.obolibrary.org/obo/GO_0034389
GO:0034394,BP,protein localization to cell surface,http://purl.obolibrary.org/obo/GO_0034394
GO:0034397,BP,telomere localization,http://purl.obolibrary.org/obo/GO_0034397
GO:0034398,BP,telomere tethering at nuclear periphery,http://purl.obolibrary.org/obo/GO_0034398
GO:0034399,CC,nuclear periphery,http://purl.obolibrary.org/obo/GO_0034399
GO:0034400,CC,gerontoplast,http://purl.obolibrary.org/obo/GO_0034400
GO:0034404,BP,nucleobase-containing small molecule biosynthetic process,http://purl.obolibrary.org/obo/GO_0034404
GO:0034406,BP,cell wall beta-glucan metabolic process,http://purl.obolibrary.org/obo/GO_0034406
GO:0034410,BP,cell wall beta-glucan biosynthetic process,http://purl.obolibrary.org/obo/GO_0034410
GO:0034425,CC,etioplast envelope,http://purl.obolibrary.org/obo/GO_0034425
GO:0034426,CC,etioplast membrane,http://purl.obolibrary.org/obo/GO_0034426
GO:0034432,MF,bis(5'-adenosyl)-pentaphosphatase activity,http://purl.obolibrary.org/obo/GO_0034432
GO:0034440,BP,lipid oxidation,http://purl.obolibrary.org/obo/GO_0034440
GO:0034450,MF,ubiquitin-ubiquitin ligase activity,http://purl.obolibrary.org/obo/GO_0034450
GO:0034453,BP,microtubule anchoring,http://purl.obolibrary.org/obo/GO_0034453
GO:0034454,BP,microtubule anchoring at centrosome,http://purl.obolibrary.org/obo/GO_0034454
GO:0034455,CC,t-UTP complex,http://purl.obolibrary.org/obo/GO_0034455
GO:0034456,CC,UTP-C complex,http://purl.obolibrary.org/obo/GO_0034456
GO:0034457,CC,Mpp10 complex,http://purl.obolibrary.org/obo/GO_0034457
GO:0034462,BP,small-subunit processome assembly,http://purl.obolibrary.org/obo/GO_0034462
GO:0034464,CC,BBSome,http://purl.obolibrary.org/obo/GO_0034464
GO:0034472,BP,snRNA 3'-end processing,http://purl.obolibrary.org/obo/GO_0034472
GO:0034473,BP,U1 snRNA 3'-end processing,http://purl.obolibrary.org/obo/GO_0034473
GO:0034474,BP,U2 snRNA 3'-end processing,http://purl.obolibrary.org/obo/GO_0034474
GO:0034475,BP,U4 snRNA 3'-end processing,http://purl.obolibrary.org/obo/GO_0034475
GO:0034476,BP,U5 snRNA 3'-end processing,http://purl.obolibrary.org/obo/GO_0034476
GO:0034477,BP,U6 snRNA 3'-end processing,http://purl.obolibrary.org/obo/GO_0034477
GO:0034483,MF,heparan sulfate sulfotransferase activity,http://purl.obolibrary.org/obo/GO_0034483
GO:0034484,BP,raffinose catabolic process,http://purl.obolibrary.org/obo/GO_0034484
GO:0034485,MF,"phosphatidylinositol-3,4,5-trisphosphate 5-phosphatase activity",http://purl.obolibrary.org/obo/GO_0034485
GO:0034486,BP,vacuolar transmembrane transport,http://purl.obolibrary.org/obo/GO_0034486
GO:0034497,BP,protein localization to phagophore assembly site,http://purl.obolibrary.org/obo/GO_0034497
GO:0034498,BP,early endosome to Golgi transport,http://purl.obolibrary.org/obo/GO_0034498
GO:0034501,BP,protein localization to kinetochore,http://purl.obolibrary.org/obo/GO_0034501
GO:0034502,BP,protein localization to chromosome,http://purl.obolibrary.org/obo/GO_0034502
GO:0034504,BP,protein localization to nucleus,http://purl.obolibrary.org/obo/GO_0034504
GO:0034508,BP,centromere complex assembly,http://purl.obolibrary.org/obo/GO_0034508
GO:0034511,MF,U3 snoRNA binding,http://purl.obolibrary.org/obo/GO_0034511
GO:0034513,MF,box H/ACA snoRNA binding,http://purl.obolibrary.org/obo/GO_0034513
GO:0034515,CC,proteasome storage granule,http://purl.obolibrary.org/obo/GO_0034515
GO:0034517,BP,ribophagy,http://purl.obolibrary.org/obo/GO_0034517
GO:0034518,CC,RNA cap binding complex,http://purl.obolibrary.org/obo/GO_0034518
GO:0034551,BP,mitochondrial respiratory chain complex III assembly,http://purl.obolibrary.org/obo/GO_0034551
GO:0034552,BP,respiratory chain complex II assembly,http://purl.obolibrary.org/obo/GO_0034552
GO:0034553,BP,mitochondrial respiratory chain complex II assembly,http://purl.obolibrary.org/obo/GO_0034553
GO:0034587,BP,piRNA metabolic process,http://purl.obolibrary.org/obo/GO_0034587
GO:0034593,MF,phosphatidylinositol bisphosphate phosphatase activity,http://purl.obolibrary.org/obo/GO_0034593
GO:0034594,MF,phosphatidylinositol trisphosphate phosphatase activity,http://purl.obolibrary.org/obo/GO_0034594
GO:0034595,MF,phosphatidylinositol phosphate 5-phosphatase activity,http://purl.obolibrary.org/obo/GO_0034595
GO:0034596,MF,phosphatidylinositol phosphate 4-phosphatase activity,http://purl.obolibrary.org/obo/GO_0034596
GO:0034599,BP,cellular response to oxidative stress,http://purl.obolibrary.org/obo/GO_0034599
GO:0034601,MF,oxoglutarate dehydrogenase [NAD(P)+] activity,http://purl.obolibrary.org/obo/GO_0034601
GO:0034602,MF,oxoglutarate dehydrogenase (NAD+) activity,http://purl.obolibrary.org/obo/GO_0034602
GO:0034605,BP,cellular response to heat,http://purl.obolibrary.org/obo/GO_0034605
GO:0034614,BP,cellular response to reactive oxygen species,http://purl.obolibrary.org/obo/GO_0034614
GO:0034618,MF,arginine binding,http://purl.obolibrary.org/obo/GO_0034618
GO:0034620,BP,cellular response to unfolded protein,http://purl.obolibrary.org/obo/GO_0034620
GO:0034625,BP,"fatty acid elongation, monounsaturated fatty acid",http://purl.obolibrary.org/obo/GO_0034625
GO:0034626,BP,"fatty acid elongation, polyunsaturated fatty acid",http://purl.obolibrary.org/obo/GO_0034626
GO:0034627,BP,'de novo' NAD biosynthetic process,http://purl.obolibrary.org/obo/GO_0034627
GO:0034628,BP,'de novo' NAD biosynthetic process from aspartate,http://purl.obolibrary.org/obo/GO_0034628
GO:0034631,BP,microtubule anchoring at spindle pole body,http://purl.obolibrary.org/obo/GO_0034631
GO:0034635,BP,glutathione transport,http://purl.obolibrary.org/obo/GO_0034635
GO:0034638,BP,phosphatidylcholine catabolic process,http://purl.obolibrary.org/obo/GO_0034638
GO:0034639,MF,L-amino acid efflux transmembrane transporter activity,http://purl.obolibrary.org/obo/GO_0034639
GO:0034644,BP,cellular response to UV,http://purl.obolibrary.org/obo/GO_0034644
GO:0034647,MF,histone H3-tri/di/monomethyl-lysine-4 demethylase activity,http://purl.obolibrary.org/obo/GO_0034647
GO:0034654,BP,nucleobase-containing compound biosynthetic process,http://purl.obolibrary.org/obo/GO_0034654
GO:0034655,BP,nucleobase-containing compound catabolic process,http://purl.obolibrary.org/obo/GO_0034655
GO:0034656,BP,nucleobase-containing small molecule catabolic process,http://purl.obolibrary.org/obo/GO_0034656
GO:0034657,CC,GID complex,http://purl.obolibrary.org/obo/GO_0034657
GO:0034663,CC,endoplasmic reticulum chaperone complex,http://purl.obolibrary.org/obo/GO_0034663
GO:0034693,CC,U11/U12 snRNP,http://purl.obolibrary.org/obo/GO_0034693
GO:0034702,CC,ion channel complex,http://purl.obolibrary.org/obo/GO_0034702
GO:0034703,CC,cation channel complex,http://purl.obolibrary.org/obo/GO_0034703
GO:0034704,CC,calcium channel complex,http://purl.obolibrary.org/obo/GO_0034704
GO:0034705,CC,potassium channel complex,http://purl.obolibrary.org/obo/GO_0034705
GO:0034706,CC,sodium channel complex,http://purl.obolibrary.org/obo/GO_0034706
GO:0034708,CC,methyltransferase complex,http://purl.obolibrary.org/obo/GO_0034708
GO:0034715,CC,pICln-Sm protein complex,http://purl.obolibrary.org/obo/GO_0034715
GO:0034719,CC,SMN-Sm protein complex,http://purl.obolibrary.org/obo/GO_0034719
GO:0034722,MF,gamma-glutamyl-peptidase activity,http://purl.obolibrary.org/obo/GO_0034722
GO:0034727,BP,piecemeal microautophagy of the nucleus,http://purl.obolibrary.org/obo/GO_0034727
GO:0034728,BP,nucleosome organization,http://purl.obolibrary.org/obo/GO_0034728
GO:0034751,CC,aryl hydrocarbon receptor complex,http://purl.obolibrary.org/obo/GO_0034751
GO:0034755,BP,iron ion transmembrane transport,http://purl.obolibrary.org/obo/GO_0034755
GO:0034756,BP,regulation of iron ion transport,http://purl.obolibrary.org/obo/GO_0034756
GO:0034757,BP,negative regulation of iron ion transport,http://purl.obolibrary.org/obo/GO_0034757
GO:0034758,BP,positive regulation of iron ion transport,http://purl.obolibrary.org/obo/GO_0034758
GO:0034762,BP,regulation of transmembrane transport,http://purl.obolibrary.org/obo/GO_0034762
GO:0034763,BP,negative regulation of transmembrane transport,http://purl.obolibrary.org/obo/GO_0034763
GO:0034764,BP,positive regulation of transmembrane transport,http://purl.obolibrary.org/obo/GO_0034764
GO:0034765,BP,regulation of ion transmembrane transport,http://purl.obolibrary.org/obo/GO_0034765
GO:0034766,BP,negative regulation of ion transmembrane transport,http://purl.obolibrary.org/obo/GO_0034766
GO:0034767,BP,positive regulation of ion transmembrane transport,http://purl.obolibrary.org/obo/GO_0034767
GO:0034768,MF,(E)-beta-ocimene synthase activity,http://purl.obolibrary.org/obo/GO_0034768
GO:0034775,BP,glutathione transmembrane transport,http://purl.obolibrary.org/obo/GO_0034775
GO:0034785,MF,salicylate 5-hydroxylase activity,http://purl.obolibrary.org/obo/GO_0034785
GO:0034963,BP,box C/D RNA processing,http://purl.obolibrary.org/obo/GO_0034963
GO:0034964,BP,box H/ACA RNA processing,http://purl.obolibrary.org/obo/GO_0034964
GO:0034975,BP,protein folding in endoplasmic reticulum,http://purl.obolibrary.org/obo/GO_0034975
GO:0034976,BP,response to endoplasmic reticulum stress,http://purl.obolibrary.org/obo/GO_0034976
GO:0034979,MF,NAD-dependent protein deacetylase activity,http://purl.obolibrary.org/obo/GO_0034979
GO:0034982,BP,mitochondrial protein processing,http://purl.obolibrary.org/obo/GO_0034982
GO:0034986,MF,iron chaperone activity,http://purl.obolibrary.org/obo/GO_0034986
GO:0035005,MF,1-phosphatidylinositol-4-phosphate 3-kinase activity,http://purl.obolibrary.org/obo/GO_0035005
GO:0035014,MF,phosphatidylinositol 3-kinase regulator activity,http://purl.obolibrary.org/obo/GO_0035014
GO:0035017,BP,cuticle pattern formation,http://purl.obolibrary.org/obo/GO_0035017
GO:0035019,BP,somatic stem cell population maintenance,http://purl.obolibrary.org/obo/GO_0035019
GO:0035023,BP,regulation of Rho protein signal transduction,http://purl.obolibrary.org/obo/GO_0035023
GO:0035024,BP,negative regulation of Rho protein signal transduction,http://purl.obolibrary.org/obo/GO_0035024
GO:0035032,CC,"phosphatidylinositol 3-kinase complex, class III",http://purl.obolibrary.org/obo/GO_0035032
GO:0035061,CC,interchromatin granule,http://purl.obolibrary.org/obo/GO_0035061
GO:0035064,MF,methylated histone binding,http://purl.obolibrary.org/obo/GO_0035064
GO:0035082,BP,axoneme assembly,http://purl.obolibrary.org/obo/GO_0035082
GO:0035091,MF,phosphatidylinositol binding,http://purl.obolibrary.org/obo/GO_0035091
GO:0035097,CC,histone methyltransferase complex,http://purl.obolibrary.org/obo/GO_0035097
GO:0035098,CC,ESC/E(Z) complex,http://purl.obolibrary.org/obo/GO_0035098
GO:0035101,CC,FACT complex,http://purl.obolibrary.org/obo/GO_0035101
GO:0035102,CC,PRC1 complex,http://purl.obolibrary.org/obo/GO_0035102
GO:0035145,CC,exon-exon junction complex,http://purl.obolibrary.org/obo/GO_0035145
GO:0035173,MF,histone kinase activity,http://purl.obolibrary.org/obo/GO_0035173
GO:0035175,MF,histone kinase activity (H3-S10 specific),http://purl.obolibrary.org/obo/GO_0035175
GO:0035194,BP,post-transcriptional gene silencing by RNA,http://purl.obolibrary.org/obo/GO_0035194
GO:0035195,BP,gene silencing by miRNA,http://purl.obolibrary.org/obo/GO_0035195
GO:0035196,BP,production of miRNAs involved in gene silencing by miRNA,http://purl.obolibrary.org/obo/GO_0035196
GO:0035197,MF,siRNA binding,http://purl.obolibrary.org/obo/GO_0035197
GO:0035198,MF,miRNA binding,http://purl.obolibrary.org/obo/GO_0035198
GO:0035241,MF,protein-arginine omega-N monomethyltransferase activity,http://purl.obolibrary.org/obo/GO_0035241
GO:0035242,MF,protein-arginine omega-N asymmetric methyltransferase activity,http://purl.obolibrary.org/obo/GO_0035242
GO:0035243,MF,protein-arginine omega-N symmetric methyltransferase activity,http://purl.obolibrary.org/obo/GO_0035243
GO:0035246,BP,peptidyl-arginine N-methylation,http://purl.obolibrary.org/obo/GO_0035246
GO:0035247,BP,peptidyl-arginine omega-N-methylation,http://purl.obolibrary.org/obo/GO_0035247
GO:0035250,MF,UDP-galactosyltransferase activity,http://purl.obolibrary.org/obo/GO_0035250
GO:0035251,MF,UDP-glucosyltransferase activity,http://purl.obolibrary.org/obo/GO_0035251
GO:0035252,MF,UDP-xylosyltransferase activity,http://purl.obolibrary.org/obo/GO_0035252
GO:0035253,CC,ciliary rootlet,http://purl.obolibrary.org/obo/GO_0035253
GO:0035264,BP,multicellular organism growth,http://purl.obolibrary.org/obo/GO_0035264
GO:0035265,BP,organ growth,http://purl.obolibrary.org/obo/GO_0035265
GO:0035266,BP,meristem growth,http://purl.obolibrary.org/obo/GO_0035266
GO:0035267,CC,NuA4 histone acetyltransferase complex,http://purl.obolibrary.org/obo/GO_0035267
GO:0035268,BP,protein mannosylation,http://purl.obolibrary.org/obo/GO_0035268
GO:0035269,BP,protein O-linked mannosylation,http://purl.obolibrary.org/obo/GO_0035269
GO:0035278,BP,miRNA mediated inhibition of translation,http://purl.obolibrary.org/obo/GO_0035278
GO:0035279,BP,mRNA cleavage involved in gene silencing by miRNA,http://purl.obolibrary.org/obo/GO_0035279
GO:0035299,MF,inositol pentakisphosphate 2-kinase activity,http://purl.obolibrary.org/obo/GO_0035299
GO:0035303,BP,regulation of dephosphorylation,http://purl.obolibrary.org/obo/GO_0035303
GO:0035304,BP,regulation of protein dephosphorylation,http://purl.obolibrary.org/obo/GO_0035304
GO:0035305,BP,negative regulation of dephosphorylation,http://purl.obolibrary.org/obo/GO_0035305
GO:0035306,BP,positive regulation of dephosphorylation,http://purl.obolibrary.org/obo/GO_0035306
GO:0035308,BP,negative regulation of protein dephosphorylation,http://purl.obolibrary.org/obo/GO_0035308
GO:0035312,MF,5'-3' exodeoxyribonuclease activity,http://purl.obolibrary.org/obo/GO_0035312
GO:0035335,BP,peptidyl-tyrosine dephosphorylation,http://purl.obolibrary.org/obo/GO_0035335
GO:0035336,BP,long-chain fatty-acyl-CoA metabolic process,http://purl.obolibrary.org/obo/GO_0035336
GO:0035337,BP,fatty-acyl-CoA metabolic process,http://purl.obolibrary.org/obo/GO_0035337
GO:0035339,CC,SPOTS complex,http://purl.obolibrary.org/obo/GO_0035339
GO:0035344,BP,hypoxanthine transport,http://purl.obolibrary.org/obo/GO_0035344
GO:0035349,BP,coenzyme A transmembrane transport,http://purl.obolibrary.org/obo/GO_0035349
GO:0035350,BP,FAD transmembrane transport,http://purl.obolibrary.org/obo/GO_0035350
GO:0035352,BP,NAD transmembrane transport,http://purl.obolibrary.org/obo/GO_0035352
GO:0035368,MF,selenocysteine insertion sequence binding,http://purl.obolibrary.org/obo/GO_0035368
GO:0035371,CC,microtubule plus-end,http://purl.obolibrary.org/obo/GO_0035371
GO:0035372,BP,protein localization to microtubule,http://purl.obolibrary.org/obo/GO_0035372
GO:0035383,BP,thioester metabolic process,http://purl.obolibrary.org/obo/GO_0035383
GO:0035384,BP,thioester biosynthetic process,http://purl.obolibrary.org/obo/GO_0035384
GO:0035402,MF,histone kinase activity (H3-T11 specific),http://purl.obolibrary.org/obo/GO_0035402
GO:0035433,BP,acetate transmembrane transport,http://purl.obolibrary.org/obo/GO_0035433
GO:0035434,BP,copper ion transmembrane transport,http://purl.obolibrary.org/obo/GO_0035434
GO:0035435,BP,phosphate ion transmembrane transport,http://purl.obolibrary.org/obo/GO_0035435
GO:0035436,BP,triose phosphate transmembrane transport,http://purl.obolibrary.org/obo/GO_0035436
GO:0035437,BP,maintenance of protein localization in endoplasmic reticulum,http://purl.obolibrary.org/obo/GO_0035437
GO:0035442,BP,dipeptide transmembrane transport,http://purl.obolibrary.org/obo/GO_0035442
GO:0035443,BP,tripeptide transmembrane transport,http://purl.obolibrary.org/obo/GO_0035443
GO:0035444,BP,nickel cation transmembrane transport,http://purl.obolibrary.org/obo/GO_0035444
GO:0035445,BP,borate transmembrane transport,http://purl.obolibrary.org/obo/GO_0035445
GO:0035448,CC,extrinsic component of thylakoid membrane,http://purl.obolibrary.org/obo/GO_0035448
GO:0035449,CC,extrinsic component of plastid thylakoid membrane,http://purl.obolibrary.org/obo/GO_0035449
GO:0035451,CC,extrinsic component of stromal side of plastid thylakoid membrane,http://purl.obolibrary.org/obo/GO_0035451
GO:0035452,CC,extrinsic component of plastid membrane,http://purl.obolibrary.org/obo/GO_0035452
GO:0035459,BP,vesicle cargo loading,http://purl.obolibrary.org/obo/GO_0035459
GO:0035461,BP,vitamin transmembrane transport,http://purl.obolibrary.org/obo/GO_0035461
GO:0035485,MF,adenine/guanine mispair binding,http://purl.obolibrary.org/obo/GO_0035485
GO:0035493,BP,SNARE complex assembly,http://purl.obolibrary.org/obo/GO_0035493
GO:0035494,BP,SNARE complex disassembly,http://purl.obolibrary.org/obo/GO_0035494
GO:0035510,BP,DNA dealkylation,http://purl.obolibrary.org/obo/GO_0035510
GO:0035513,BP,oxidative RNA demethylation,http://purl.obolibrary.org/obo/GO_0035513
GO:0035514,MF,DNA demethylase activity,http://purl.obolibrary.org/obo/GO_0035514
GO:0035515,MF,oxidative RNA demethylase activity,http://purl.obolibrary.org/obo/GO_0035515
GO:0035516,MF,oxidative DNA demethylase activity,http://purl.obolibrary.org/obo/GO_0035516
GO:0035524,BP,proline transmembrane transport,http://purl.obolibrary.org/obo/GO_0035524
GO:0035529,MF,NADH pyrophosphatase activity,http://purl.obolibrary.org/obo/GO_0035529
GO:0035539,MF,"8-oxo-7,8-dihydrodeoxyguanosine triphosphate pyrophosphatase activity",http://purl.obolibrary.org/obo/GO_0035539
GO:0035556,BP,intracellular signal transduction,http://purl.obolibrary.org/obo/GO_0035556
GO:0035560,MF,pheophorbidase activity,http://purl.obolibrary.org/obo/GO_0035560
GO:0035561,BP,regulation of chromatin binding,http://purl.obolibrary.org/obo/GO_0035561
GO:0035563,BP,positive regulation of chromatin binding,http://purl.obolibrary.org/obo/GO_0035563
GO:0035589,BP,G protein-coupled purinergic nucleotide receptor signaling pathway,http://purl.obolibrary.org/obo/GO_0035589
GO:0035590,BP,purinergic nucleotide receptor signaling pathway,http://purl.obolibrary.org/obo/GO_0035590
GO:0035591,MF,signaling adaptor activity,http://purl.obolibrary.org/obo/GO_0035591
GO:0035592,BP,establishment of protein localization to extracellular region,http://purl.obolibrary.org/obo/GO_0035592
GO:0035596,MF,methylthiotransferase activity,http://purl.obolibrary.org/obo/GO_0035596
GO:0035597,MF,N6-isopentenyladenosine methylthiotransferase activity,http://purl.obolibrary.org/obo/GO_0035597
GO:0035598,MF,N6-threonylcarbomyladenosine methylthiotransferase activity,http://purl.obolibrary.org/obo/GO_0035598
GO:0035599,MF,aspartic acid methylthiotransferase activity,http://purl.obolibrary.org/obo/GO_0035599
GO:0035600,BP,tRNA methylthiolation,http://purl.obolibrary.org/obo/GO_0035600
GO:0035601,BP,protein deacylation,http://purl.obolibrary.org/obo/GO_0035601
GO:0035605,MF,peptidyl-cysteine S-nitrosylase activity,http://purl.obolibrary.org/obo/GO_0035605
GO:0035606,BP,peptidyl-cysteine S-trans-nitrosylation,http://purl.obolibrary.org/obo/GO_0035606
GO:0035615,MF,clathrin adaptor activity,http://purl.obolibrary.org/obo/GO_0035615
GO:0035618,CC,root hair,http://purl.obolibrary.org/obo/GO_0035618
GO:0035619,CC,root hair tip,http://purl.obolibrary.org/obo/GO_0035619
GO:0035627,BP,ceramide transport,http://purl.obolibrary.org/obo/GO_0035627
GO:0035639,MF,purine ribonucleoside triphosphate binding,http://purl.obolibrary.org/obo/GO_0035639
GO:0035642,MF,histone methyltransferase activity (H3-R17 specific),http://purl.obolibrary.org/obo/GO_0035642
GO:0035652,BP,clathrin-coated vesicle cargo loading,http://purl.obolibrary.org/obo/GO_0035652
GO:0035653,BP,"clathrin-coated vesicle cargo loading, AP-1-mediated",http://purl.obolibrary.org/obo/GO_0035653
GO:0035657,CC,eRF1 methyltransferase complex,http://purl.obolibrary.org/obo/GO_0035657
GO:0035658,CC,Mon1-Ccz1 complex,http://purl.obolibrary.org/obo/GO_0035658
GO:0035670,BP,plant-type ovary development,http://purl.obolibrary.org/obo/GO_0035670
GO:0035671,MF,enone reductase activity,http://purl.obolibrary.org/obo/GO_0035671
GO:0035672,BP,oligopeptide transmembrane transport,http://purl.obolibrary.org/obo/GO_0035672
GO:0035673,MF,oligopeptide transmembrane transporter activity,http://purl.obolibrary.org/obo/GO_0035673
GO:0035674,BP,tricarboxylic acid transmembrane transport,http://purl.obolibrary.org/obo/GO_0035674
GO:0035720,BP,intraciliary anterograde transport,http://purl.obolibrary.org/obo/GO_0035720
GO:0035721,BP,intraciliary retrograde transport,http://purl.obolibrary.org/obo/GO_0035721
GO:0035725,BP,sodium ion transmembrane transport,http://purl.obolibrary.org/obo/GO_0035725
GO:0035735,BP,intraciliary transport involved in cilium assembly,http://purl.obolibrary.org/obo/GO_0035735
GO:0035770,CC,ribonucleoprotein granule,http://purl.obolibrary.org/obo/GO_0035770
GO:0035798,MF,2-alkenal reductase (NADP+) activity,http://purl.obolibrary.org/obo/GO_0035798
GO:0035821,BP,modulation of process of other organism,http://purl.obolibrary.org/obo/GO_0035821
GO:0035825,BP,homologous recombination,http://purl.obolibrary.org/obo/GO_0035825
GO:0035834,BP,indole alkaloid metabolic process,http://purl.obolibrary.org/obo/GO_0035834
GO:0035835,BP,indole alkaloid biosynthetic process,http://purl.obolibrary.org/obo/GO_0035835
GO:0035838,CC,growing cell tip,http://purl.obolibrary.org/obo/GO_0035838
GO:0035859,CC,Seh1-associated complex,http://purl.obolibrary.org/obo/GO_0035859
GO:0035861,CC,site of double-strand break,http://purl.obolibrary.org/obo/GO_0035861
GO:0035864,BP,response to potassium ion,http://purl.obolibrary.org/obo/GO_0035864
GO:0035865,BP,cellular response to potassium ion,http://purl.obolibrary.org/obo/GO_0035865
GO:0035869,CC,ciliary transition zone,http://purl.obolibrary.org/obo/GO_0035869
GO:0035873,BP,lactate transmembrane transport,http://purl.obolibrary.org/obo/GO_0035873
GO:0035874,BP,cellular response to copper ion starvation,http://purl.obolibrary.org/obo/GO_0035874
GO:0035875,BP,"maintenance of meiotic sister chromatid cohesion, centromeric",http://purl.obolibrary.org/obo/GO_0035875
GO:0035884,BP,arabinan biosynthetic process,http://purl.obolibrary.org/obo/GO_0035884
GO:0035885,MF,exochitinase activity,http://purl.obolibrary.org/obo/GO_0035885
GO:0035902,BP,response to immobilization stress,http://purl.obolibrary.org/obo/GO_0035902
GO:0035925,MF,mRNA 3'-UTR AU-rich region binding,http://purl.obolibrary.org/obo/GO_0035925
GO:0035927,BP,RNA import into mitochondrion,http://purl.obolibrary.org/obo/GO_0035927
GO:0035964,BP,COPI-coated vesicle budding,http://purl.obolibrary.org/obo/GO_0035964
GO:0035966,BP,response to topologically incorrect protein,http://purl.obolibrary.org/obo/GO_0035966
GO:0035967,BP,cellular response to topologically incorrect protein,http://purl.obolibrary.org/obo/GO_0035967
GO:0035970,BP,peptidyl-threonine dephosphorylation,http://purl.obolibrary.org/obo/GO_0035970
GO:0035973,BP,aggrephagy,http://purl.obolibrary.org/obo/GO_0035973
GO:0035987,BP,endodermal cell differentiation,http://purl.obolibrary.org/obo/GO_0035987
GO:0035999,BP,tetrahydrofolate interconversion,http://purl.obolibrary.org/obo/GO_0035999
GO:0036002,MF,pre-mRNA binding,http://purl.obolibrary.org/obo/GO_0036002
GO:0036009,MF,protein-glutamine N-methyltransferase activity,http://purl.obolibrary.org/obo/GO_0036009
GO:0036010,BP,protein localization to endosome,http://purl.obolibrary.org/obo/GO_0036010
GO:0036019,CC,endolysosome,http://purl.obolibrary.org/obo/GO_0036019
GO:0036020,CC,endolysosome membrane,http://purl.obolibrary.org/obo/GO_0036020
GO:0036033,MF,mediator complex binding,http://purl.obolibrary.org/obo/GO_0036033
GO:0036038,CC,MKS complex,http://purl.obolibrary.org/obo/GO_0036038
GO:0036048,BP,protein desuccinylation,http://purl.obolibrary.org/obo/GO_0036048
GO:0036049,BP,peptidyl-lysine desuccinylation,http://purl.obolibrary.org/obo/GO_0036049
GO:0036054,MF,protein-malonyllysine demalonylase activity,http://purl.obolibrary.org/obo/GO_0036054
GO:0036055,MF,protein-succinyllysine desuccinylase activity,http://purl.obolibrary.org/obo/GO_0036055
GO:0036064,CC,ciliary basal body,http://purl.obolibrary.org/obo/GO_0036064
GO:0036065,BP,fucosylation,http://purl.obolibrary.org/obo/GO_0036065
GO:0036066,BP,protein O-linked fucosylation,http://purl.obolibrary.org/obo/GO_0036066
GO:0036071,BP,N-glycan fucosylation,http://purl.obolibrary.org/obo/GO_0036071
GO:0036080,MF,purine nucleotide-sugar transmembrane transporter activity,http://purl.obolibrary.org/obo/GO_0036080
GO:0036088,BP,D-serine catabolic process,http://purl.obolibrary.org/obo/GO_0036088
GO:0036092,BP,phosphatidylinositol-3-phosphate biosynthetic process,http://purl.obolibrary.org/obo/GO_0036092
GO:0036094,MF,small molecule binding,http://purl.obolibrary.org/obo/GO_0036094
GO:0036109,BP,alpha-linolenic acid metabolic process,http://purl.obolibrary.org/obo/GO_0036109
GO:0036115,BP,fatty-acyl-CoA catabolic process,http://purl.obolibrary.org/obo/GO_0036115
GO:0036137,MF,kynurenine aminotransferase activity,http://purl.obolibrary.org/obo/GO_0036137
GO:0036156,CC,inner dynein arm,http://purl.obolibrary.org/obo/GO_0036156
GO:0036157,CC,outer dynein arm,http://purl.obolibrary.org/obo/GO_0036157
GO:0036158,BP,outer dynein arm assembly,http://purl.obolibrary.org/obo/GO_0036158
GO:0036159,BP,inner dynein arm assembly,http://purl.obolibrary.org/obo/GO_0036159
GO:0036166,BP,phenotypic switching,http://purl.obolibrary.org/obo/GO_0036166
GO:0036172,BP,thiamine salvage,http://purl.obolibrary.org/obo/GO_0036172
GO:0036201,MF,ent-isokaurene C2-hydroxylase activity,http://purl.obolibrary.org/obo/GO_0036201
GO:0036202,MF,"ent-cassa-12,15-diene 11-hydroxylase activity",http://purl.obolibrary.org/obo/GO_0036202
GO:0036203,MF,taxoid 14-beta-hydroxylase activity,http://purl.obolibrary.org/obo/GO_0036203
GO:0036209,MF,"9beta-pimara-7,15-diene oxidase activity",http://purl.obolibrary.org/obo/GO_0036209
GO:0036211,BP,protein modification process,http://purl.obolibrary.org/obo/GO_0036211
GO:0036228,BP,protein localization to nuclear inner membrane,http://purl.obolibrary.org/obo/GO_0036228
GO:0036239,MF,taxoid 7beta-hydroxylase activity,http://purl.obolibrary.org/obo/GO_0036239
GO:0036257,BP,multivesicular body organization,http://purl.obolibrary.org/obo/GO_0036257
GO:0036258,BP,multivesicular body assembly,http://purl.obolibrary.org/obo/GO_0036258
GO:0036260,BP,RNA capping,http://purl.obolibrary.org/obo/GO_0036260
GO:0036261,BP,7-methylguanosine cap hypermethylation,http://purl.obolibrary.org/obo/GO_0036261
GO:0036265,BP,RNA (guanine-N7)-methylation,http://purl.obolibrary.org/obo/GO_0036265
GO:0036289,BP,peptidyl-serine autophosphorylation,http://purl.obolibrary.org/obo/GO_0036289
GO:0036290,BP,protein trans-autophosphorylation,http://purl.obolibrary.org/obo/GO_0036290
GO:0036292,BP,DNA rewinding,http://purl.obolibrary.org/obo/GO_0036292
GO:0036293,BP,response to decreased oxygen levels,http://purl.obolibrary.org/obo/GO_0036293
GO:0036294,BP,cellular response to decreased oxygen levels,http://purl.obolibrary.org/obo/GO_0036294
GO:0036297,BP,interstrand cross-link repair,http://purl.obolibrary.org/obo/GO_0036297
GO:0036313,MF,phosphatidylinositol 3-kinase catalytic subunit binding,http://purl.obolibrary.org/obo/GO_0036313
GO:0036361,MF,"racemase activity, acting on amino acids and derivatives",http://purl.obolibrary.org/obo/GO_0036361
GO:0036374,MF,glutathione hydrolase activity,http://purl.obolibrary.org/obo/GO_0036374
GO:0036376,BP,sodium ion export across plasma membrane,http://purl.obolibrary.org/obo/GO_0036376
GO:0036377,BP,arbuscular mycorrhizal association,http://purl.obolibrary.org/obo/GO_0036377
GO:0036387,CC,pre-replicative complex,http://purl.obolibrary.org/obo/GO_0036387
GO:0036396,CC,RNA N6-methyladenosine methyltransferase complex,http://purl.obolibrary.org/obo/GO_0036396
GO:0036402,MF,proteasome-activating activity,http://purl.obolibrary.org/obo/GO_0036402
GO:0036424,MF,L-phosphoserine phosphatase activity,http://purl.obolibrary.org/obo/GO_0036424
GO:0036435,MF,K48-linked polyubiquitin modification-dependent protein binding,http://purl.obolibrary.org/obo/GO_0036435
GO:0036440,MF,citrate synthase activity,http://purl.obolibrary.org/obo/GO_0036440
GO:0036444,BP,calcium import into the mitochondrion,http://purl.obolibrary.org/obo/GO_0036444
GO:0036449,CC,microtubule minus-end,http://purl.obolibrary.org/obo/GO_0036449
GO:0036452,CC,ESCRT complex,http://purl.obolibrary.org/obo/GO_0036452
GO:0036456,MF,L-methionine-(S)-S-oxide reductase activity,http://purl.obolibrary.org/obo/GO_0036456
GO:0036464,CC,cytoplasmic ribonucleoprotein granule,http://purl.obolibrary.org/obo/GO_0036464
GO:0036469,MF,L-tryptophan decarboxylase activity,http://purl.obolibrary.org/obo/GO_0036469
GO:0036498,BP,IRE1-mediated unfolded protein response,http://purl.obolibrary.org/obo/GO_0036498
GO:0036503,BP,ERAD pathway,http://purl.obolibrary.org/obo/GO_0036503
GO:0038023,MF,signaling receptor activity,http://purl.obolibrary.org/obo/GO_0038023
GO:0038024,MF,cargo receptor activity,http://purl.obolibrary.org/obo/GO_0038024
GO:0038187,MF,pattern recognition receptor activity,http://purl.obolibrary.org/obo/GO_0038187
GO:0038198,MF,auxin receptor activity,http://purl.obolibrary.org/obo/GO_0038198
GO:0038199,MF,ethylene receptor activity,http://purl.obolibrary.org/obo/GO_0038199
GO:0038201,CC,TOR complex,http://purl.obolibrary.org/obo/GO_0038201
GO:0038202,BP,TORC1 signaling,http://purl.obolibrary.org/obo/GO_0038202
GO:0038203,BP,TORC2 signaling,http://purl.obolibrary.org/obo/GO_0038203
GO:0039694,BP,viral RNA genome replication,http://purl.obolibrary.org/obo/GO_0039694
GO:0040001,BP,establishment of mitotic spindle localization,http://purl.obolibrary.org/obo/GO_0040001
GO:0040007,BP,growth,http://purl.obolibrary.org/obo/GO_0040007
GO:0040008,BP,regulation of growth,http://purl.obolibrary.org/obo/GO_0040008
GO:0040009,BP,regulation of growth rate,http://purl.obolibrary.org/obo/GO_0040009
GO:0040010,BP,positive regulation of growth rate,http://purl.obolibrary.org/obo/GO_0040010
GO:0040011,BP,locomotion,http://purl.obolibrary.org/obo/GO_0040011
GO:0040012,BP,regulation of locomotion,http://purl.obolibrary.org/obo/GO_0040012
GO:0040013,BP,negative regulation of locomotion,http://purl.obolibrary.org/obo/GO_0040013
GO:0040014,BP,regulation of multicellular organism growth,http://purl.obolibrary.org/obo/GO_0040014
GO:0040015,BP,negative regulation of multicellular organism growth,http://purl.obolibrary.org/obo/GO_0040015
GO:0040017,BP,positive regulation of locomotion,http://purl.obolibrary.org/obo/GO_0040017
GO:0040019,BP,positive regulation of embryonic development,http://purl.obolibrary.org/obo/GO_0040019
GO:0040020,BP,regulation of meiotic nuclear division,http://purl.obolibrary.org/obo/GO_0040020
GO:0040029,BP,"regulation of gene expression, epigenetic",http://purl.obolibrary.org/obo/GO_0040029
GO:0040031,BP,snRNA modification,http://purl.obolibrary.org/obo/GO_0040031
GO:0040034,BP,"regulation of development, heterochronic",http://purl.obolibrary.org/obo/GO_0040034
GO:0042023,BP,DNA endoreduplication,http://purl.obolibrary.org/obo/GO_0042023
GO:0042025,CC,host cell nucleus,http://purl.obolibrary.org/obo/GO_0042025
GO:0042026,BP,protein refolding,http://purl.obolibrary.org/obo/GO_0042026
GO:0042040,BP,metal incorporation into metallo-molybdopterin complex,http://purl.obolibrary.org/obo/GO_0042040
GO:0042044,BP,fluid transport,http://purl.obolibrary.org/obo/GO_0042044
GO:0042054,MF,histone methyltransferase activity,http://purl.obolibrary.org/obo/GO_0042054
GO:0042060,BP,wound healing,http://purl.obolibrary.org/obo/GO_0042060
GO:0042073,BP,intraciliary transport,http://purl.obolibrary.org/obo/GO_0042073
GO:0042083,MF,"5,10-methylenetetrahydrofolate-dependent methyltransferase activity",http://purl.obolibrary.org/obo/GO_0042083
GO:0042084,MF,5-methyltetrahydrofolate-dependent methyltransferase activity,http://purl.obolibrary.org/obo/GO_0042084
GO:0042085,MF,5-methyltetrahydropteroyltri-L-glutamate-dependent methyltransferase activity,http://purl.obolibrary.org/obo/GO_0042085
GO:0042126,BP,nitrate metabolic process,http://purl.obolibrary.org/obo/GO_0042126
GO:0042127,BP,regulation of cell population proliferation,http://purl.obolibrary.org/obo/GO_0042127
GO:0042128,BP,nitrate assimilation,http://purl.obolibrary.org/obo/GO_0042128
GO:0042131,MF,thiamine phosphate phosphatase activity,http://purl.obolibrary.org/obo/GO_0042131
GO:0042132,MF,"fructose 1,6-bisphosphate 1-phosphatase activity",http://purl.obolibrary.org/obo/GO_0042132
GO:0042134,MF,rRNA primary transcript binding,http://purl.obolibrary.org/obo/GO_0042134
GO:0042138,BP,meiotic DNA double-strand break formation,http://purl.obolibrary.org/obo/GO_0042138
GO:0042144,BP,"vacuole fusion, non-autophagic",http://purl.obolibrary.org/obo/GO_0042144
GO:0042147,BP,"retrograde transport, endosome to Golgi",http://purl.obolibrary.org/obo/GO_0042147
GO:0042148,BP,strand invasion,http://purl.obolibrary.org/obo/GO_0042148
GO:0042149,BP,cellular response to glucose starvation,http://purl.obolibrary.org/obo/GO_0042149
GO:0042157,BP,lipoprotein metabolic process,http://purl.obolibrary.org/obo/GO_0042157
GO:0042158,BP,lipoprotein biosynthetic process,http://purl.obolibrary.org/obo/GO_0042158
GO:0042162,MF,telomeric DNA binding,http://purl.obolibrary.org/obo/GO_0042162
GO:0042167,BP,heme catabolic process,http://purl.obolibrary.org/obo/GO_0042167
GO:0042168,BP,heme metabolic process,http://purl.obolibrary.org/obo/GO_0042168
GO:0042170,CC,plastid membrane,http://purl.obolibrary.org/obo/GO_0042170
GO:0042171,MF,lysophosphatidic acid acyltransferase activity,http://purl.obolibrary.org/obo/GO_0042171
GO:0042175,CC,nuclear outer membrane-endoplasmic reticulum membrane network,http://purl.obolibrary.org/obo/GO_0042175
GO:0042176,BP,regulation of protein catabolic process,http://purl.obolibrary.org/obo/GO_0042176
GO:0042177,BP,negative regulation of protein catabolic process,http://purl.obolibrary.org/obo/GO_0042177
GO:0042178,BP,xenobiotic catabolic process,http://purl.obolibrary.org/obo/GO_0042178
GO:0042179,BP,nicotine biosynthetic process,http://purl.obolibrary.org/obo/GO_0042179
GO:0042180,BP,cellular ketone metabolic process,http://purl.obolibrary.org/obo/GO_0042180
GO:0042181,BP,ketone biosynthetic process,http://purl.obolibrary.org/obo/GO_0042181
GO:0042182,BP,ketone catabolic process,http://purl.obolibrary.org/obo/GO_0042182
GO:0042214,BP,terpene metabolic process,http://purl.obolibrary.org/obo/GO_0042214
GO:0042218,BP,1-aminocyclopropane-1-carboxylate biosynthetic process,http://purl.obolibrary.org/obo/GO_0042218
GO:0042219,BP,cellular modified amino acid catabolic process,http://purl.obolibrary.org/obo/GO_0042219
GO:0042221,BP,response to chemical,http://purl.obolibrary.org/obo/GO_0042221
GO:0042245,BP,RNA repair,http://purl.obolibrary.org/obo/GO_0042245
GO:0042246,BP,tissue regeneration,http://purl.obolibrary.org/obo/GO_0042246
GO:0042254,BP,ribosome biogenesis,http://purl.obolibrary.org/obo/GO_0042254
GO:0042255,BP,ribosome assembly,http://purl.obolibrary.org/obo/GO_0042255
GO:0042256,BP,mature ribosome assembly,http://purl.obolibrary.org/obo/GO_0042256
GO:0042262,BP,DNA protection,http://purl.obolibrary.org/obo/GO_0042262
GO:0042273,BP,ribosomal large subunit biogenesis,http://purl.obolibrary.org/obo/GO_0042273
GO:0042274,BP,ribosomal small subunit biogenesis,http://purl.obolibrary.org/obo/GO_0042274
GO:0042276,BP,error-prone translesion synthesis,http://purl.obolibrary.org/obo/GO_0042276
GO:0042277,MF,peptide binding,http://purl.obolibrary.org/obo/GO_0042277
GO:0042278,BP,purine nucleoside metabolic process,http://purl.obolibrary.org/obo/GO_0042278
GO:0042281,MF,"dolichyl pyrophosphate Man9GlcNAc2 alpha-1,3-glucosyltransferase activity",http://purl.obolibrary.org/obo/GO_0042281
GO:0042283,MF,"dolichyl pyrophosphate Glc1Man9GlcNAc2 alpha-1,3-glucosyltransferase activity",http://purl.obolibrary.org/obo/GO_0042283
GO:0042284,MF,sphingolipid delta-4 desaturase activity,http://purl.obolibrary.org/obo/GO_0042284
GO:0042285,MF,xylosyltransferase activity,http://purl.obolibrary.org/obo/GO_0042285
GO:0042292,MF,URM1 activating enzyme activity,http://purl.obolibrary.org/obo/GO_0042292
GO:0042299,MF,lupeol synthase activity,http://purl.obolibrary.org/obo/GO_0042299
GO:0042300,MF,beta-amyrin synthase activity,http://purl.obolibrary.org/obo/GO_0042300
GO:0042301,MF,phosphate ion binding,http://purl.obolibrary.org/obo/GO_0042301
GO:0042304,BP,regulation of fatty acid biosynthetic process,http://purl.obolibrary.org/obo/GO_0042304
GO:0042306,BP,regulation of protein import into nucleus,http://purl.obolibrary.org/obo/GO_0042306
GO:0042325,BP,regulation of phosphorylation,http://purl.obolibrary.org/obo/GO_0042325
GO:0042326,BP,negative regulation of phosphorylation,http://purl.obolibrary.org/obo/GO_0042326
GO:0042327,BP,positive regulation of phosphorylation,http://purl.obolibrary.org/obo/GO_0042327
GO:0042330,BP,taxis,http://purl.obolibrary.org/obo/GO_0042330
GO:0042335,BP,cuticle development,http://purl.obolibrary.org/obo/GO_0042335
GO:0042341,BP,cyanogenic glycoside metabolic process,http://purl.obolibrary.org/obo/GO_0042341
GO:0042343,BP,indole glucosinolate metabolic process,http://purl.obolibrary.org/obo/GO_0042343
GO:0042344,BP,indole glucosinolate catabolic process,http://purl.obolibrary.org/obo/GO_0042344
GO:0042349,MF,guiding stereospecific synthesis activity,http://purl.obolibrary.org/obo/GO_0042349
GO:0042350,BP,GDP-L-fucose biosynthetic process,http://purl.obolibrary.org/obo/GO_0042350
GO:0042351,BP,'de novo' GDP-L-fucose biosynthetic process,http://purl.obolibrary.org/obo/GO_0042351
GO:0042352,BP,GDP-L-fucose salvage,http://purl.obolibrary.org/obo/GO_0042352
GO:0042353,BP,fucose biosynthetic process,http://purl.obolibrary.org/obo/GO_0042353
GO:0042354,BP,L-fucose metabolic process,http://purl.obolibrary.org/obo/GO_0042354
GO:0042355,BP,L-fucose catabolic process,http://purl.obolibrary.org/obo/GO_0042355
GO:0042357,BP,thiamine diphosphate metabolic process,http://purl.obolibrary.org/obo/GO_0042357
GO:0042360,BP,vitamin E metabolic process,http://purl.obolibrary.org/obo/GO_0042360
GO:0042362,BP,fat-soluble vitamin biosynthetic process,http://purl.obolibrary.org/obo/GO_0042362
GO:0042364,BP,water-soluble vitamin biosynthetic process,http://purl.obolibrary.org/obo/GO_0042364
GO:0042365,BP,water-soluble vitamin catabolic process,http://purl.obolibrary.org/obo/GO_0042365
GO:0042371,BP,vitamin K biosynthetic process,http://purl.obolibrary.org/obo/GO_0042371
GO:0042372,BP,phylloquinone biosynthetic process,http://purl.obolibrary.org/obo/GO_0042372
GO:0042373,BP,vitamin K metabolic process,http://purl.obolibrary.org/obo/GO_0042373
GO:0042374,BP,phylloquinone metabolic process,http://purl.obolibrary.org/obo/GO_0042374
GO:0042389,MF,omega-3 fatty acid desaturase activity,http://purl.obolibrary.org/obo/GO_0042389
GO:0042391,BP,regulation of membrane potential,http://purl.obolibrary.org/obo/GO_0042391
GO:0042392,MF,sphingosine-1-phosphate phosphatase activity,http://purl.obolibrary.org/obo/GO_0042392
GO:0042393,MF,histone binding,http://purl.obolibrary.org/obo/GO_0042393
GO:0042398,BP,cellular modified amino acid biosynthetic process,http://purl.obolibrary.org/obo/GO_0042398
GO:0042401,BP,cellular biogenic amine biosynthetic process,http://purl.obolibrary.org/obo/GO_0042401
GO:0042402,BP,cellular biogenic amine catabolic process,http://purl.obolibrary.org/obo/GO_0042402
GO:0042406,CC,extrinsic component of endoplasmic reticulum membrane,http://purl.obolibrary.org/obo/GO_0042406
GO:0042407,BP,cristae formation,http://purl.obolibrary.org/obo/GO_0042407
GO:0042409,MF,caffeoyl-CoA O-methyltransferase activity,http://purl.obolibrary.org/obo/GO_0042409
GO:0042425,BP,choline biosynthetic process,http://purl.obolibrary.org/obo/GO_0042425
GO:0042427,BP,serotonin biosynthetic process,http://purl.obolibrary.org/obo/GO_0042427
GO:0042428,BP,serotonin metabolic process,http://purl.obolibrary.org/obo/GO_0042428
GO:0042430,BP,indole-containing compound metabolic process,http://purl.obolibrary.org/obo/GO_0042430
GO:0042435,BP,indole-containing compound biosynthetic process,http://purl.obolibrary.org/obo/GO_0042435
GO:0042436,BP,indole-containing compound catabolic process,http://purl.obolibrary.org/obo/GO_0042436
GO:0042439,BP,ethanolamine-containing compound metabolic process,http://purl.obolibrary.org/obo/GO_0042439
GO:0042440,BP,pigment metabolic process,http://purl.obolibrary.org/obo/GO_0042440
GO:0042445,BP,hormone metabolic process,http://purl.obolibrary.org/obo/GO_0042445
GO:0042446,BP,hormone biosynthetic process,http://purl.obolibrary.org/obo/GO_0042446
GO:0042447,BP,hormone catabolic process,http://purl.obolibrary.org/obo/GO_0042447
GO:0042450,BP,arginine biosynthetic process via ornithine,http://purl.obolibrary.org/obo/GO_0042450
GO:0042451,BP,purine nucleoside biosynthetic process,http://purl.obolibrary.org/obo/GO_0042451
GO:0042454,BP,ribonucleoside catabolic process,http://purl.obolibrary.org/obo/GO_0042454
GO:0042455,BP,ribonucleoside biosynthetic process,http://purl.obolibrary.org/obo/GO_0042455
GO:0042500,MF,"aspartic endopeptidase activity, intramembrane cleaving",http://purl.obolibrary.org/obo/GO_0042500
GO:0042509,BP,regulation of tyrosine phosphorylation of STAT protein,http://purl.obolibrary.org/obo/GO_0042509
GO:0042531,BP,positive regulation of tyrosine phosphorylation of STAT protein,http://purl.obolibrary.org/obo/GO_0042531
GO:0042537,BP,benzene-containing compound metabolic process,http://purl.obolibrary.org/obo/GO_0042537
GO:0042538,BP,hyperosmotic salinity response,http://purl.obolibrary.org/obo/GO_0042538
GO:0042539,BP,hypotonic salinity response,http://purl.obolibrary.org/obo/GO_0042539
GO:0042542,BP,response to hydrogen peroxide,http://purl.obolibrary.org/obo/GO_0042542
GO:0042543,BP,protein N-linked glycosylation via arginine,http://purl.obolibrary.org/obo/GO_0042543
GO:0042545,BP,cell wall modification,http://purl.obolibrary.org/obo/GO_0042545
GO:0042546,BP,cell wall biogenesis,http://purl.obolibrary.org/obo/GO_0042546
GO:0042547,BP,cell wall modification involved in multidimensional cell growth,http://purl.obolibrary.org/obo/GO_0042547
GO:0042548,BP,"regulation of photosynthesis, light reaction",http://purl.obolibrary.org/obo/GO_0042548
GO:0042549,BP,photosystem II stabilization,http://purl.obolibrary.org/obo/GO_0042549
GO:0042550,BP,photosystem I stabilization,http://purl.obolibrary.org/obo/GO_0042550
GO:0042554,BP,superoxide anion generation,http://purl.obolibrary.org/obo/GO_0042554
GO:0042555,CC,MCM complex,http://purl.obolibrary.org/obo/GO_0042555
GO:0042558,BP,pteridine-containing compound metabolic process,http://purl.obolibrary.org/obo/GO_0042558
GO:0042559,BP,pteridine-containing compound biosynthetic process,http://purl.obolibrary.org/obo/GO_0042559
GO:0042560,BP,pteridine-containing compound catabolic process,http://purl.obolibrary.org/obo/GO_0042560
GO:0042561,MF,alpha-amyrin synthase activity,http://purl.obolibrary.org/obo/GO_0042561
GO:0042562,MF,hormone binding,http://purl.obolibrary.org/obo/GO_0042562
GO:0042565,CC,RNA nuclear export complex,http://purl.obolibrary.org/obo/GO_0042565
GO:0042575,CC,DNA polymerase complex,http://purl.obolibrary.org/obo/GO_0042575
GO:0042577,MF,lipid phosphatase activity,http://purl.obolibrary.org/obo/GO_0042577
GO:0042578,MF,phosphoric ester hydrolase activity,http://purl.obolibrary.org/obo/GO_0042578
GO:0042579,CC,microbody,http://purl.obolibrary.org/obo/GO_0042579
GO:0042586,MF,peptide deformylase activity,http://purl.obolibrary.org/obo/GO_0042586
GO:0042592,BP,homeostatic process,http://purl.obolibrary.org/obo/GO_0042592
GO:0042593,BP,glucose homeostasis,http://purl.obolibrary.org/obo/GO_0042593
GO:0042594,BP,response to starvation,http://purl.obolibrary.org/obo/GO_0042594
GO:0042602,MF,riboflavin reductase (NADPH) activity,http://purl.obolibrary.org/obo/GO_0042602
GO:0042617,BP,paclitaxel biosynthetic process,http://purl.obolibrary.org/obo/GO_0042617
GO:0042625,MF,ATPase-coupled ion transmembrane transporter activity,http://purl.obolibrary.org/obo/GO_0042625
GO:0042626,MF,ATPase-coupled transmembrane transporter activity,http://purl.obolibrary.org/obo/GO_0042626
GO:0042631,BP,cellular response to water deprivation,http://purl.obolibrary.org/obo/GO_0042631
GO:0042644,CC,chloroplast nucleoid,http://purl.obolibrary.org/obo/GO_0042644
GO:0042645,CC,mitochondrial nucleoid,http://purl.obolibrary.org/obo/GO_0042645
GO:0042646,CC,plastid nucleoid,http://purl.obolibrary.org/obo/GO_0042646
GO:0042649,CC,prothylakoid,http://purl.obolibrary.org/obo/GO_0042649
GO:0042650,CC,prothylakoid membrane,http://purl.obolibrary.org/obo/GO_0042650
GO:0042651,CC,thylakoid membrane,http://purl.obolibrary.org/obo/GO_0042651
GO:0042659,BP,regulation of cell fate specification,http://purl.obolibrary.org/obo/GO_0042659
GO:0042660,BP,positive regulation of cell fate specification,http://purl.obolibrary.org/obo/GO_0042660
GO:0042709,CC,succinate-CoA ligase complex,http://purl.obolibrary.org/obo/GO_0042709
GO:0042710,BP,biofilm formation,http://purl.obolibrary.org/obo/GO_0042710
GO:0042719,CC,mitochondrial intermembrane space protein transporter complex,http://purl.obolibrary.org/obo/GO_0042719
GO:0042720,CC,mitochondrial inner membrane peptidase complex,http://purl.obolibrary.org/obo/GO_0042720
GO:0042721,CC,TIM22 mitochondrial import inner membrane insertion complex,http://purl.obolibrary.org/obo/GO_0042721
GO:0042723,BP,thiamine-containing compound metabolic process,http://purl.obolibrary.org/obo/GO_0042723
GO:0042724,BP,thiamine-containing compound biosynthetic process,http://purl.obolibrary.org/obo/GO_0042724
GO:0042726,BP,flavin-containing compound metabolic process,http://purl.obolibrary.org/obo/GO_0042726
GO:0042727,BP,flavin-containing compound biosynthetic process,http://purl.obolibrary.org/obo/GO_0042727
GO:0042732,BP,D-xylose metabolic process,http://purl.obolibrary.org/obo/GO_0042732
GO:0042735,CC,protein body,http://purl.obolibrary.org/obo/GO_0042735
GO:0042736,MF,NADH kinase activity,http://purl.obolibrary.org/obo/GO_0042736
GO:0042742,BP,defense response to bacterium,http://purl.obolibrary.org/obo/GO_0042742
GO:0042743,BP,hydrogen peroxide metabolic process,http://purl.obolibrary.org/obo/GO_0042743
GO:0042744,BP,hydrogen peroxide catabolic process,http://purl.obolibrary.org/obo/GO_0042744
GO:0042752,BP,regulation of circadian rhythm,http://purl.obolibrary.org/obo/GO_0042752
GO:0042753,BP,positive regulation of circadian rhythm,http://purl.obolibrary.org/obo/GO_0042753
GO:0042754,BP,negative regulation of circadian rhythm,http://purl.obolibrary.org/obo/GO_0042754
GO:0042758,BP,long-chain fatty acid catabolic process,http://purl.obolibrary.org/obo/GO_0042758
GO:0042759,BP,long-chain fatty acid biosynthetic process,http://purl.obolibrary.org/obo/GO_0042759
GO:0042760,BP,very long-chain fatty acid catabolic process,http://purl.obolibrary.org/obo/GO_0042760
GO:0042761,BP,very long-chain fatty acid biosynthetic process,http://purl.obolibrary.org/obo/GO_0042761
GO:0042762,BP,regulation of sulfur metabolic process,http://purl.obolibrary.org/obo/GO_0042762
GO:0042765,CC,GPI-anchor transamidase complex,http://purl.obolibrary.org/obo/GO_0042765
GO:0042770,BP,signal transduction in response to DNA damage,http://purl.obolibrary.org/obo/GO_0042770
GO:0042773,BP,ATP synthesis coupled electron transport,http://purl.obolibrary.org/obo/GO_0042773
GO:0042775,BP,mitochondrial ATP synthesis coupled electron transport,http://purl.obolibrary.org/obo/GO_0042775
GO:0042776,BP,mitochondrial ATP synthesis coupled proton transport,http://purl.obolibrary.org/obo/GO_0042776
GO:0042780,BP,tRNA 3'-end processing,http://purl.obolibrary.org/obo/GO_0042780
GO:0042781,MF,3'-tRNA processing endoribonuclease activity,http://purl.obolibrary.org/obo/GO_0042781
GO:0042789,BP,mRNA transcription by RNA polymerase II,http://purl.obolibrary.org/obo/GO_0042789
GO:0042790,BP,nucleolar large rRNA transcription by RNA polymerase I,http://purl.obolibrary.org/obo/GO_0042790
GO:0042791,BP,5S class rRNA transcription by RNA polymerase III,http://purl.obolibrary.org/obo/GO_0042791
GO:0042793,BP,plastid transcription,http://purl.obolibrary.org/obo/GO_0042793
GO:0042794,BP,plastid rRNA transcription,http://purl.obolibrary.org/obo/GO_0042794
GO:0042795,BP,snRNA transcription by RNA polymerase II,http://purl.obolibrary.org/obo/GO_0042795
GO:0042796,BP,snRNA transcription by RNA polymerase III,http://purl.obolibrary.org/obo/GO_0042796
GO:0042797,BP,tRNA transcription by RNA polymerase III,http://purl.obolibrary.org/obo/GO_0042797
GO:0042799,MF,histone methyltransferase activity (H4-K20 specific),http://purl.obolibrary.org/obo/GO_0042799
GO:0042800,MF,histone methyltransferase activity (H3-K4 specific),http://purl.obolibrary.org/obo/GO_0042800
GO:0042802,MF,identical protein binding,http://purl.obolibrary.org/obo/GO_0042802
GO:0042803,MF,protein homodimerization activity,http://purl.obolibrary.org/obo/GO_0042803
GO:0042807,CC,central vacuole,http://purl.obolibrary.org/obo/GO_0042807
GO:0042814,BP,monopolar cell growth,http://purl.obolibrary.org/obo/GO_0042814
GO:0042816,BP,vitamin B6 metabolic process,http://purl.obolibrary.org/obo/GO_0042816
GO:0042817,BP,pyridoxal metabolic process,http://purl.obolibrary.org/obo/GO_0042817
GO:0042819,BP,vitamin B6 biosynthetic process,http://purl.obolibrary.org/obo/GO_0042819
GO:0042821,BP,pyridoxal biosynthetic process,http://purl.obolibrary.org/obo/GO_0042821
GO:0042822,BP,pyridoxal phosphate metabolic process,http://purl.obolibrary.org/obo/GO_0042822
GO:0042823,BP,pyridoxal phosphate biosynthetic process,http://purl.obolibrary.org/obo/GO_0042823
GO:0042826,MF,histone deacetylase binding,http://purl.obolibrary.org/obo/GO_0042826
GO:0042834,MF,peptidoglycan binding,http://purl.obolibrary.org/obo/GO_0042834
GO:0042839,BP,D-glucuronate metabolic process,http://purl.obolibrary.org/obo/GO_0042839
GO:0042840,BP,D-glucuronate catabolic process,http://purl.obolibrary.org/obo/GO_0042840
GO:0042844,BP,glycol metabolic process,http://purl.obolibrary.org/obo/GO_0042844
GO:0042845,BP,glycol biosynthetic process,http://purl.obolibrary.org/obo/GO_0042845
GO:0042851,BP,L-alanine metabolic process,http://purl.obolibrary.org/obo/GO_0042851
GO:0042853,BP,L-alanine catabolic process,http://purl.obolibrary.org/obo/GO_0042853
GO:0042854,BP,eugenol metabolic process,http://purl.obolibrary.org/obo/GO_0042854
GO:0042855,BP,eugenol biosynthetic process,http://purl.obolibrary.org/obo/GO_0042855
GO:0042868,BP,antisense RNA metabolic process,http://purl.obolibrary.org/obo/GO_0042868
GO:0042873,BP,aldonate transmembrane transport,http://purl.obolibrary.org/obo/GO_0042873
GO:0042879,MF,aldonate transmembrane transporter activity,http://purl.obolibrary.org/obo/GO_0042879
GO:0042882,BP,L-arabinose transmembrane transport,http://purl.obolibrary.org/obo/GO_0042882
GO:0042886,BP,amide transport,http://purl.obolibrary.org/obo/GO_0042886
GO:0042887,MF,amide transmembrane transporter activity,http://purl.obolibrary.org/obo/GO_0042887
GO:0042900,MF,arabinose transmembrane transporter activity,http://purl.obolibrary.org/obo/GO_0042900
GO:0042903,MF,tubulin deacetylase activity,http://purl.obolibrary.org/obo/GO_0042903
GO:0042906,BP,xanthine transport,http://purl.obolibrary.org/obo/GO_0042906
GO:0042907,MF,xanthine transmembrane transporter activity,http://purl.obolibrary.org/obo/GO_0042907
GO:0042908,BP,xenobiotic transport,http://purl.obolibrary.org/obo/GO_0042908
GO:0042910,MF,xenobiotic transmembrane transporter activity,http://purl.obolibrary.org/obo/GO_0042910
GO:0042937,MF,tripeptide transmembrane transporter activity,http://purl.obolibrary.org/obo/GO_0042937
GO:0042938,BP,dipeptide transport,http://purl.obolibrary.org/obo/GO_0042938
GO:0042939,BP,tripeptide transport,http://purl.obolibrary.org/obo/GO_0042939
GO:0042946,BP,glucoside transport,http://purl.obolibrary.org/obo/GO_0042946
GO:0042947,MF,glucoside transmembrane transporter activity,http://purl.obolibrary.org/obo/GO_0042947
GO:0042948,BP,salicin transport,http://purl.obolibrary.org/obo/GO_0042948
GO:0042949,BP,arbutin transport,http://purl.obolibrary.org/obo/GO_0042949
GO:0042950,MF,salicin transmembrane transporter activity,http://purl.obolibrary.org/obo/GO_0042950
GO:0042951,MF,arbutin transmembrane transporter activity,http://purl.obolibrary.org/obo/GO_0042951
GO:0042953,BP,lipoprotein transport,http://purl.obolibrary.org/obo/GO_0042953
GO:0042966,BP,biotin carboxyl carrier protein biosynthetic process,http://purl.obolibrary.org/obo/GO_0042966
GO:0042973,MF,"glucan endo-1,3-beta-D-glucosidase activity",http://purl.obolibrary.org/obo/GO_0042973
GO:0042981,BP,regulation of apoptotic process,http://purl.obolibrary.org/obo/GO_0042981
GO:0042982,BP,amyloid precursor protein metabolic process,http://purl.obolibrary.org/obo/GO_0042982
GO:0042987,BP,amyloid precursor protein catabolic process,http://purl.obolibrary.org/obo/GO_0042987
GO:0042989,BP,sequestering of actin monomers,http://purl.obolibrary.org/obo/GO_0042989
GO:0042995,CC,cell projection,http://purl.obolibrary.org/obo/GO_0042995
GO:0043001,BP,Golgi to plasma membrane protein transport,http://purl.obolibrary.org/obo/GO_0043001
GO:0043005,CC,neuron projection,http://purl.obolibrary.org/obo/GO_0043005
GO:0043007,BP,maintenance of rDNA,http://purl.obolibrary.org/obo/GO_0043007
GO:0043014,MF,alpha-tubulin binding,http://purl.obolibrary.org/obo/GO_0043014
GO:0043015,MF,gamma-tubulin binding,http://purl.obolibrary.org/obo/GO_0043015
GO:0043021,MF,ribonucleoprotein complex binding,http://purl.obolibrary.org/obo/GO_0043021
GO:0043022,MF,ribosome binding,http://purl.obolibrary.org/obo/GO_0043022
GO:0043023,MF,ribosomal large subunit binding,http://purl.obolibrary.org/obo/GO_0043023
GO:0043024,MF,ribosomal small subunit binding,http://purl.obolibrary.org/obo/GO_0043024
GO:0043033,CC,isoamylase complex,http://purl.obolibrary.org/obo/GO_0043033
GO:0043035,MF,chromatin insulator sequence binding,http://purl.obolibrary.org/obo/GO_0043035
GO:0043036,CC,starch grain,http://purl.obolibrary.org/obo/GO_0043036
GO:0043038,BP,amino acid activation,http://purl.obolibrary.org/obo/GO_0043038
GO:0043039,BP,tRNA aminoacylation,http://purl.obolibrary.org/obo/GO_0043039
GO:0043041,BP,amino acid activation for nonribosomal peptide biosynthetic process,http://purl.obolibrary.org/obo/GO_0043041
GO:0043043,BP,peptide biosynthetic process,http://purl.obolibrary.org/obo/GO_0043043
GO:0043045,BP,DNA methylation involved in embryo development,http://purl.obolibrary.org/obo/GO_0043045
GO:0043047,MF,single-stranded telomeric DNA binding,http://purl.obolibrary.org/obo/GO_0043047
GO:0043048,BP,dolichyl monophosphate biosynthetic process,http://purl.obolibrary.org/obo/GO_0043048
GO:0043060,BP,meiotic metaphase I plate congression,http://purl.obolibrary.org/obo/GO_0043060
GO:0043062,BP,extracellular structure organization,http://purl.obolibrary.org/obo/GO_0043062
GO:0043065,BP,positive regulation of apoptotic process,http://purl.obolibrary.org/obo/GO_0043065
GO:0043066,BP,negative regulation of apoptotic process,http://purl.obolibrary.org/obo/GO_0043066
GO:0043067,BP,regulation of programmed cell death,http://purl.obolibrary.org/obo/GO_0043067
GO:0043068,BP,positive regulation of programmed cell death,http://purl.obolibrary.org/obo/GO_0043068
GO:0043069,BP,negative regulation of programmed cell death,http://purl.obolibrary.org/obo/GO_0043069
GO:0043073,CC,germ cell nucleus,http://purl.obolibrary.org/obo/GO_0043073
GO:0043076,CC,megasporocyte nucleus,http://purl.obolibrary.org/obo/GO_0043076
GO:0043078,CC,polar nucleus,http://purl.obolibrary.org/obo/GO_0043078
GO:0043082,CC,megagametophyte egg cell nucleus,http://purl.obolibrary.org/obo/GO_0043082
GO:0043085,BP,positive regulation of catalytic activity,http://purl.obolibrary.org/obo/GO_0043085
GO:0043086,BP,negative regulation of catalytic activity,http://purl.obolibrary.org/obo/GO_0043086
GO:0043087,BP,regulation of GTPase activity,http://purl.obolibrary.org/obo/GO_0043087
GO:0043090,BP,amino acid import,http://purl.obolibrary.org/obo/GO_0043090
GO:0043094,BP,cellular metabolic compound salvage,http://purl.obolibrary.org/obo/GO_0043094
GO:0043096,BP,purine nucleobase salvage,http://purl.obolibrary.org/obo/GO_0043096
GO:0043100,BP,pyrimidine nucleobase salvage,http://purl.obolibrary.org/obo/GO_0043100
GO:0043101,BP,purine-containing compound salvage,http://purl.obolibrary.org/obo/GO_0043101
GO:0043102,BP,amino acid salvage,http://purl.obolibrary.org/obo/GO_0043102
GO:0043103,BP,hypoxanthine salvage,http://purl.obolibrary.org/obo/GO_0043103
GO:0043107,BP,type IV pilus-dependent motility,http://purl.obolibrary.org/obo/GO_0043107
GO:0043111,BP,replication fork arrest,http://purl.obolibrary.org/obo/GO_0043111
GO:0043112,BP,receptor metabolic process,http://purl.obolibrary.org/obo/GO_0043112
GO:0043130,MF,ubiquitin binding,http://purl.obolibrary.org/obo/GO_0043130
GO:0043132,BP,NAD transport,http://purl.obolibrary.org/obo/GO_0043132
GO:0043136,MF,glycerol-3-phosphatase activity,http://purl.obolibrary.org/obo/GO_0043136
GO:0043137,BP,"DNA replication, removal of RNA primer",http://purl.obolibrary.org/obo/GO_0043137
GO:0043138,MF,3'-5' DNA helicase activity,http://purl.obolibrary.org/obo/GO_0043138
GO:0043139,MF,5'-3' DNA helicase activity,http://purl.obolibrary.org/obo/GO_0043139
GO:0043144,BP,sno(s)RNA processing,http://purl.obolibrary.org/obo/GO_0043144
GO:0043153,BP,entrainment of circadian clock by photoperiod,http://purl.obolibrary.org/obo/GO_0043153
GO:0043155,BP,"negative regulation of photosynthesis, light reaction",http://purl.obolibrary.org/obo/GO_0043155
GO:0043157,BP,response to cation stress,http://purl.obolibrary.org/obo/GO_0043157
GO:0043161,BP,proteasome-mediated ubiquitin-dependent protein catabolic process,http://purl.obolibrary.org/obo/GO_0043161
GO:0043162,BP,ubiquitin-dependent protein catabolic process via the multivesicular body sorting pathway,http://purl.obolibrary.org/obo/GO_0043162
GO:0043167,MF,ion binding,http://purl.obolibrary.org/obo/GO_0043167
GO:0043168,MF,anion binding,http://purl.obolibrary.org/obo/GO_0043168
GO:0043169,MF,cation binding,http://purl.obolibrary.org/obo/GO_0043169
GO:0043170,BP,macromolecule metabolic process,http://purl.obolibrary.org/obo/GO_0043170
GO:0043171,BP,peptide catabolic process,http://purl.obolibrary.org/obo/GO_0043171
GO:0043173,BP,nucleotide salvage,http://purl.obolibrary.org/obo/GO_0043173
GO:0043174,BP,nucleoside salvage,http://purl.obolibrary.org/obo/GO_0043174
GO:0043175,MF,RNA polymerase core enzyme binding,http://purl.obolibrary.org/obo/GO_0043175
GO:0043177,MF,organic acid binding,http://purl.obolibrary.org/obo/GO_0043177
GO:0043178,MF,alcohol binding,http://purl.obolibrary.org/obo/GO_0043178
GO:0043181,BP,vacuolar sequestering,http://purl.obolibrary.org/obo/GO_0043181
GO:0043182,BP,vacuolar sequestering of sodium ion,http://purl.obolibrary.org/obo/GO_0043182
GO:0043186,CC,P granule,http://purl.obolibrary.org/obo/GO_0043186
GO:0043189,CC,H4/H2A histone acetyltransferase complex,http://purl.obolibrary.org/obo/GO_0043189
GO:0043190,CC,ATP-binding cassette (ABC) transporter complex,http://purl.obolibrary.org/obo/GO_0043190
GO:0043200,BP,response to amino acid,http://purl.obolibrary.org/obo/GO_0043200
GO:0043201,BP,response to leucine,http://purl.obolibrary.org/obo/GO_0043201
GO:0043207,BP,response to external biotic stimulus,http://purl.obolibrary.org/obo/GO_0043207
GO:0043224,CC,nuclear SCF ubiquitin ligase complex,http://purl.obolibrary.org/obo/GO_0043224
GO:0043225,MF,ATPase-coupled inorganic anion transmembrane transporter activity,http://purl.obolibrary.org/obo/GO_0043225
GO:0043226,CC,organelle,http://purl.obolibrary.org/obo/GO_0043226
GO:0043227,CC,membrane-bounded organelle,http://purl.obolibrary.org/obo/GO_0043227
GO:0043228,CC,non-membrane-bounded organelle,http://purl.obolibrary.org/obo/GO_0043228
GO:0043229,CC,intracellular organelle,http://purl.obolibrary.org/obo/GO_0043229
GO:0043230,CC,extracellular organelle,http://purl.obolibrary.org/obo/GO_0043230
GO:0043231,CC,intracellular membrane-bounded organelle,http://purl.obolibrary.org/obo/GO_0043231
GO:0043232,CC,intracellular non-membrane-bounded organelle,http://purl.obolibrary.org/obo/GO_0043232
GO:0043233,CC,organelle lumen,http://purl.obolibrary.org/obo/GO_0043233
GO:0043235,CC,receptor complex,http://purl.obolibrary.org/obo/GO_0043235
GO:0043240,CC,Fanconi anaemia nuclear complex,http://purl.obolibrary.org/obo/GO_0043240
GO:0043242,BP,negative regulation of protein-containing complex disassembly,http://purl.obolibrary.org/obo/GO_0043242
GO:0043243,BP,positive regulation of protein-containing complex disassembly,http://purl.obolibrary.org/obo/GO_0043243
GO:0043244,BP,regulation of protein-containing complex disassembly,http://purl.obolibrary.org/obo/GO_0043244
GO:0043245,CC,extraorganismal space,http://purl.obolibrary.org/obo/GO_0043245
GO:0043247,BP,telomere maintenance in response to DNA damage,http://purl.obolibrary.org/obo/GO_0043247
GO:0043248,BP,proteasome assembly,http://purl.obolibrary.org/obo/GO_0043248
GO:0043253,CC,chloroplast ribosome,http://purl.obolibrary.org/obo/GO_0043253
GO:0043254,BP,regulation of protein-containing complex assembly,http://purl.obolibrary.org/obo/GO_0043254
GO:0043255,BP,regulation of carbohydrate biosynthetic process,http://purl.obolibrary.org/obo/GO_0043255
GO:0043266,BP,regulation of potassium ion transport,http://purl.obolibrary.org/obo/GO_0043266
GO:0043267,BP,negative regulation of potassium ion transport,http://purl.obolibrary.org/obo/GO_0043267
GO:0043268,BP,positive regulation of potassium ion transport,http://purl.obolibrary.org/obo/GO_0043268
GO:0043269,BP,regulation of ion transport,http://purl.obolibrary.org/obo/GO_0043269
GO:0043270,BP,positive regulation of ion transport,http://purl.obolibrary.org/obo/GO_0043270
GO:0043271,BP,negative regulation of ion transport,http://purl.obolibrary.org/obo/GO_0043271
GO:0043273,MF,CTPase activity,http://purl.obolibrary.org/obo/GO_0043273
GO:0043279,BP,response to alkaloid,http://purl.obolibrary.org/obo/GO_0043279
GO:0043288,BP,apocarotenoid metabolic process,http://purl.obolibrary.org/obo/GO_0043288
GO:0043289,BP,apocarotenoid biosynthetic process,http://purl.obolibrary.org/obo/GO_0043289
GO:0043290,BP,apocarotenoid catabolic process,http://purl.obolibrary.org/obo/GO_0043290
GO:0043291,CC,RAVE complex,http://purl.obolibrary.org/obo/GO_0043291
GO:0043295,MF,glutathione binding,http://purl.obolibrary.org/obo/GO_0043295
GO:0043299,BP,leukocyte degranulation,http://purl.obolibrary.org/obo/GO_0043299
GO:0043300,BP,regulation of leukocyte degranulation,http://purl.obolibrary.org/obo/GO_0043300
GO:0043302,BP,positive regulation of leukocyte degranulation,http://purl.obolibrary.org/obo/GO_0043302
GO:0043303,BP,mast cell degranulation,http://purl.obolibrary.org/obo/GO_0043303
GO:0043304,BP,regulation of mast cell degranulation,http://purl.obolibrary.org/obo/GO_0043304
GO:0043306,BP,positive regulation of mast cell degranulation,http://purl.obolibrary.org/obo/GO_0043306
GO:0043325,MF,"phosphatidylinositol-3,4-bisphosphate binding",http://purl.obolibrary.org/obo/GO_0043325
GO:0043328,BP,protein transport to vacuole involved in ubiquitin-dependent protein catabolic process via the multivesicular body sorting pathway,http://purl.obolibrary.org/obo/GO_0043328
GO:0043330,BP,response to exogenous dsRNA,http://purl.obolibrary.org/obo/GO_0043330
GO:0043331,BP,response to dsRNA,http://purl.obolibrary.org/obo/GO_0043331
GO:0043335,BP,protein unfolding,http://purl.obolibrary.org/obo/GO_0043335
GO:0043337,MF,CDP-diacylglycerol-phosphatidylglycerol phosphatidyltransferase activity,http://purl.obolibrary.org/obo/GO_0043337
GO:0043388,BP,positive regulation of DNA binding,http://purl.obolibrary.org/obo/GO_0043388
GO:0043392,BP,negative regulation of DNA binding,http://purl.obolibrary.org/obo/GO_0043392
GO:0043393,BP,regulation of protein binding,http://purl.obolibrary.org/obo/GO_0043393
GO:0043394,MF,proteoglycan binding,http://purl.obolibrary.org/obo/GO_0043394
GO:0043401,BP,steroid hormone mediated signaling pathway,http://purl.obolibrary.org/obo/GO_0043401
GO:0043405,BP,regulation of MAP kinase activity,http://purl.obolibrary.org/obo/GO_0043405
GO:0043407,BP,negative regulation of MAP kinase activity,http://purl.obolibrary.org/obo/GO_0043407
GO:0043408,BP,regulation of MAPK cascade,http://purl.obolibrary.org/obo/GO_0043408
GO:0043409,BP,negative regulation of MAPK cascade,http://purl.obolibrary.org/obo/GO_0043409
GO:0043410,BP,positive regulation of MAPK cascade,http://purl.obolibrary.org/obo/GO_0043410
GO:0043412,BP,macromolecule modification,http://purl.obolibrary.org/obo/GO_0043412
GO:0043413,BP,macromolecule glycosylation,http://purl.obolibrary.org/obo/GO_0043413
GO:0043414,BP,macromolecule methylation,http://purl.obolibrary.org/obo/GO_0043414
GO:0043419,BP,urea catabolic process,http://purl.obolibrary.org/obo/GO_0043419
GO:0043420,BP,anthranilate metabolic process,http://purl.obolibrary.org/obo/GO_0043420
GO:0043424,MF,protein histidine kinase binding,http://purl.obolibrary.org/obo/GO_0043424
GO:0043425,MF,bHLH transcription factor binding,http://purl.obolibrary.org/obo/GO_0043425
GO:0043433,BP,negative regulation of DNA-binding transcription factor activity,http://purl.obolibrary.org/obo/GO_0043433
GO:0043434,BP,response to peptide hormone,http://purl.obolibrary.org/obo/GO_0043434
GO:0043436,BP,oxoacid metabolic process,http://purl.obolibrary.org/obo/GO_0043436
GO:0043446,BP,cellular alkane metabolic process,http://purl.obolibrary.org/obo/GO_0043446
GO:0043447,BP,alkane biosynthetic process,http://purl.obolibrary.org/obo/GO_0043447
GO:0043448,BP,alkane catabolic process,http://purl.obolibrary.org/obo/GO_0043448
GO:0043449,BP,cellular alkene metabolic process,http://purl.obolibrary.org/obo/GO_0043449
GO:0043450,BP,alkene biosynthetic process,http://purl.obolibrary.org/obo/GO_0043450
GO:0043455,BP,regulation of secondary metabolic process,http://purl.obolibrary.org/obo/GO_0043455
GO:0043456,BP,regulation of pentose-phosphate shunt,http://purl.obolibrary.org/obo/GO_0043456
GO:0043457,BP,regulation of cellular respiration,http://purl.obolibrary.org/obo/GO_0043457
GO:0043461,BP,proton-transporting ATP synthase complex assembly,http://purl.obolibrary.org/obo/GO_0043461
GO:0043462,BP,regulation of ATPase activity,http://purl.obolibrary.org/obo/GO_0043462
GO:0043467,BP,regulation of generation of precursor metabolites and energy,http://purl.obolibrary.org/obo/GO_0043467
GO:0043470,BP,regulation of carbohydrate catabolic process,http://purl.obolibrary.org/obo/GO_0043470
GO:0043473,BP,pigmentation,http://purl.obolibrary.org/obo/GO_0043473
GO:0043474,BP,pigment metabolic process involved in pigmentation,http://purl.obolibrary.org/obo/GO_0043474
GO:0043475,BP,pigment metabolic process involved in pigment accumulation,http://purl.obolibrary.org/obo/GO_0043475
GO:0043476,BP,pigment accumulation,http://purl.obolibrary.org/obo/GO_0043476
GO:0043477,BP,pigment biosynthetic process involved in pigment accumulation,http://purl.obolibrary.org/obo/GO_0043477
GO:0043478,BP,pigment accumulation in response to UV light,http://purl.obolibrary.org/obo/GO_0043478
GO:0043479,BP,pigment accumulation in tissues in response to UV light,http://purl.obolibrary.org/obo/GO_0043479
GO:0043480,BP,pigment accumulation in tissues,http://purl.obolibrary.org/obo/GO_0043480
GO:0043481,BP,anthocyanin accumulation in tissues in response to UV light,http://purl.obolibrary.org/obo/GO_0043481
GO:0043482,BP,cellular pigment accumulation,http://purl.obolibrary.org/obo/GO_0043482
GO:0043484,BP,regulation of RNA splicing,http://purl.obolibrary.org/obo/GO_0043484
GO:0043487,BP,regulation of RNA stability,http://purl.obolibrary.org/obo/GO_0043487
GO:0043488,BP,regulation of mRNA stability,http://purl.obolibrary.org/obo/GO_0043488
GO:0043489,BP,RNA stabilization,http://purl.obolibrary.org/obo/GO_0043489
GO:0043491,BP,protein kinase B signaling,http://purl.obolibrary.org/obo/GO_0043491
GO:0043495,MF,protein-membrane adaptor activity,http://purl.obolibrary.org/obo/GO_0043495
GO:0043504,BP,mitochondrial DNA repair,http://purl.obolibrary.org/obo/GO_0043504
GO:0043515,MF,kinetochore binding,http://purl.obolibrary.org/obo/GO_0043515
GO:0043516,BP,"regulation of DNA damage response, signal transduction by p53 class mediator",http://purl.obolibrary.org/obo/GO_0043516
GO:0043527,CC,tRNA methyltransferase complex,http://purl.obolibrary.org/obo/GO_0043527
GO:0043529,CC,GET complex,http://purl.obolibrary.org/obo/GO_0043529
GO:0043530,MF,adenosine 5'-monophosphoramidase activity,http://purl.obolibrary.org/obo/GO_0043530
GO:0043531,MF,ADP binding,http://purl.obolibrary.org/obo/GO_0043531
GO:0043539,MF,protein serine/threonine kinase activator activity,http://purl.obolibrary.org/obo/GO_0043539
GO:0043541,CC,UDP-N-acetylglucosamine transferase complex,http://purl.obolibrary.org/obo/GO_0043541
GO:0043543,BP,protein acylation,http://purl.obolibrary.org/obo/GO_0043543
GO:0043545,BP,molybdopterin cofactor metabolic process,http://purl.obolibrary.org/obo/GO_0043545
GO:0043546,MF,molybdopterin cofactor binding,http://purl.obolibrary.org/obo/GO_0043546
GO:0043547,BP,positive regulation of GTPase activity,http://purl.obolibrary.org/obo/GO_0043547
GO:0043548,MF,phosphatidylinositol 3-kinase binding,http://purl.obolibrary.org/obo/GO_0043548
GO:0043549,BP,regulation of kinase activity,http://purl.obolibrary.org/obo/GO_0043549
GO:0043555,BP,regulation of translation in response to stress,http://purl.obolibrary.org/obo/GO_0043555
GO:0043558,BP,regulation of translational initiation in response to stress,http://purl.obolibrary.org/obo/GO_0043558
GO:0043562,BP,cellular response to nitrogen levels,http://purl.obolibrary.org/obo/GO_0043562
GO:0043564,CC,Ku70:Ku80 complex,http://purl.obolibrary.org/obo/GO_0043564
GO:0043565,MF,sequence-specific DNA binding,http://purl.obolibrary.org/obo/GO_0043565
GO:0043570,BP,maintenance of DNA repeat elements,http://purl.obolibrary.org/obo/GO_0043570
GO:0043572,BP,plastid fission,http://purl.obolibrary.org/obo/GO_0043572
GO:0043574,BP,peroxisomal transport,http://purl.obolibrary.org/obo/GO_0043574
GO:0043576,BP,regulation of respiratory gaseous exchange,http://purl.obolibrary.org/obo/GO_0043576
GO:0043578,BP,nuclear matrix organization,http://purl.obolibrary.org/obo/GO_0043578
GO:0043596,CC,nuclear replication fork,http://purl.obolibrary.org/obo/GO_0043596
GO:0043601,CC,nuclear replisome,http://purl.obolibrary.org/obo/GO_0043601
GO:0043603,BP,cellular amide metabolic process,http://purl.obolibrary.org/obo/GO_0043603
GO:0043604,BP,amide biosynthetic process,http://purl.obolibrary.org/obo/GO_0043604
GO:0043605,BP,cellular amide catabolic process,http://purl.obolibrary.org/obo/GO_0043605
GO:0043609,BP,regulation of carbon utilization,http://purl.obolibrary.org/obo/GO_0043609
GO:0043610,BP,regulation of carbohydrate utilization,http://purl.obolibrary.org/obo/GO_0043610
GO:0043611,BP,isoprene metabolic process,http://purl.obolibrary.org/obo/GO_0043611
GO:0043612,BP,isoprene biosynthetic process,http://purl.obolibrary.org/obo/GO_0043612
GO:0043614,CC,multi-eIF complex,http://purl.obolibrary.org/obo/GO_0043614
GO:0043617,BP,cellular response to sucrose starvation,http://purl.obolibrary.org/obo/GO_0043617
GO:0043622,BP,cortical microtubule organization,http://purl.obolibrary.org/obo/GO_0043622
GO:0043625,CC,delta DNA polymerase complex,http://purl.obolibrary.org/obo/GO_0043625
GO:0043626,CC,PCNA complex,http://purl.obolibrary.org/obo/GO_0043626
GO:0043628,BP,ncRNA 3'-end processing,http://purl.obolibrary.org/obo/GO_0043628
GO:0043632,BP,modification-dependent macromolecule catabolic process,http://purl.obolibrary.org/obo/GO_0043632
GO:0043633,BP,polyadenylation-dependent RNA catabolic process,http://purl.obolibrary.org/obo/GO_0043633
GO:0043634,BP,polyadenylation-dependent ncRNA catabolic process,http://purl.obolibrary.org/obo/GO_0043634
GO:0043647,BP,inositol phosphate metabolic process,http://purl.obolibrary.org/obo/GO_0043647
GO:0043648,BP,dicarboxylic acid metabolic process,http://purl.obolibrary.org/obo/GO_0043648
GO:0043649,BP,dicarboxylic acid catabolic process,http://purl.obolibrary.org/obo/GO_0043649
GO:0043650,BP,dicarboxylic acid biosynthetic process,http://purl.obolibrary.org/obo/GO_0043650
GO:0043651,BP,linoleic acid metabolic process,http://purl.obolibrary.org/obo/GO_0043651
GO:0043656,CC,host intracellular region,http://purl.obolibrary.org/obo/GO_0043656
GO:0043657,CC,host cell,http://purl.obolibrary.org/obo/GO_0043657
GO:0043658,CC,host symbiosome,http://purl.obolibrary.org/obo/GO_0043658
GO:0043663,CC,host bacteroid-containing symbiosome,http://purl.obolibrary.org/obo/GO_0043663
GO:0043666,BP,regulation of phosphoprotein phosphatase activity,http://purl.obolibrary.org/obo/GO_0043666
GO:0043667,CC,pollen wall,http://purl.obolibrary.org/obo/GO_0043667
GO:0043668,CC,exine,http://purl.obolibrary.org/obo/GO_0043668
GO:0043673,CC,sexine,http://purl.obolibrary.org/obo/GO_0043673
GO:0043674,CC,columella,http://purl.obolibrary.org/obo/GO_0043674
GO:0043678,CC,intine,http://purl.obolibrary.org/obo/GO_0043678
GO:0043680,CC,filiform apparatus,http://purl.obolibrary.org/obo/GO_0043680
GO:0043682,MF,P-type divalent copper transporter activity,http://purl.obolibrary.org/obo/GO_0043682
GO:0043686,BP,co-translational protein modification,http://purl.obolibrary.org/obo/GO_0043686
GO:0043687,BP,post-translational protein modification,http://purl.obolibrary.org/obo/GO_0043687
GO:0043692,BP,monoterpene metabolic process,http://purl.obolibrary.org/obo/GO_0043692
GO:0043693,BP,monoterpene biosynthetic process,http://purl.obolibrary.org/obo/GO_0043693
GO:0043696,BP,dedifferentiation,http://purl.obolibrary.org/obo/GO_0043696
GO:0043697,BP,cell dedifferentiation,http://purl.obolibrary.org/obo/GO_0043697
GO:0043708,BP,cell adhesion involved in biofilm formation,http://purl.obolibrary.org/obo/GO_0043708
GO:0043709,BP,cell adhesion involved in single-species biofilm formation,http://purl.obolibrary.org/obo/GO_0043709
GO:0043719,MF,"2-octaprenyl-3-methyl-6-methoxy-1,4-benzoquinol hydroxylase activity",http://purl.obolibrary.org/obo/GO_0043719
GO:0043722,MF,4-hydroxyphenylacetate decarboxylase activity,http://purl.obolibrary.org/obo/GO_0043722
GO:0043733,MF,DNA-3-methylbase glycosylase activity,http://purl.obolibrary.org/obo/GO_0043733
GO:0043759,MF,methylbutanoate-CoA ligase activity,http://purl.obolibrary.org/obo/GO_0043759
GO:0043765,MF,T/G mismatch-specific endonuclease activity,http://purl.obolibrary.org/obo/GO_0043765
GO:0043812,MF,phosphatidylinositol-4-phosphate phosphatase activity,http://purl.obolibrary.org/obo/GO_0043812
GO:0043813,MF,"phosphatidylinositol-3,5-bisphosphate 5-phosphatase activity",http://purl.obolibrary.org/obo/GO_0043813
GO:0043855,MF,cyclic nucleotide-gated ion channel activity,http://purl.obolibrary.org/obo/GO_0043855
GO:0043864,MF,indoleacetamide hydrolase activity,http://purl.obolibrary.org/obo/GO_0043864
GO:0043874,MF,acireductone synthase activity,http://purl.obolibrary.org/obo/GO_0043874
GO:0043879,MF,glycolate transmembrane transporter activity,http://purl.obolibrary.org/obo/GO_0043879
GO:0043891,MF,glyceraldehyde-3-phosphate dehydrogenase (NAD(P)+) (phosphorylating) activity,http://purl.obolibrary.org/obo/GO_0043891
GO:0043893,MF,acetate:cation symporter activity,http://purl.obolibrary.org/obo/GO_0043893
GO:0043903,BP,regulation of biological process involved in symbiotic interaction,http://purl.obolibrary.org/obo/GO_0043903
GO:0043916,MF,DNA-7-methylguanine glycosylase activity,http://purl.obolibrary.org/obo/GO_0043916
GO:0043933,BP,protein-containing complex subunit organization,http://purl.obolibrary.org/obo/GO_0043933
GO:0043934,BP,sporulation,http://purl.obolibrary.org/obo/GO_0043934
GO:0043953,BP,protein transport by the Tat complex,http://purl.obolibrary.org/obo/GO_0043953
GO:0043995,MF,histone acetyltransferase activity (H4-K5 specific),http://purl.obolibrary.org/obo/GO_0043995
GO:0043998,MF,H2A histone acetyltransferase activity,http://purl.obolibrary.org/obo/GO_0043998
GO:0044001,BP,migration in host,http://purl.obolibrary.org/obo/GO_0044001
GO:0044002,BP,acquisition of nutrients from host,http://purl.obolibrary.org/obo/GO_0044002
GO:0044003,BP,modulation by symbiont of host process,http://purl.obolibrary.org/obo/GO_0044003
GO:0044010,BP,single-species biofilm formation,http://purl.obolibrary.org/obo/GO_0044010
GO:0044022,MF,histone kinase activity (H3-S28 specific),http://purl.obolibrary.org/obo/GO_0044022
GO:0044027,BP,hypermethylation of CpG island,http://purl.obolibrary.org/obo/GO_0044027
GO:0044036,BP,cell wall macromolecule metabolic process,http://purl.obolibrary.org/obo/GO_0044036
GO:0044038,BP,cell wall macromolecule biosynthetic process,http://purl.obolibrary.org/obo/GO_0044038
GO:0044042,BP,glucan metabolic process,http://purl.obolibrary.org/obo/GO_0044042
GO:0044070,BP,regulation of anion transport,http://purl.obolibrary.org/obo/GO_0044070
GO:0044085,BP,cellular component biogenesis,http://purl.obolibrary.org/obo/GO_0044085
GO:0044087,BP,regulation of cellular component biogenesis,http://purl.obolibrary.org/obo/GO_0044087
GO:0044088,BP,regulation of vacuole organization,http://purl.obolibrary.org/obo/GO_0044088
GO:0044089,BP,positive regulation of cellular component biogenesis,http://purl.obolibrary.org/obo/GO_0044089
GO:0044090,BP,positive regulation of vacuole organization,http://purl.obolibrary.org/obo/GO_0044090
GO:0044091,BP,membrane biogenesis,http://purl.obolibrary.org/obo/GO_0044091
GO:0044092,BP,negative regulation of molecular function,http://purl.obolibrary.org/obo/GO_0044092
GO:0044093,BP,positive regulation of molecular function,http://purl.obolibrary.org/obo/GO_0044093
GO:0044094,CC,host cell nuclear part,http://purl.obolibrary.org/obo/GO_0044094
GO:0044111,BP,formation of structure involved in a symbiotic process,http://purl.obolibrary.org/obo/GO_0044111
GO:0044179,BP,hemolysis in other organism,http://purl.obolibrary.org/obo/GO_0044179
GO:0044183,MF,protein folding chaperone,http://purl.obolibrary.org/obo/GO_0044183
GO:0044206,BP,UMP salvage,http://purl.obolibrary.org/obo/GO_0044206
GO:0044208,BP,'de novo' AMP biosynthetic process,http://purl.obolibrary.org/obo/GO_0044208
GO:0044209,BP,AMP salvage,http://purl.obolibrary.org/obo/GO_0044209
GO:0044232,CC,organelle membrane contact site,http://purl.obolibrary.org/obo/GO_0044232
GO:0044233,CC,mitochondria-associated endoplasmic reticulum membrane,http://purl.obolibrary.org/obo/GO_0044233
GO:0044237,BP,cellular metabolic process,http://purl.obolibrary.org/obo/GO_0044237
GO:0044238,BP,primary metabolic process,http://purl.obolibrary.org/obo/GO_0044238
GO:0044242,BP,cellular lipid catabolic process,http://purl.obolibrary.org/obo/GO_0044242
GO:0044248,BP,cellular catabolic process,http://purl.obolibrary.org/obo/GO_0044248
GO:0044249,BP,cellular biosynthetic process,http://purl.obolibrary.org/obo/GO_0044249
GO:0044255,BP,cellular lipid metabolic process,http://purl.obolibrary.org/obo/GO_0044255
GO:0044272,BP,sulfur compound biosynthetic process,http://purl.obolibrary.org/obo/GO_0044272
GO:0044273,BP,sulfur compound catabolic process,http://purl.obolibrary.org/obo/GO_0044273
GO:0044277,BP,cell wall disassembly,http://purl.obolibrary.org/obo/GO_0044277
GO:0044281,BP,small molecule metabolic process,http://purl.obolibrary.org/obo/GO_0044281
GO:0044282,BP,small molecule catabolic process,http://purl.obolibrary.org/obo/GO_0044282
GO:0044283,BP,small molecule biosynthetic process,http://purl.obolibrary.org/obo/GO_0044283
GO:0044297,CC,cell body,http://purl.obolibrary.org/obo/GO_0044297
GO:0044325,MF,transmembrane transporter binding,http://purl.obolibrary.org/obo/GO_0044325
GO:0044347,BP,cell wall polysaccharide catabolic process,http://purl.obolibrary.org/obo/GO_0044347
GO:0044359,BP,modulation of molecular function in other organism,http://purl.obolibrary.org/obo/GO_0044359
GO:0044373,MF,cytokinin binding,http://purl.obolibrary.org/obo/GO_0044373
GO:0044375,BP,regulation of peroxisome size,http://purl.obolibrary.org/obo/GO_0044375
GO:0044380,BP,protein localization to cytoskeleton,http://purl.obolibrary.org/obo/GO_0044380
GO:0044389,MF,ubiquitin-like protein ligase binding,http://purl.obolibrary.org/obo/GO_0044389
GO:0044390,MF,ubiquitin-like protein conjugating enzyme binding,http://purl.obolibrary.org/obo/GO_0044390
GO:0044391,CC,ribosomal subunit,http://purl.obolibrary.org/obo/GO_0044391
GO:0044403,BP,biological process involved in symbiotic interaction,http://purl.obolibrary.org/obo/GO_0044403
GO:0044419,BP,biological process involved in interspecies interaction between organisms,http://purl.obolibrary.org/obo/GO_0044419
GO:0044458,BP,motile cilium assembly,http://purl.obolibrary.org/obo/GO_0044458
GO:0044488,BP,modulation of voltage-gated sodium channel activity in other organism,http://purl.obolibrary.org/obo/GO_0044488
GO:0044528,BP,regulation of mitochondrial mRNA stability,http://purl.obolibrary.org/obo/GO_0044528
GO:0044532,BP,modulation of apoptotic process in other organism,http://purl.obolibrary.org/obo/GO_0044532
GO:0044533,BP,positive regulation of apoptotic process in other organism,http://purl.obolibrary.org/obo/GO_0044533
GO:0044545,CC,NSL complex,http://purl.obolibrary.org/obo/GO_0044545
GO:0044550,BP,secondary metabolite biosynthetic process,http://purl.obolibrary.org/obo/GO_0044550
GO:0044561,BP,modulation of ion channel activity in other organism,http://purl.obolibrary.org/obo/GO_0044561
GO:0044568,CC,secondary cell wall cellulose synthase complex,http://purl.obolibrary.org/obo/GO_0044568
GO:0044571,BP,[2Fe-2S] cluster assembly,http://purl.obolibrary.org/obo/GO_0044571
GO:0044572,BP,[4Fe-4S] cluster assembly,http://purl.obolibrary.org/obo/GO_0044572
GO:0044594,MF,17-beta-hydroxysteroid dehydrogenase (NAD+) activity,http://purl.obolibrary.org/obo/GO_0044594
GO:0044604,MF,ABC-type phytochelatin transporter activity,http://purl.obolibrary.org/obo/GO_0044604
GO:0044611,CC,nuclear pore inner ring,http://purl.obolibrary.org/obo/GO_0044611
GO:0044613,CC,nuclear pore central transport channel,http://purl.obolibrary.org/obo/GO_0044613
GO:0044614,CC,nuclear pore cytoplasmic filaments,http://purl.obolibrary.org/obo/GO_0044614
GO:0044615,CC,nuclear pore nuclear basket,http://purl.obolibrary.org/obo/GO_0044615
GO:0044620,MF,ACP phosphopantetheine attachment site binding,http://purl.obolibrary.org/obo/GO_0044620
GO:0044687,MF,geranylfarnesyl diphosphate synthase activity,http://purl.obolibrary.org/obo/GO_0044687
GO:0044689,MF,"7,8-didemethyl-8-hydroxy-5-deazariboflavin synthase activity",http://purl.obolibrary.org/obo/GO_0044689
GO:0044706,BP,multi-multicellular organism process,http://purl.obolibrary.org/obo/GO_0044706
GO:0044715,MF,8-oxo-dGDP phosphatase activity,http://purl.obolibrary.org/obo/GO_0044715
GO:0044716,MF,8-oxo-GDP phosphatase activity,http://purl.obolibrary.org/obo/GO_0044716
GO:0044718,BP,siderophore transmembrane transport,http://purl.obolibrary.org/obo/GO_0044718
GO:0044743,BP,protein transmembrane import into intracellular organelle,http://purl.obolibrary.org/obo/GO_0044743
GO:0044747,BP,mature miRNA 3'-end processing,http://purl.obolibrary.org/obo/GO_0044747
GO:0044748,MF,3'-5'-exoribonuclease activity involved in mature miRNA 3'-end processing,http://purl.obolibrary.org/obo/GO_0044748
GO:0044769,MF,"ATPase activity, coupled to transmembrane movement of ions, rotational mechanism",http://purl.obolibrary.org/obo/GO_0044769
GO:0044770,BP,cell cycle phase transition,http://purl.obolibrary.org/obo/GO_0044770
GO:0044771,BP,meiotic cell cycle phase transition,http://purl.obolibrary.org/obo/GO_0044771
GO:0044772,BP,mitotic cell cycle phase transition,http://purl.obolibrary.org/obo/GO_0044772
GO:0044773,BP,mitotic DNA damage checkpoint signaling,http://purl.obolibrary.org/obo/GO_0044773
GO:0044774,BP,mitotic DNA integrity checkpoint signaling,http://purl.obolibrary.org/obo/GO_0044774
GO:0044778,BP,meiotic DNA integrity checkpoint signaling,http://purl.obolibrary.org/obo/GO_0044778
GO:0044779,BP,meiotic spindle checkpoint signaling,http://purl.obolibrary.org/obo/GO_0044779
GO:0044782,BP,cilium organization,http://purl.obolibrary.org/obo/GO_0044782
GO:0044784,BP,metaphase/anaphase transition of cell cycle,http://purl.obolibrary.org/obo/GO_0044784
GO:0044785,BP,metaphase/anaphase transition of meiotic cell cycle,http://purl.obolibrary.org/obo/GO_0044785
GO:0044786,BP,cell cycle DNA replication,http://purl.obolibrary.org/obo/GO_0044786
GO:0044788,BP,modulation by host of viral process,http://purl.obolibrary.org/obo/GO_0044788
GO:0044794,BP,positive regulation by host of viral process,http://purl.obolibrary.org/obo/GO_0044794
GO:0044796,CC,DNA polymerase processivity factor complex,http://purl.obolibrary.org/obo/GO_0044796
GO:0044804,BP,autophagy of nucleus,http://purl.obolibrary.org/obo/GO_0044804
GO:0044818,BP,mitotic G2/M transition checkpoint,http://purl.obolibrary.org/obo/GO_0044818
GO:0044821,BP,meiotic telomere tethering at nuclear periphery,http://purl.obolibrary.org/obo/GO_0044821
GO:0044827,BP,modulation by host of viral genome replication,http://purl.obolibrary.org/obo/GO_0044827
GO:0044830,BP,modulation by host of viral RNA genome replication,http://purl.obolibrary.org/obo/GO_0044830
GO:0044839,BP,cell cycle G2/M phase transition,http://purl.obolibrary.org/obo/GO_0044839
GO:0044843,BP,cell cycle G1/S phase transition,http://purl.obolibrary.org/obo/GO_0044843
GO:0044853,CC,plasma membrane raft,http://purl.obolibrary.org/obo/GO_0044853
GO:0044872,BP,lipoprotein localization,http://purl.obolibrary.org/obo/GO_0044872
GO:0044873,BP,lipoprotein localization to membrane,http://purl.obolibrary.org/obo/GO_0044873
GO:0044874,BP,lipoprotein localization to outer membrane,http://purl.obolibrary.org/obo/GO_0044874
GO:0044877,MF,protein-containing complex binding,http://purl.obolibrary.org/obo/GO_0044877
GO:0045002,BP,double-strand break repair via single-strand annealing,http://purl.obolibrary.org/obo/GO_0045002
GO:0045003,BP,double-strand break repair via synthesis-dependent strand annealing,http://purl.obolibrary.org/obo/GO_0045003
GO:0045004,BP,DNA replication proofreading,http://purl.obolibrary.org/obo/GO_0045004
GO:0045005,BP,DNA-dependent DNA replication maintenance of fidelity,http://purl.obolibrary.org/obo/GO_0045005
GO:0045010,BP,actin nucleation,http://purl.obolibrary.org/obo/GO_0045010
GO:0045013,BP,carbon catabolite repression of transcription,http://purl.obolibrary.org/obo/GO_0045013
GO:0045014,BP,carbon catabolite repression of transcription by glucose,http://purl.obolibrary.org/obo/GO_0045014
GO:0045017,BP,glycerolipid biosynthetic process,http://purl.obolibrary.org/obo/GO_0045017
GO:0045022,BP,early endosome to late endosome transport,http://purl.obolibrary.org/obo/GO_0045022
GO:0045025,CC,mitochondrial degradosome,http://purl.obolibrary.org/obo/GO_0045025
GO:0045026,BP,plasma membrane fusion,http://purl.obolibrary.org/obo/GO_0045026
GO:0045028,MF,G protein-coupled purinergic nucleotide receptor activity,http://purl.obolibrary.org/obo/GO_0045028
GO:0045036,BP,protein targeting to chloroplast,http://purl.obolibrary.org/obo/GO_0045036
GO:0045037,BP,protein import into chloroplast stroma,http://purl.obolibrary.org/obo/GO_0045037
GO:0045038,BP,protein import into chloroplast thylakoid membrane,http://purl.obolibrary.org/obo/GO_0045038
GO:0045039,BP,protein insertion into mitochondrial inner membrane,http://purl.obolibrary.org/obo/GO_0045039
GO:0045040,BP,protein insertion into mitochondrial outer membrane,http://purl.obolibrary.org/obo/GO_0045040
GO:0045041,BP,protein import into mitochondrial intermembrane space,http://purl.obolibrary.org/obo/GO_0045041
GO:0045046,BP,protein import into peroxisome membrane,http://purl.obolibrary.org/obo/GO_0045046
GO:0045047,BP,protein targeting to ER,http://purl.obolibrary.org/obo/GO_0045047
GO:0045048,BP,protein insertion into ER membrane,http://purl.obolibrary.org/obo/GO_0045048
GO:0045053,BP,protein retention in Golgi apparatus,http://purl.obolibrary.org/obo/GO_0045053
GO:0045055,BP,regulated exocytosis,http://purl.obolibrary.org/obo/GO_0045055
GO:0045056,BP,transcytosis,http://purl.obolibrary.org/obo/GO_0045056
GO:0045087,BP,innate immune response,http://purl.obolibrary.org/obo/GO_0045087
GO:0045088,BP,regulation of innate immune response,http://purl.obolibrary.org/obo/GO_0045088
GO:0045089,BP,positive regulation of innate immune response,http://purl.obolibrary.org/obo/GO_0045089
GO:0045098,CC,type III intermediate filament,http://purl.obolibrary.org/obo/GO_0045098
GO:0045111,CC,intermediate filament cytoskeleton,http://purl.obolibrary.org/obo/GO_0045111
GO:0045116,BP,protein neddylation,http://purl.obolibrary.org/obo/GO_0045116
GO:0045117,BP,azole transmembrane transport,http://purl.obolibrary.org/obo/GO_0045117
GO:0045121,CC,membrane raft,http://purl.obolibrary.org/obo/GO_0045121
GO:0045128,BP,negative regulation of reciprocal meiotic recombination,http://purl.obolibrary.org/obo/GO_0045128
GO:0045132,BP,meiotic chromosome segregation,http://purl.obolibrary.org/obo/GO_0045132
GO:0045134,MF,uridine-diphosphatase activity,http://purl.obolibrary.org/obo/GO_0045134
GO:0045140,MF,inositol phosphoceramide synthase activity,http://purl.obolibrary.org/obo/GO_0045140
GO:0045141,BP,meiotic telomere clustering,http://purl.obolibrary.org/obo/GO_0045141
GO:0045143,BP,homologous chromosome segregation,http://purl.obolibrary.org/obo/GO_0045143
GO:0045144,BP,meiotic sister chromatid segregation,http://purl.obolibrary.org/obo/GO_0045144
GO:0045145,MF,single-stranded DNA 5'-3' exodeoxyribonuclease activity,http://purl.obolibrary.org/obo/GO_0045145
GO:0045156,MF,"electron transporter, transferring electrons within the cyclic electron transport pathway of photosynthesis activity",http://purl.obolibrary.org/obo/GO_0045156
GO:0045157,MF,"electron transporter, transferring electrons within the noncyclic electron transport pathway of photosynthesis activity",http://purl.obolibrary.org/obo/GO_0045157
GO:0045159,MF,myosin II binding,http://purl.obolibrary.org/obo/GO_0045159
GO:0045165,BP,cell fate commitment,http://purl.obolibrary.org/obo/GO_0045165
GO:0045168,BP,cell-cell signaling involved in cell fate commitment,http://purl.obolibrary.org/obo/GO_0045168
GO:0045174,MF,glutathione dehydrogenase (ascorbate) activity,http://purl.obolibrary.org/obo/GO_0045174
GO:0045176,BP,apical protein localization,http://purl.obolibrary.org/obo/GO_0045176
GO:0045177,CC,apical part of cell,http://purl.obolibrary.org/obo/GO_0045177
GO:0045178,CC,basal part of cell,http://purl.obolibrary.org/obo/GO_0045178
GO:0045181,MF,"glutamate synthase activity, NAD(P)H as acceptor",http://purl.obolibrary.org/obo/GO_0045181
GO:0045182,MF,translation regulator activity,http://purl.obolibrary.org/obo/GO_0045182
GO:0045184,BP,establishment of protein localization,http://purl.obolibrary.org/obo/GO_0045184
GO:0045185,BP,maintenance of protein location,http://purl.obolibrary.org/obo/GO_0045185
GO:0045202,CC,synapse,http://purl.obolibrary.org/obo/GO_0045202
GO:0045216,BP,cell-cell junction organization,http://purl.obolibrary.org/obo/GO_0045216
GO:0045229,BP,external encapsulating structure organization,http://purl.obolibrary.org/obo/GO_0045229
GO:0045239,CC,tricarboxylic acid cycle enzyme complex,http://purl.obolibrary.org/obo/GO_0045239
GO:0045240,CC,dihydrolipoyl dehydrogenase complex,http://purl.obolibrary.org/obo/GO_0045240
GO:0045252,CC,oxoglutarate dehydrogenase complex,http://purl.obolibrary.org/obo/GO_0045252
GO:0045254,CC,pyruvate dehydrogenase complex,http://purl.obolibrary.org/obo/GO_0045254
GO:0045257,CC,succinate dehydrogenase complex (ubiquinone),http://purl.obolibrary.org/obo/GO_0045257
GO:0045259,CC,proton-transporting ATP synthase complex,http://purl.obolibrary.org/obo/GO_0045259
GO:0045261,CC,"proton-transporting ATP synthase complex, catalytic core F(1)",http://purl.obolibrary.org/obo/GO_0045261
GO:0045263,CC,"proton-transporting ATP synthase complex, coupling factor F(o)",http://purl.obolibrary.org/obo/GO_0045263
GO:0045265,CC,"proton-transporting ATP synthase, stator stalk",http://purl.obolibrary.org/obo/GO_0045265
GO:0045271,CC,respiratory chain complex I,http://purl.obolibrary.org/obo/GO_0045271
GO:0045273,CC,respiratory chain complex II,http://purl.obolibrary.org/obo/GO_0045273
GO:0045275,CC,respiratory chain complex III,http://purl.obolibrary.org/obo/GO_0045275
GO:0045277,CC,respiratory chain complex IV,http://purl.obolibrary.org/obo/GO_0045277
GO:0045281,CC,succinate dehydrogenase complex,http://purl.obolibrary.org/obo/GO_0045281
GO:0045283,CC,fumarate reductase complex,http://purl.obolibrary.org/obo/GO_0045283
GO:0045292,BP,"mRNA cis splicing, via spliceosome",http://purl.obolibrary.org/obo/GO_0045292
GO:0045298,CC,tubulin complex,http://purl.obolibrary.org/obo/GO_0045298
GO:0045300,MF,acyl-[acyl-carrier-protein] desaturase activity,http://purl.obolibrary.org/obo/GO_0045300
GO:0045309,MF,protein phosphorylated amino acid binding,http://purl.obolibrary.org/obo/GO_0045309
GO:0045320,CC,chloroplast proton-transporting ATP synthase complex,http://purl.obolibrary.org/obo/GO_0045320
GO:0045321,BP,leukocyte activation,http://purl.obolibrary.org/obo/GO_0045321
GO:0045324,BP,late endosome to vacuole transport,http://purl.obolibrary.org/obo/GO_0045324
GO:0045332,BP,phospholipid translocation,http://purl.obolibrary.org/obo/GO_0045332
GO:0045333,BP,cellular respiration,http://purl.obolibrary.org/obo/GO_0045333
GO:0045334,CC,clathrin-coated endocytic vesicle,http://purl.obolibrary.org/obo/GO_0045334
GO:0045335,CC,phagocytic vesicle,http://purl.obolibrary.org/obo/GO_0045335
GO:0045337,BP,farnesyl diphosphate biosynthetic process,http://purl.obolibrary.org/obo/GO_0045337
GO:0045338,BP,farnesyl diphosphate metabolic process,http://purl.obolibrary.org/obo/GO_0045338
GO:0045339,BP,farnesyl diphosphate catabolic process,http://purl.obolibrary.org/obo/GO_0045339
GO:0045428,BP,regulation of nitric oxide biosynthetic process,http://purl.obolibrary.org/obo/GO_0045428
GO:0045429,BP,positive regulation of nitric oxide biosynthetic process,http://purl.obolibrary.org/obo/GO_0045429
GO:0045430,MF,chalcone isomerase activity,http://purl.obolibrary.org/obo/GO_0045430
GO:0045431,MF,flavonol synthase activity,http://purl.obolibrary.org/obo/GO_0045431
GO:0045435,MF,lycopene epsilon cyclase activity,http://purl.obolibrary.org/obo/GO_0045435
GO:0045436,MF,lycopene beta cyclase activity,http://purl.obolibrary.org/obo/GO_0045436
GO:0045437,MF,uridine nucleosidase activity,http://purl.obolibrary.org/obo/GO_0045437
GO:0045454,BP,cell redox homeostasis,http://purl.obolibrary.org/obo/GO_0045454
GO:0045471,BP,response to ethanol,http://purl.obolibrary.org/obo/GO_0045471
GO:0045472,BP,response to ether,http://purl.obolibrary.org/obo/GO_0045472
GO:0045480,MF,galactose oxidase activity,http://purl.obolibrary.org/obo/GO_0045480
GO:0045485,MF,omega-6 fatty acid desaturase activity,http://purl.obolibrary.org/obo/GO_0045485
GO:0045486,MF,naringenin 3-dioxygenase activity,http://purl.obolibrary.org/obo/GO_0045486
GO:0045487,BP,gibberellin catabolic process,http://purl.obolibrary.org/obo/GO_0045487
GO:0045488,BP,pectin metabolic process,http://purl.obolibrary.org/obo/GO_0045488
GO:0045489,BP,pectin biosynthetic process,http://purl.obolibrary.org/obo/GO_0045489
GO:0045490,BP,pectin catabolic process,http://purl.obolibrary.org/obo/GO_0045490
GO:0045491,BP,xylan metabolic process,http://purl.obolibrary.org/obo/GO_0045491
GO:0045492,BP,xylan biosynthetic process,http://purl.obolibrary.org/obo/GO_0045492
GO:0045493,BP,xylan catabolic process,http://purl.obolibrary.org/obo/GO_0045493
GO:0045495,CC,pole plasm,http://purl.obolibrary.org/obo/GO_0045495
GO:0045503,MF,dynein light chain binding,http://purl.obolibrary.org/obo/GO_0045503
GO:0045504,MF,dynein heavy chain binding,http://purl.obolibrary.org/obo/GO_0045504
GO:0045505,MF,dynein intermediate chain binding,http://purl.obolibrary.org/obo/GO_0045505
GO:0045543,MF,gibberellin 2-beta-dioxygenase activity,http://purl.obolibrary.org/obo/GO_0045543
GO:0045544,MF,gibberellin 20-oxidase activity,http://purl.obolibrary.org/obo/GO_0045544
GO:0045547,MF,dehydrodolichyl diphosphate synthase activity,http://purl.obolibrary.org/obo/GO_0045547
GO:0045548,MF,phenylalanine ammonia-lyase activity,http://purl.obolibrary.org/obo/GO_0045548
GO:0045549,MF,9-cis-epoxycarotenoid dioxygenase activity,http://purl.obolibrary.org/obo/GO_0045549
GO:0045550,MF,geranylgeranyl reductase activity,http://purl.obolibrary.org/obo/GO_0045550
GO:0045551,MF,cinnamyl-alcohol dehydrogenase activity,http://purl.obolibrary.org/obo/GO_0045551
GO:0045552,MF,dihydrokaempferol 4-reductase activity,http://purl.obolibrary.org/obo/GO_0045552
GO:0045576,BP,mast cell activation,http://purl.obolibrary.org/obo/GO_0045576
GO:0045595,BP,regulation of cell differentiation,http://purl.obolibrary.org/obo/GO_0045595
GO:0045596,BP,negative regulation of cell differentiation,http://purl.obolibrary.org/obo/GO_0045596
GO:0045597,BP,positive regulation of cell differentiation,http://purl.obolibrary.org/obo/GO_0045597
GO:0045604,BP,regulation of epidermal cell differentiation,http://purl.obolibrary.org/obo/GO_0045604
GO:0045682,BP,regulation of epidermis development,http://purl.obolibrary.org/obo/GO_0045682
GO:0045691,BP,regulation of embryo sac central cell differentiation,http://purl.obolibrary.org/obo/GO_0045691
GO:0045694,BP,regulation of embryo sac egg cell differentiation,http://purl.obolibrary.org/obo/GO_0045694
GO:0045697,BP,regulation of synergid differentiation,http://purl.obolibrary.org/obo/GO_0045697
GO:0045703,MF,ketoreductase activity,http://purl.obolibrary.org/obo/GO_0045703
GO:0045717,BP,negative regulation of fatty acid biosynthetic process,http://purl.obolibrary.org/obo/GO_0045717
GO:0045721,BP,negative regulation of gluconeogenesis,http://purl.obolibrary.org/obo/GO_0045721
GO:0045723,BP,positive regulation of fatty acid biosynthetic process,http://purl.obolibrary.org/obo/GO_0045723
GO:0045724,BP,positive regulation of cilium assembly,http://purl.obolibrary.org/obo/GO_0045724
GO:0045727,BP,positive regulation of translation,http://purl.obolibrary.org/obo/GO_0045727
GO:0045730,BP,respiratory burst,http://purl.obolibrary.org/obo/GO_0045730
GO:0045732,BP,positive regulation of protein catabolic process,http://purl.obolibrary.org/obo/GO_0045732
GO:0045735,MF,nutrient reservoir activity,http://purl.obolibrary.org/obo/GO_0045735
GO:0045736,BP,negative regulation of cyclin-dependent protein serine/threonine kinase activity,http://purl.obolibrary.org/obo/GO_0045736
GO:0045738,BP,negative regulation of DNA repair,http://purl.obolibrary.org/obo/GO_0045738
GO:0045739,BP,positive regulation of DNA repair,http://purl.obolibrary.org/obo/GO_0045739
GO:0045740,BP,positive regulation of DNA replication,http://purl.obolibrary.org/obo/GO_0045740
GO:0045763,BP,negative regulation of cellular amino acid metabolic process,http://purl.obolibrary.org/obo/GO_0045763
GO:0045764,BP,positive regulation of cellular amino acid metabolic process,http://purl.obolibrary.org/obo/GO_0045764
GO:0045770,BP,positive regulation of asymmetric cell division,http://purl.obolibrary.org/obo/GO_0045770
GO:0045785,BP,positive regulation of cell adhesion,http://purl.obolibrary.org/obo/GO_0045785
GO:0045786,BP,negative regulation of cell cycle,http://purl.obolibrary.org/obo/GO_0045786
GO:0045787,BP,positive regulation of cell cycle,http://purl.obolibrary.org/obo/GO_0045787
GO:0045792,BP,negative regulation of cell size,http://purl.obolibrary.org/obo/GO_0045792
GO:0045793,BP,positive regulation of cell size,http://purl.obolibrary.org/obo/GO_0045793
GO:0045806,BP,negative regulation of endocytosis,http://purl.obolibrary.org/obo/GO_0045806
GO:0045807,BP,positive regulation of endocytosis,http://purl.obolibrary.org/obo/GO_0045807
GO:0045814,BP,"negative regulation of gene expression, epigenetic",http://purl.obolibrary.org/obo/GO_0045814
GO:0045815,BP,"positive regulation of gene expression, epigenetic",http://purl.obolibrary.org/obo/GO_0045815
GO:0045820,BP,negative regulation of glycolytic process,http://purl.obolibrary.org/obo/GO_0045820
GO:0045824,BP,negative regulation of innate immune response,http://purl.obolibrary.org/obo/GO_0045824
GO:0045827,BP,negative regulation of isoprenoid metabolic process,http://purl.obolibrary.org/obo/GO_0045827
GO:0045828,BP,positive regulation of isoprenoid metabolic process,http://purl.obolibrary.org/obo/GO_0045828
GO:0045833,BP,negative regulation of lipid metabolic process,http://purl.obolibrary.org/obo/GO_0045833
GO:0045834,BP,positive regulation of lipid metabolic process,http://purl.obolibrary.org/obo/GO_0045834
GO:0045835,BP,negative regulation of meiotic nuclear division,http://purl.obolibrary.org/obo/GO_0045835
GO:0045836,BP,positive regulation of meiotic nuclear division,http://purl.obolibrary.org/obo/GO_0045836
GO:0045839,BP,negative regulation of mitotic nuclear division,http://purl.obolibrary.org/obo/GO_0045839
GO:0045840,BP,positive regulation of mitotic nuclear division,http://purl.obolibrary.org/obo/GO_0045840
GO:0045841,BP,negative regulation of mitotic metaphase/anaphase transition,http://purl.obolibrary.org/obo/GO_0045841
GO:0045842,BP,positive regulation of mitotic metaphase/anaphase transition,http://purl.obolibrary.org/obo/GO_0045842
GO:0045848,BP,positive regulation of nitrogen utilization,http://purl.obolibrary.org/obo/GO_0045848
GO:0045851,BP,pH reduction,http://purl.obolibrary.org/obo/GO_0045851
GO:0045859,BP,regulation of protein kinase activity,http://purl.obolibrary.org/obo/GO_0045859
GO:0045860,BP,positive regulation of protein kinase activity,http://purl.obolibrary.org/obo/GO_0045860
GO:0045861,BP,negative regulation of proteolysis,http://purl.obolibrary.org/obo/GO_0045861
GO:0045862,BP,positive regulation of proteolysis,http://purl.obolibrary.org/obo/GO_0045862
GO:0045876,BP,positive regulation of sister chromatid cohesion,http://purl.obolibrary.org/obo/GO_0045876
GO:0045892,BP,"negative regulation of transcription, DNA-templated",http://purl.obolibrary.org/obo/GO_0045892
GO:0045893,BP,"positive regulation of transcription, DNA-templated",http://purl.obolibrary.org/obo/GO_0045893
GO:0045898,BP,regulation of RNA polymerase II transcription preinitiation complex assembly,http://purl.obolibrary.org/obo/GO_0045898
GO:0045899,BP,positive regulation of RNA polymerase II transcription preinitiation complex assembly,http://purl.obolibrary.org/obo/GO_0045899
GO:0045900,BP,negative regulation of translational elongation,http://purl.obolibrary.org/obo/GO_0045900
GO:0045905,BP,positive regulation of translational termination,http://purl.obolibrary.org/obo/GO_0045905
GO:0045910,BP,negative regulation of DNA recombination,http://purl.obolibrary.org/obo/GO_0045910
GO:0045911,BP,positive regulation of DNA recombination,http://purl.obolibrary.org/obo/GO_0045911
GO:0045912,BP,negative regulation of carbohydrate metabolic process,http://purl.obolibrary.org/obo/GO_0045912
GO:0045913,BP,positive regulation of carbohydrate metabolic process,http://purl.obolibrary.org/obo/GO_0045913
GO:0045921,BP,positive regulation of exocytosis,http://purl.obolibrary.org/obo/GO_0045921
GO:0045922,BP,negative regulation of fatty acid metabolic process,http://purl.obolibrary.org/obo/GO_0045922
GO:0045923,BP,positive regulation of fatty acid metabolic process,http://purl.obolibrary.org/obo/GO_0045923
GO:0045926,BP,negative regulation of growth,http://purl.obolibrary.org/obo/GO_0045926
GO:0045927,BP,positive regulation of growth,http://purl.obolibrary.org/obo/GO_0045927
GO:0045930,BP,negative regulation of mitotic cell cycle,http://purl.obolibrary.org/obo/GO_0045930
GO:0045931,BP,positive regulation of mitotic cell cycle,http://purl.obolibrary.org/obo/GO_0045931
GO:0045934,BP,negative regulation of nucleobase-containing compound metabolic process,http://purl.obolibrary.org/obo/GO_0045934
GO:0045935,BP,positive regulation of nucleobase-containing compound metabolic process,http://purl.obolibrary.org/obo/GO_0045935
GO:0045936,BP,negative regulation of phosphate metabolic process,http://purl.obolibrary.org/obo/GO_0045936
GO:0045937,BP,positive regulation of phosphate metabolic process,http://purl.obolibrary.org/obo/GO_0045937
GO:0045939,BP,negative regulation of steroid metabolic process,http://purl.obolibrary.org/obo/GO_0045939
GO:0045940,BP,positive regulation of steroid metabolic process,http://purl.obolibrary.org/obo/GO_0045940
GO:0045943,BP,positive regulation of transcription by RNA polymerase I,http://purl.obolibrary.org/obo/GO_0045943
GO:0045944,BP,positive regulation of transcription by RNA polymerase II,http://purl.obolibrary.org/obo/GO_0045944
GO:0045948,BP,positive regulation of translational initiation,http://purl.obolibrary.org/obo/GO_0045948
GO:0045951,BP,positive regulation of mitotic recombination,http://purl.obolibrary.org/obo/GO_0045951
GO:0045962,BP,"positive regulation of development, heterochronic",http://purl.obolibrary.org/obo/GO_0045962
GO:0045980,BP,negative regulation of nucleotide metabolic process,http://purl.obolibrary.org/obo/GO_0045980
GO:0045981,BP,positive regulation of nucleotide metabolic process,http://purl.obolibrary.org/obo/GO_0045981
GO:0045990,BP,carbon catabolite regulation of transcription,http://purl.obolibrary.org/obo/GO_0045990
GO:0045992,BP,negative regulation of embryonic development,http://purl.obolibrary.org/obo/GO_0045992
GO:0045995,BP,regulation of embryonic development,http://purl.obolibrary.org/obo/GO_0045995
GO:0046015,BP,regulation of transcription by glucose,http://purl.obolibrary.org/obo/GO_0046015
GO:0046027,MF,phospholipid:diacylglycerol acyltransferase activity,http://purl.obolibrary.org/obo/GO_0046027
GO:0046028,MF,"electron transporter, transferring electrons from cytochrome b6/f complex of photosystem II activity",http://purl.obolibrary.org/obo/GO_0046028
GO:0046029,MF,mannitol dehydrogenase activity,http://purl.obolibrary.org/obo/GO_0046029
GO:0046030,MF,inositol trisphosphate phosphatase activity,http://purl.obolibrary.org/obo/GO_0046030
GO:0046031,BP,ADP metabolic process,http://purl.obolibrary.org/obo/GO_0046031
GO:0046032,BP,ADP catabolic process,http://purl.obolibrary.org/obo/GO_0046032
GO:0046033,BP,AMP metabolic process,http://purl.obolibrary.org/obo/GO_0046033
GO:0046034,BP,ATP metabolic process,http://purl.obolibrary.org/obo/GO_0046034
GO:0046036,BP,CTP metabolic process,http://purl.obolibrary.org/obo/GO_0046036
GO:0046037,BP,GMP metabolic process,http://purl.obolibrary.org/obo/GO_0046037
GO:0046039,BP,GTP metabolic process,http://purl.obolibrary.org/obo/GO_0046039
GO:0046040,BP,IMP metabolic process,http://purl.obolibrary.org/obo/GO_0046040
GO:0046046,BP,TTP metabolic process,http://purl.obolibrary.org/obo/GO_0046046
GO:0046047,BP,TTP catabolic process,http://purl.obolibrary.org/obo/GO_0046047
GO:0046048,BP,UDP metabolic process,http://purl.obolibrary.org/obo/GO_0046048
GO:0046049,BP,UMP metabolic process,http://purl.obolibrary.org/obo/GO_0046049
GO:0046051,BP,UTP metabolic process,http://purl.obolibrary.org/obo/GO_0046051
GO:0046052,BP,UTP catabolic process,http://purl.obolibrary.org/obo/GO_0046052
GO:0046058,BP,cAMP metabolic process,http://purl.obolibrary.org/obo/GO_0046058
GO:0046060,BP,dATP metabolic process,http://purl.obolibrary.org/obo/GO_0046060
GO:0046061,BP,dATP catabolic process,http://purl.obolibrary.org/obo/GO_0046061
GO:0046065,BP,dCTP metabolic process,http://purl.obolibrary.org/obo/GO_0046065
GO:0046068,BP,cGMP metabolic process,http://purl.obolibrary.org/obo/GO_0046068
GO:0046070,BP,dGTP metabolic process,http://purl.obolibrary.org/obo/GO_0046070
GO:0046072,BP,dTDP metabolic process,http://purl.obolibrary.org/obo/GO_0046072
GO:0046073,BP,dTMP metabolic process,http://purl.obolibrary.org/obo/GO_0046073
GO:0046075,BP,dTTP metabolic process,http://purl.obolibrary.org/obo/GO_0046075
GO:0046076,BP,dTTP catabolic process,http://purl.obolibrary.org/obo/GO_0046076
GO:0046077,BP,dUDP metabolic process,http://purl.obolibrary.org/obo/GO_0046077
GO:0046078,BP,dUMP metabolic process,http://purl.obolibrary.org/obo/GO_0046078
GO:0046080,BP,dUTP metabolic process,http://purl.obolibrary.org/obo/GO_0046080
GO:0046081,BP,dUTP catabolic process,http://purl.obolibrary.org/obo/GO_0046081
GO:0046083,BP,adenine metabolic process,http://purl.obolibrary.org/obo/GO_0046083
GO:0046084,BP,adenine biosynthetic process,http://purl.obolibrary.org/obo/GO_0046084
GO:0046085,BP,adenosine metabolic process,http://purl.obolibrary.org/obo/GO_0046085
GO:0046086,BP,adenosine biosynthetic process,http://purl.obolibrary.org/obo/GO_0046086
GO:0046087,BP,cytidine metabolic process,http://purl.obolibrary.org/obo/GO_0046087
GO:0046098,BP,guanine metabolic process,http://purl.obolibrary.org/obo/GO_0046098
GO:0046099,BP,guanine biosynthetic process,http://purl.obolibrary.org/obo/GO_0046099
GO:0046100,BP,hypoxanthine metabolic process,http://purl.obolibrary.org/obo/GO_0046100
GO:0046101,BP,hypoxanthine biosynthetic process,http://purl.obolibrary.org/obo/GO_0046101
GO:0046102,BP,inosine metabolic process,http://purl.obolibrary.org/obo/GO_0046102
GO:0046103,BP,inosine biosynthetic process,http://purl.obolibrary.org/obo/GO_0046103
GO:0046104,BP,thymidine metabolic process,http://purl.obolibrary.org/obo/GO_0046104
GO:0046108,BP,uridine metabolic process,http://purl.obolibrary.org/obo/GO_0046108
GO:0046109,BP,uridine biosynthetic process,http://purl.obolibrary.org/obo/GO_0046109
GO:0046110,BP,xanthine metabolic process,http://purl.obolibrary.org/obo/GO_0046110
GO:0046112,BP,nucleobase biosynthetic process,http://purl.obolibrary.org/obo/GO_0046112
GO:0046113,BP,nucleobase catabolic process,http://purl.obolibrary.org/obo/GO_0046113
GO:0046125,BP,pyrimidine deoxyribonucleoside metabolic process,http://purl.obolibrary.org/obo/GO_0046125
GO:0046128,BP,purine ribonucleoside metabolic process,http://purl.obolibrary.org/obo/GO_0046128
GO:0046129,BP,purine ribonucleoside biosynthetic process,http://purl.obolibrary.org/obo/GO_0046129
GO:0046130,BP,purine ribonucleoside catabolic process,http://purl.obolibrary.org/obo/GO_0046130
GO:0046131,BP,pyrimidine ribonucleoside metabolic process,http://purl.obolibrary.org/obo/GO_0046131
GO:0046132,BP,pyrimidine ribonucleoside biosynthetic process,http://purl.obolibrary.org/obo/GO_0046132
GO:0046133,BP,pyrimidine ribonucleoside catabolic process,http://purl.obolibrary.org/obo/GO_0046133
GO:0046134,BP,pyrimidine nucleoside biosynthetic process,http://purl.obolibrary.org/obo/GO_0046134
GO:0046135,BP,pyrimidine nucleoside catabolic process,http://purl.obolibrary.org/obo/GO_0046135
GO:0046136,BP,positive regulation of vitamin metabolic process,http://purl.obolibrary.org/obo/GO_0046136
GO:0046137,BP,negative regulation of vitamin metabolic process,http://purl.obolibrary.org/obo/GO_0046137
GO:0046146,BP,tetrahydrobiopterin metabolic process,http://purl.obolibrary.org/obo/GO_0046146
GO:0046148,BP,pigment biosynthetic process,http://purl.obolibrary.org/obo/GO_0046148
GO:0046149,BP,pigment catabolic process,http://purl.obolibrary.org/obo/GO_0046149
GO:0046156,BP,siroheme metabolic process,http://purl.obolibrary.org/obo/GO_0046156
GO:0046160,BP,heme a metabolic process,http://purl.obolibrary.org/obo/GO_0046160
GO:0046164,BP,alcohol catabolic process,http://purl.obolibrary.org/obo/GO_0046164
GO:0046165,BP,alcohol biosynthetic process,http://purl.obolibrary.org/obo/GO_0046165
GO:0046166,BP,glyceraldehyde-3-phosphate biosynthetic process,http://purl.obolibrary.org/obo/GO_0046166
GO:0046167,BP,glycerol-3-phosphate biosynthetic process,http://purl.obolibrary.org/obo/GO_0046167
GO:0046168,BP,glycerol-3-phosphate catabolic process,http://purl.obolibrary.org/obo/GO_0046168
GO:0046173,BP,polyol biosynthetic process,http://purl.obolibrary.org/obo/GO_0046173
GO:0046174,BP,polyol catabolic process,http://purl.obolibrary.org/obo/GO_0046174
GO:0046176,BP,aldonic acid catabolic process,http://purl.obolibrary.org/obo/GO_0046176
GO:0046177,BP,D-gluconate catabolic process,http://purl.obolibrary.org/obo/GO_0046177
GO:0046184,BP,aldehyde biosynthetic process,http://purl.obolibrary.org/obo/GO_0046184
GO:0046185,BP,aldehyde catabolic process,http://purl.obolibrary.org/obo/GO_0046185
GO:0046189,BP,phenol-containing compound biosynthetic process,http://purl.obolibrary.org/obo/GO_0046189
GO:0046197,BP,orcinol biosynthetic process,http://purl.obolibrary.org/obo/GO_0046197
GO:0046203,BP,spermidine catabolic process,http://purl.obolibrary.org/obo/GO_0046203
GO:0046208,BP,spermine catabolic process,http://purl.obolibrary.org/obo/GO_0046208
GO:0046209,BP,nitric oxide metabolic process,http://purl.obolibrary.org/obo/GO_0046209
GO:0046211,BP,(+)-camphor biosynthetic process,http://purl.obolibrary.org/obo/GO_0046211
GO:0046217,BP,indole phytoalexin metabolic process,http://purl.obolibrary.org/obo/GO_0046217
GO:0046219,BP,indolalkylamine biosynthetic process,http://purl.obolibrary.org/obo/GO_0046219
GO:0046244,BP,salicylic acid catabolic process,http://purl.obolibrary.org/obo/GO_0046244
GO:0046246,BP,terpene biosynthetic process,http://purl.obolibrary.org/obo/GO_0046246
GO:0046247,BP,terpene catabolic process,http://purl.obolibrary.org/obo/GO_0046247
GO:0046248,BP,alpha-pinene biosynthetic process,http://purl.obolibrary.org/obo/GO_0046248
GO:0046250,BP,limonene biosynthetic process,http://purl.obolibrary.org/obo/GO_0046250
GO:0046256,BP,"2,4,6-trinitrotoluene catabolic process",http://purl.obolibrary.org/obo/GO_0046256
GO:0046260,BP,trinitrotoluene catabolic process,http://purl.obolibrary.org/obo/GO_0046260
GO:0046263,BP,nitrotoluene catabolic process,http://purl.obolibrary.org/obo/GO_0046263
GO:0046271,BP,phenylpropanoid catabolic process,http://purl.obolibrary.org/obo/GO_0046271
GO:0046273,BP,lignan catabolic process,http://purl.obolibrary.org/obo/GO_0046273
GO:0046274,BP,lignin catabolic process,http://purl.obolibrary.org/obo/GO_0046274
GO:0046275,BP,flavonoid catabolic process,http://purl.obolibrary.org/obo/GO_0046275
GO:0046278,BP,"3,4-dihydroxybenzoate metabolic process",http://purl.obolibrary.org/obo/GO_0046278
GO:0046283,BP,anthocyanin-containing compound metabolic process,http://purl.obolibrary.org/obo/GO_0046283
GO:0046284,BP,anthocyanin-containing compound catabolic process,http://purl.obolibrary.org/obo/GO_0046284
GO:0046287,BP,isoflavonoid metabolic process,http://purl.obolibrary.org/obo/GO_0046287
GO:0046289,BP,isoflavonoid phytoalexin metabolic process,http://purl.obolibrary.org/obo/GO_0046289
GO:0046292,BP,formaldehyde metabolic process,http://purl.obolibrary.org/obo/GO_0046292
GO:0046294,BP,formaldehyde catabolic process,http://purl.obolibrary.org/obo/GO_0046294
GO:0046316,MF,gluconokinase activity,http://purl.obolibrary.org/obo/GO_0046316
GO:0046320,BP,regulation of fatty acid oxidation,http://purl.obolibrary.org/obo/GO_0046320
GO:0046321,BP,positive regulation of fatty acid oxidation,http://purl.obolibrary.org/obo/GO_0046321
GO:0046322,BP,negative regulation of fatty acid oxidation,http://purl.obolibrary.org/obo/GO_0046322
GO:0046337,BP,phosphatidylethanolamine metabolic process,http://purl.obolibrary.org/obo/GO_0046337
GO:0046339,BP,diacylglycerol metabolic process,http://purl.obolibrary.org/obo/GO_0046339
GO:0046340,BP,diacylglycerol catabolic process,http://purl.obolibrary.org/obo/GO_0046340
GO:0046341,BP,CDP-diacylglycerol metabolic process,http://purl.obolibrary.org/obo/GO_0046341
GO:0046345,BP,abscisic acid catabolic process,http://purl.obolibrary.org/obo/GO_0046345
GO:0046348,BP,amino sugar catabolic process,http://purl.obolibrary.org/obo/GO_0046348
GO:0046349,BP,amino sugar biosynthetic process,http://purl.obolibrary.org/obo/GO_0046349
GO:0046351,BP,disaccharide biosynthetic process,http://purl.obolibrary.org/obo/GO_0046351
GO:0046352,BP,disaccharide catabolic process,http://purl.obolibrary.org/obo/GO_0046352
GO:0046354,BP,mannan biosynthetic process,http://purl.obolibrary.org/obo/GO_0046354
GO:0046359,BP,butyrate catabolic process,http://purl.obolibrary.org/obo/GO_0046359
GO:0046364,BP,monosaccharide biosynthetic process,http://purl.obolibrary.org/obo/GO_0046364
GO:0046365,BP,monosaccharide catabolic process,http://purl.obolibrary.org/obo/GO_0046365
GO:0046368,BP,GDP-L-fucose metabolic process,http://purl.obolibrary.org/obo/GO_0046368
GO:0046377,BP,colanic acid metabolic process,http://purl.obolibrary.org/obo/GO_0046377
GO:0046378,BP,enterobacterial common antigen metabolic process,http://purl.obolibrary.org/obo/GO_0046378
GO:0046380,BP,N-acetylneuraminate biosynthetic process,http://purl.obolibrary.org/obo/GO_0046380
GO:0046383,BP,dTDP-rhamnose metabolic process,http://purl.obolibrary.org/obo/GO_0046383
GO:0046385,BP,deoxyribose phosphate biosynthetic process,http://purl.obolibrary.org/obo/GO_0046385
GO:0046386,BP,deoxyribose phosphate catabolic process,http://purl.obolibrary.org/obo/GO_0046386
GO:0046390,BP,ribose phosphate biosynthetic process,http://purl.obolibrary.org/obo/GO_0046390
GO:0046391,BP,5-phosphoribose 1-diphosphate metabolic process,http://purl.obolibrary.org/obo/GO_0046391
GO:0046394,BP,carboxylic acid biosynthetic process,http://purl.obolibrary.org/obo/GO_0046394
GO:0046395,BP,carboxylic acid catabolic process,http://purl.obolibrary.org/obo/GO_0046395
GO:0046396,BP,D-galacturonate metabolic process,http://purl.obolibrary.org/obo/GO_0046396
GO:0046397,BP,galacturonate catabolic process,http://purl.obolibrary.org/obo/GO_0046397
GO:0046398,BP,UDP-glucuronate metabolic process,http://purl.obolibrary.org/obo/GO_0046398
GO:0046403,MF,polynucleotide 3'-phosphatase activity,http://purl.obolibrary.org/obo/GO_0046403
GO:0046404,MF,polydeoxyribonucleotide 5'-hydroxyl-kinase activity,http://purl.obolibrary.org/obo/GO_0046404
GO:0046406,MF,magnesium protoporphyrin IX methyltransferase activity,http://purl.obolibrary.org/obo/GO_0046406
GO:0046409,MF,p-coumarate 3-hydroxylase activity,http://purl.obolibrary.org/obo/GO_0046409
GO:0046415,BP,urate metabolic process,http://purl.obolibrary.org/obo/GO_0046415
GO:0046416,BP,D-amino acid metabolic process,http://purl.obolibrary.org/obo/GO_0046416
GO:0046417,BP,chorismate metabolic process,http://purl.obolibrary.org/obo/GO_0046417
GO:0046422,MF,violaxanthin de-epoxidase activity,http://purl.obolibrary.org/obo/GO_0046422
GO:0046423,MF,allene-oxide cyclase activity,http://purl.obolibrary.org/obo/GO_0046423
GO:0046428,MF,"1,4-dihydroxy-2-naphthoate octaprenyltransferase activity",http://purl.obolibrary.org/obo/GO_0046428
GO:0046429,MF,4-hydroxy-3-methylbut-2-en-1-yl diphosphate synthase activity,http://purl.obolibrary.org/obo/GO_0046429
GO:0046434,BP,organophosphate catabolic process,http://purl.obolibrary.org/obo/GO_0046434
GO:0046437,BP,D-amino acid biosynthetic process,http://purl.obolibrary.org/obo/GO_0046437
GO:0046438,BP,D-cysteine metabolic process,http://purl.obolibrary.org/obo/GO_0046438
GO:0046439,BP,L-cysteine metabolic process,http://purl.obolibrary.org/obo/GO_0046439
GO:0046440,BP,L-lysine metabolic process,http://purl.obolibrary.org/obo/GO_0046440
GO:0046443,BP,FAD metabolic process,http://purl.obolibrary.org/obo/GO_0046443
GO:0046444,BP,FMN metabolic process,http://purl.obolibrary.org/obo/GO_0046444
GO:0046445,BP,benzyl isoquinoline alkaloid metabolic process,http://purl.obolibrary.org/obo/GO_0046445
GO:0046447,BP,terpenoid indole alkaloid metabolic process,http://purl.obolibrary.org/obo/GO_0046447
GO:0046448,BP,tropane alkaloid metabolic process,http://purl.obolibrary.org/obo/GO_0046448
GO:0046451,BP,diaminopimelate metabolic process,http://purl.obolibrary.org/obo/GO_0046451
GO:0046452,BP,dihydrofolate metabolic process,http://purl.obolibrary.org/obo/GO_0046452
GO:0046459,BP,short-chain fatty acid metabolic process,http://purl.obolibrary.org/obo/GO_0046459
GO:0046460,BP,neutral lipid biosynthetic process,http://purl.obolibrary.org/obo/GO_0046460
GO:0046461,BP,neutral lipid catabolic process,http://purl.obolibrary.org/obo/GO_0046461
GO:0046462,BP,monoacylglycerol metabolic process,http://purl.obolibrary.org/obo/GO_0046462
GO:0046463,BP,acylglycerol biosynthetic process,http://purl.obolibrary.org/obo/GO_0046463
GO:0046464,BP,acylglycerol catabolic process,http://purl.obolibrary.org/obo/GO_0046464
GO:0046466,BP,membrane lipid catabolic process,http://purl.obolibrary.org/obo/GO_0046466
GO:0046467,BP,membrane lipid biosynthetic process,http://purl.obolibrary.org/obo/GO_0046467
GO:0046470,BP,phosphatidylcholine metabolic process,http://purl.obolibrary.org/obo/GO_0046470
GO:0046471,BP,phosphatidylglycerol metabolic process,http://purl.obolibrary.org/obo/GO_0046471
GO:0046473,BP,phosphatidic acid metabolic process,http://purl.obolibrary.org/obo/GO_0046473
GO:0046474,BP,glycerophospholipid biosynthetic process,http://purl.obolibrary.org/obo/GO_0046474
GO:0046475,BP,glycerophospholipid catabolic process,http://purl.obolibrary.org/obo/GO_0046475
GO:0046476,BP,glycosylceramide biosynthetic process,http://purl.obolibrary.org/obo/GO_0046476
GO:0046479,BP,glycosphingolipid catabolic process,http://purl.obolibrary.org/obo/GO_0046479
GO:0046482,BP,para-aminobenzoic acid metabolic process,http://purl.obolibrary.org/obo/GO_0046482
GO:0046484,BP,oxazole or thiazole metabolic process,http://purl.obolibrary.org/obo/GO_0046484
GO:0046486,BP,glycerolipid metabolic process,http://purl.obolibrary.org/obo/GO_0046486
GO:0046487,BP,glyoxylate metabolic process,http://purl.obolibrary.org/obo/GO_0046487
GO:0046488,BP,phosphatidylinositol metabolic process,http://purl.obolibrary.org/obo/GO_0046488
GO:0046490,BP,isopentenyl diphosphate metabolic process,http://purl.obolibrary.org/obo/GO_0046490
GO:0046491,BP,L-methylmalonyl-CoA metabolic process,http://purl.obolibrary.org/obo/GO_0046491
GO:0046493,BP,lipid A metabolic process,http://purl.obolibrary.org/obo/GO_0046493
GO:0046495,BP,nicotinamide riboside metabolic process,http://purl.obolibrary.org/obo/GO_0046495
GO:0046496,BP,nicotinamide nucleotide metabolic process,http://purl.obolibrary.org/obo/GO_0046496
GO:0046500,BP,S-adenosylmethionine metabolic process,http://purl.obolibrary.org/obo/GO_0046500
GO:0046501,BP,protoporphyrinogen IX metabolic process,http://purl.obolibrary.org/obo/GO_0046501
GO:0046502,BP,uroporphyrinogen III metabolic process,http://purl.obolibrary.org/obo/GO_0046502
GO:0046503,BP,glycerolipid catabolic process,http://purl.obolibrary.org/obo/GO_0046503
GO:0046505,BP,sulfolipid metabolic process,http://purl.obolibrary.org/obo/GO_0046505
GO:0046506,BP,sulfolipid biosynthetic process,http://purl.obolibrary.org/obo/GO_0046506
GO:0046507,MF,UDPsulfoquinovose synthase activity,http://purl.obolibrary.org/obo/GO_0046507
GO:0046508,MF,"hydrolase activity, acting on carbon-sulfur bonds",http://purl.obolibrary.org/obo/GO_0046508
GO:0046509,MF,"1,2-diacylglycerol 3-beta-galactosyltransferase activity",http://purl.obolibrary.org/obo/GO_0046509
GO:0046510,MF,UDP-sulfoquinovose:DAG sulfoquinovosyltransferase activity,http://purl.obolibrary.org/obo/GO_0046510
GO:0046512,BP,sphingosine biosynthetic process,http://purl.obolibrary.org/obo/GO_0046512
GO:0046513,BP,ceramide biosynthetic process,http://purl.obolibrary.org/obo/GO_0046513
GO:0046514,BP,ceramide catabolic process,http://purl.obolibrary.org/obo/GO_0046514
GO:0046519,BP,sphingoid metabolic process,http://purl.obolibrary.org/obo/GO_0046519
GO:0046520,BP,sphingoid biosynthetic process,http://purl.obolibrary.org/obo/GO_0046520
GO:0046521,BP,sphingoid catabolic process,http://purl.obolibrary.org/obo/GO_0046521
GO:0046522,MF,S-methyl-5-thioribose kinase activity,http://purl.obolibrary.org/obo/GO_0046522
GO:0046523,MF,S-methyl-5-thioribose-1-phosphate isomerase activity,http://purl.obolibrary.org/obo/GO_0046523
GO:0046524,MF,sucrose-phosphate synthase activity,http://purl.obolibrary.org/obo/GO_0046524
GO:0046526,MF,D-xylulose reductase activity,http://purl.obolibrary.org/obo/GO_0046526
GO:0046527,MF,glucosyltransferase activity,http://purl.obolibrary.org/obo/GO_0046527
GO:0046537,MF,"2,3-bisphosphoglycerate-independent phosphoglycerate mutase activity",http://purl.obolibrary.org/obo/GO_0046537
GO:0046540,CC,U4/U6 x U5 tri-snRNP complex,http://purl.obolibrary.org/obo/GO_0046540
GO:0046556,MF,alpha-L-arabinofuranosidase activity,http://purl.obolibrary.org/obo/GO_0046556
GO:0046566,MF,DOPA dioxygenase activity,http://purl.obolibrary.org/obo/GO_0046566
GO:0046570,MF,methylthioribulose 1-phosphate dehydratase activity,http://purl.obolibrary.org/obo/GO_0046570
GO:0046577,MF,long-chain-alcohol oxidase activity,http://purl.obolibrary.org/obo/GO_0046577
GO:0046583,MF,cation efflux transmembrane transporter activity,http://purl.obolibrary.org/obo/GO_0046583
GO:0046592,MF,polyamine oxidase activity,http://purl.obolibrary.org/obo/GO_0046592
GO:0046593,MF,mandelonitrile lyase activity,http://purl.obolibrary.org/obo/GO_0046593
GO:0046608,MF,carotenoid isomerase activity,http://purl.obolibrary.org/obo/GO_0046608
GO:0046620,BP,regulation of organ growth,http://purl.obolibrary.org/obo/GO_0046620
GO:0046621,BP,negative regulation of organ growth,http://purl.obolibrary.org/obo/GO_0046621
GO:0046622,BP,positive regulation of organ growth,http://purl.obolibrary.org/obo/GO_0046622
GO:0046624,MF,sphingolipid transporter activity,http://purl.obolibrary.org/obo/GO_0046624
GO:0046625,MF,sphingolipid binding,http://purl.obolibrary.org/obo/GO_0046625
GO:0046653,BP,tetrahydrofolate metabolic process,http://purl.obolibrary.org/obo/GO_0046653
GO:0046654,BP,tetrahydrofolate biosynthetic process,http://purl.obolibrary.org/obo/GO_0046654
GO:0046655,BP,folic acid metabolic process,http://purl.obolibrary.org/obo/GO_0046655
GO:0046656,BP,folic acid biosynthetic process,http://purl.obolibrary.org/obo/GO_0046656
GO:0046657,BP,folic acid catabolic process,http://purl.obolibrary.org/obo/GO_0046657
GO:0046662,BP,regulation of oviposition,http://purl.obolibrary.org/obo/GO_0046662
GO:0046677,BP,response to antibiotic,http://purl.obolibrary.org/obo/GO_0046677
GO:0046680,BP,response to DDT,http://purl.obolibrary.org/obo/GO_0046680
GO:0046683,BP,response to organophosphorus,http://purl.obolibrary.org/obo/GO_0046683
GO:0046685,BP,response to arsenic-containing substance,http://purl.obolibrary.org/obo/GO_0046685
GO:0046686,BP,response to cadmium ion,http://purl.obolibrary.org/obo/GO_0046686
GO:0046688,BP,response to copper ion,http://purl.obolibrary.org/obo/GO_0046688
GO:0046704,BP,CDP metabolic process,http://purl.obolibrary.org/obo/GO_0046704
GO:0046705,BP,CDP biosynthetic process,http://purl.obolibrary.org/obo/GO_0046705
GO:0046710,BP,GDP metabolic process,http://purl.obolibrary.org/obo/GO_0046710
GO:0046713,BP,borate transport,http://purl.obolibrary.org/obo/GO_0046713
GO:0046715,MF,active borate transmembrane transporter activity,http://purl.obolibrary.org/obo/GO_0046715
GO:0046719,BP,regulation by virus of viral protein levels in host cell,http://purl.obolibrary.org/obo/GO_0046719
GO:0046739,BP,transport of virus in multicellular host,http://purl.obolibrary.org/obo/GO_0046739
GO:0046740,BP,"transport of virus in host, cell to cell",http://purl.obolibrary.org/obo/GO_0046740
GO:0046741,BP,"transport of virus in host, tissue to tissue",http://purl.obolibrary.org/obo/GO_0046741
GO:0046777,BP,protein autophosphorylation,http://purl.obolibrary.org/obo/GO_0046777
GO:0046785,BP,microtubule polymerization,http://purl.obolibrary.org/obo/GO_0046785
GO:0046786,BP,viral replication complex formation and maintenance,http://purl.obolibrary.org/obo/GO_0046786
GO:0046794,BP,transport of virus,http://purl.obolibrary.org/obo/GO_0046794
GO:0046820,MF,4-amino-4-deoxychorismate synthase activity,http://purl.obolibrary.org/obo/GO_0046820
GO:0046822,BP,regulation of nucleocytoplasmic transport,http://purl.obolibrary.org/obo/GO_0046822
GO:0046824,BP,positive regulation of nucleocytoplasmic transport,http://purl.obolibrary.org/obo/GO_0046824
GO:0046825,BP,regulation of protein export from nucleus,http://purl.obolibrary.org/obo/GO_0046825
GO:0046827,BP,positive regulation of protein export from nucleus,http://purl.obolibrary.org/obo/GO_0046827
GO:0046835,BP,carbohydrate phosphorylation,http://purl.obolibrary.org/obo/GO_0046835
GO:0046836,BP,glycolipid transport,http://purl.obolibrary.org/obo/GO_0046836
GO:0046839,BP,phospholipid dephosphorylation,http://purl.obolibrary.org/obo/GO_0046839
GO:0046854,BP,phosphatidylinositol phosphate biosynthetic process,http://purl.obolibrary.org/obo/GO_0046854
GO:0046856,BP,phosphatidylinositol dephosphorylation,http://purl.obolibrary.org/obo/GO_0046856
GO:0046857,MF,"oxidoreductase activity, acting on other nitrogenous compounds as donors, with NAD or NADP as acceptor",http://purl.obolibrary.org/obo/GO_0046857
GO:0046861,CC,glyoxysomal membrane,http://purl.obolibrary.org/obo/GO_0046861
GO:0046863,MF,"ribulose-1,5-bisphosphate carboxylase/oxygenase activator activity",http://purl.obolibrary.org/obo/GO_0046863
GO:0046864,BP,isoprenoid transport,http://purl.obolibrary.org/obo/GO_0046864
GO:0046865,BP,terpenoid transport,http://purl.obolibrary.org/obo/GO_0046865
GO:0046870,MF,cadmium ion binding,http://purl.obolibrary.org/obo/GO_0046870
GO:0046872,MF,metal ion binding,http://purl.obolibrary.org/obo/GO_0046872
GO:0046873,MF,metal ion transmembrane transporter activity,http://purl.obolibrary.org/obo/GO_0046873
GO:0046874,BP,quinolinate metabolic process,http://purl.obolibrary.org/obo/GO_0046874
GO:0046879,BP,hormone secretion,http://purl.obolibrary.org/obo/GO_0046879
GO:0046883,BP,regulation of hormone secretion,http://purl.obolibrary.org/obo/GO_0046883
GO:0046885,BP,regulation of hormone biosynthetic process,http://purl.obolibrary.org/obo/GO_0046885
GO:0046886,BP,positive regulation of hormone biosynthetic process,http://purl.obolibrary.org/obo/GO_0046886
GO:0046887,BP,positive regulation of hormone secretion,http://purl.obolibrary.org/obo/GO_0046887
GO:0046889,BP,positive regulation of lipid biosynthetic process,http://purl.obolibrary.org/obo/GO_0046889
GO:0046890,BP,regulation of lipid biosynthetic process,http://purl.obolibrary.org/obo/GO_0046890
GO:0046898,BP,response to cycloheximide,http://purl.obolibrary.org/obo/GO_0046898
GO:0046899,MF,nucleoside triphosphate adenylate kinase activity,http://purl.obolibrary.org/obo/GO_0046899
GO:0046900,BP,tetrahydrofolylpolyglutamate metabolic process,http://purl.obolibrary.org/obo/GO_0046900
GO:0046901,BP,tetrahydrofolylpolyglutamate biosynthetic process,http://purl.obolibrary.org/obo/GO_0046901
GO:0046903,BP,secretion,http://purl.obolibrary.org/obo/GO_0046903
GO:0046905,MF,15-cis-phytoene synthase activity,http://purl.obolibrary.org/obo/GO_0046905
GO:0046906,MF,tetrapyrrole binding,http://purl.obolibrary.org/obo/GO_0046906
GO:0046907,BP,intracellular transport,http://purl.obolibrary.org/obo/GO_0046907
GO:0046910,MF,pectinesterase inhibitor activity,http://purl.obolibrary.org/obo/GO_0046910
GO:0046912,MF,"acyltransferase, acyl groups converted into alkyl on transfer",http://purl.obolibrary.org/obo/GO_0046912
GO:0046914,MF,transition metal ion binding,http://purl.obolibrary.org/obo/GO_0046914
GO:0046915,MF,transition metal ion transmembrane transporter activity,http://purl.obolibrary.org/obo/GO_0046915
GO:0046920,MF,alpha-(1->3)-fucosyltransferase activity,http://purl.obolibrary.org/obo/GO_0046920
GO:0046921,MF,alpha-(1->6)-fucosyltransferase activity,http://purl.obolibrary.org/obo/GO_0046921
GO:0046922,MF,peptide-O-fucosyltransferase activity,http://purl.obolibrary.org/obo/GO_0046922
GO:0046923,MF,ER retention sequence binding,http://purl.obolibrary.org/obo/GO_0046923
GO:0046928,BP,regulation of neurotransmitter secretion,http://purl.obolibrary.org/obo/GO_0046928
GO:0046930,CC,pore complex,http://purl.obolibrary.org/obo/GO_0046930
GO:0046933,MF,"proton-transporting ATP synthase activity, rotational mechanism",http://purl.obolibrary.org/obo/GO_0046933
GO:0046937,BP,phytochelatin metabolic process,http://purl.obolibrary.org/obo/GO_0046937
GO:0046938,BP,phytochelatin biosynthetic process,http://purl.obolibrary.org/obo/GO_0046938
GO:0046940,BP,nucleoside monophosphate phosphorylation,http://purl.obolibrary.org/obo/GO_0046940
GO:0046942,BP,carboxylic acid transport,http://purl.obolibrary.org/obo/GO_0046942
GO:0046943,MF,carboxylic acid transmembrane transporter activity,http://purl.obolibrary.org/obo/GO_0046943
GO:0046949,BP,fatty-acyl-CoA biosynthetic process,http://purl.obolibrary.org/obo/GO_0046949
GO:0046950,BP,cellular ketone body metabolic process,http://purl.obolibrary.org/obo/GO_0046950
GO:0046951,BP,ketone body biosynthetic process,http://purl.obolibrary.org/obo/GO_0046951
GO:0046961,MF,"proton-transporting ATPase activity, rotational mechanism",http://purl.obolibrary.org/obo/GO_0046961
GO:0046963,BP,3'-phosphoadenosine 5'-phosphosulfate transport,http://purl.obolibrary.org/obo/GO_0046963
GO:0046964,MF,3'-phosphoadenosine 5'-phosphosulfate transmembrane transporter activity,http://purl.obolibrary.org/obo/GO_0046964
GO:0046967,BP,cytosol to endoplasmic reticulum transport,http://purl.obolibrary.org/obo/GO_0046967
GO:0046974,MF,histone methyltransferase activity (H3-K9 specific),http://purl.obolibrary.org/obo/GO_0046974
GO:0046975,MF,histone methyltransferase activity (H3-K36 specific),http://purl.obolibrary.org/obo/GO_0046975
GO:0046976,MF,histone methyltransferase activity (H3-K27 specific),http://purl.obolibrary.org/obo/GO_0046976
GO:0046982,MF,protein heterodimerization activity,http://purl.obolibrary.org/obo/GO_0046982
GO:0046983,MF,protein dimerization activity,http://purl.obolibrary.org/obo/GO_0046983
GO:0046992,MF,"oxidoreductase activity, acting on X-H and Y-H to form an X-Y bond",http://purl.obolibrary.org/obo/GO_0046992
GO:0046993,MF,"oxidoreductase activity, acting on X-H and Y-H to form an X-Y bond, with oxygen as acceptor",http://purl.obolibrary.org/obo/GO_0046993
GO:0047012,MF,sterol-4-alpha-carboxylate 3-dehydrogenase (decarboxylating) activity,http://purl.obolibrary.org/obo/GO_0047012
GO:0047036,MF,codeinone reductase (NADPH) activity,http://purl.obolibrary.org/obo/GO_0047036
GO:0047037,MF,salutaridine reductase (NADPH) activity,http://purl.obolibrary.org/obo/GO_0047037
GO:0047052,MF,(S)-stylopine synthase activity,http://purl.obolibrary.org/obo/GO_0047052
GO:0047053,MF,(S)-cheilanthifoline synthase activity,http://purl.obolibrary.org/obo/GO_0047053
GO:0047055,MF,salutaridine synthase activity,http://purl.obolibrary.org/obo/GO_0047055
GO:0047056,MF,(S)-canadine synthase activity,http://purl.obolibrary.org/obo/GO_0047056
GO:0047066,MF,phospholipid-hydroperoxide glutathione peroxidase activity,http://purl.obolibrary.org/obo/GO_0047066
GO:0047084,MF,methyltetrahydroprotoberberine 14-monooxygenase activity,http://purl.obolibrary.org/obo/GO_0047084
GO:0047087,MF,protopine 6-monooxygenase activity,http://purl.obolibrary.org/obo/GO_0047087
GO:0047105,MF,4-trimethylammoniobutyraldehyde dehydrogenase activity,http://purl.obolibrary.org/obo/GO_0047105
GO:0047107,MF,gamma-guanidinobutyraldehyde dehydrogenase activity,http://purl.obolibrary.org/obo/GO_0047107
GO:0047130,MF,"saccharopine dehydrogenase (NADP+, L-lysine-forming) activity",http://purl.obolibrary.org/obo/GO_0047130
GO:0047134,MF,protein-disulfide reductase (NAD(P)) activity,http://purl.obolibrary.org/obo/GO_0047134
GO:0047165,MF,flavonol-3-O-beta-glucoside O-malonyltransferase activity,http://purl.obolibrary.org/obo/GO_0047165
GO:0047172,MF,shikimate O-hydroxycinnamoyltransferase activity,http://purl.obolibrary.org/obo/GO_0047172
GO:0047181,MF,tetrahydroxybenzophenone synthase activity,http://purl.obolibrary.org/obo/GO_0047181
GO:0047184,MF,1-acylglycerophosphocholine O-acyltransferase activity,http://purl.obolibrary.org/obo/GO_0047184
GO:0047196,MF,long-chain-alcohol O-fatty-acyltransferase activity,http://purl.obolibrary.org/obo/GO_0047196
GO:0047203,MF,13-hydroxylupinine O-tigloyltransferase activity,http://purl.obolibrary.org/obo/GO_0047203
GO:0047205,MF,quinate O-hydroxycinnamoyltransferase activity,http://purl.obolibrary.org/obo/GO_0047205
GO:0047209,MF,coniferyl-alcohol glucosyltransferase activity,http://purl.obolibrary.org/obo/GO_0047209
GO:0047213,MF,anthocyanidin 3-O-glucosyltransferase activity,http://purl.obolibrary.org/obo/GO_0047213
GO:0047215,MF,indole-3-acetate beta-glucosyltransferase activity,http://purl.obolibrary.org/obo/GO_0047215
GO:0047216,MF,inositol 3-alpha-galactosyltransferase activity,http://purl.obolibrary.org/obo/GO_0047216
GO:0047230,MF,flavonol-3-O-glucoside L-rhamnosyltransferase activity,http://purl.obolibrary.org/obo/GO_0047230
GO:0047243,MF,flavanone 7-O-beta-glucosyltransferase activity,http://purl.obolibrary.org/obo/GO_0047243
GO:0047251,MF,thiohydroximate beta-D-glucosyltransferase activity,http://purl.obolibrary.org/obo/GO_0047251
GO:0047254,MF,"2,4-dihydroxy-7-methoxy-2H-1,4-benzoxazin-3(4H)-one 2-D-glucosyltransferase activity",http://purl.obolibrary.org/obo/GO_0047254
GO:0047259,MF,glucomannan 4-beta-mannosyltransferase activity,http://purl.obolibrary.org/obo/GO_0047259
GO:0047262,MF,polygalacturonate 4-alpha-galacturonosyltransferase activity,http://purl.obolibrary.org/obo/GO_0047262
GO:0047268,MF,galactinol-raffinose galactosyltransferase activity,http://purl.obolibrary.org/obo/GO_0047268
GO:0047274,MF,galactinol-sucrose galactosyltransferase activity,http://purl.obolibrary.org/obo/GO_0047274
GO:0047280,MF,nicotinamide phosphoribosyltransferase activity,http://purl.obolibrary.org/obo/GO_0047280
GO:0047293,MF,4-hydroxybenzoate nonaprenyltransferase activity,http://purl.obolibrary.org/obo/GO_0047293
GO:0047312,MF,L-phenylalanine:pyruvate aminotransferase activity,http://purl.obolibrary.org/obo/GO_0047312
GO:0047325,MF,inositol tetrakisphosphate 1-kinase activity,http://purl.obolibrary.org/obo/GO_0047325
GO:0047334,MF,diphosphate-fructose-6-phosphate 1-phosphotransferase activity,http://purl.obolibrary.org/obo/GO_0047334
GO:0047338,MF,UTP:xylose-1-phosphate uridylyltransferase activity,http://purl.obolibrary.org/obo/GO_0047338
GO:0047341,MF,fucose-1-phosphate guanylyltransferase activity,http://purl.obolibrary.org/obo/GO_0047341
GO:0047345,MF,ribose-5-phosphate adenylyltransferase activity,http://purl.obolibrary.org/obo/GO_0047345
GO:0047350,MF,glucuronate-1-phosphate uridylyltransferase activity,http://purl.obolibrary.org/obo/GO_0047350
GO:0047352,MF,adenylylsulfate-ammonia adenylyltransferase activity,http://purl.obolibrary.org/obo/GO_0047352
GO:0047364,MF,desulfoglucosinolate sulfotransferase activity,http://purl.obolibrary.org/obo/GO_0047364
GO:0047372,MF,acylglycerol lipase activity,http://purl.obolibrary.org/obo/GO_0047372
GO:0047412,MF,N-(long-chain-acyl)ethanolamine deacylase activity,http://purl.obolibrary.org/obo/GO_0047412
GO:0047427,MF,cyanoalanine nitrilase activity,http://purl.obolibrary.org/obo/GO_0047427
GO:0047429,MF,nucleoside-triphosphate diphosphatase activity,http://purl.obolibrary.org/obo/GO_0047429
GO:0047434,MF,indolepyruvate decarboxylase activity,http://purl.obolibrary.org/obo/GO_0047434
GO:0047450,MF,crotonoyl-[acyl-carrier-protein] hydratase activity,http://purl.obolibrary.org/obo/GO_0047450
GO:0047453,MF,ATP-dependent NAD(P)H-hydrate dehydratase activity,http://purl.obolibrary.org/obo/GO_0047453
GO:0047461,MF,(+)-delta-cadinene synthase activity,http://purl.obolibrary.org/obo/GO_0047461
GO:0047484,BP,regulation of response to osmotic stress,http://purl.obolibrary.org/obo/GO_0047484
GO:0047493,MF,ceramide cholinephosphotransferase activity,http://purl.obolibrary.org/obo/GO_0047493
GO:0047496,BP,vesicle transport along microtubule,http://purl.obolibrary.org/obo/GO_0047496
GO:0047501,MF,(+)-neomenthol dehydrogenase activity,http://purl.obolibrary.org/obo/GO_0047501
GO:0047504,MF,(-)-menthol dehydrogenase activity,http://purl.obolibrary.org/obo/GO_0047504
GO:0047513,MF,"1,2-alpha-L-fucosidase activity",http://purl.obolibrary.org/obo/GO_0047513
GO:0047517,MF,"1,4-beta-D-xylan synthase activity",http://purl.obolibrary.org/obo/GO_0047517
GO:0047526,MF,2'-hydroxyisoflavone reductase activity,http://purl.obolibrary.org/obo/GO_0047526
GO:0047536,MF,2-aminoadipate transaminase activity,http://purl.obolibrary.org/obo/GO_0047536
GO:0047538,MF,2-carboxy-D-arabinitol-1-phosphatase activity,http://purl.obolibrary.org/obo/GO_0047538
GO:0047545,MF,2-hydroxyglutarate dehydrogenase activity,http://purl.obolibrary.org/obo/GO_0047545
GO:0047555,MF,"3',5'-cyclic-GMP phosphodiesterase activity",http://purl.obolibrary.org/obo/GO_0047555
GO:0047558,MF,3-cyanoalanine hydratase activity,http://purl.obolibrary.org/obo/GO_0047558
GO:0047560,MF,3-dehydrosphinganine reductase activity,http://purl.obolibrary.org/obo/GO_0047560
GO:0047598,MF,7-dehydrocholesterol reductase activity,http://purl.obolibrary.org/obo/GO_0047598
GO:0047617,MF,acyl-CoA hydrolase activity,http://purl.obolibrary.org/obo/GO_0047617
GO:0047622,MF,adenosine nucleosidase activity,http://purl.obolibrary.org/obo/GO_0047622
GO:0047623,MF,adenosine-phosphate deaminase activity,http://purl.obolibrary.org/obo/GO_0047623
GO:0047627,MF,adenylylsulfatase activity,http://purl.obolibrary.org/obo/GO_0047627
GO:0047631,MF,ADP-ribose diphosphatase activity,http://purl.obolibrary.org/obo/GO_0047631
GO:0047632,MF,agmatine deiminase activity,http://purl.obolibrary.org/obo/GO_0047632
GO:0047634,MF,agmatine N4-coumaroyltransferase activity,http://purl.obolibrary.org/obo/GO_0047634
GO:0047635,MF,alanine-oxo-acid transaminase activity,http://purl.obolibrary.org/obo/GO_0047635
GO:0047652,MF,allantoate deiminase activity,http://purl.obolibrary.org/obo/GO_0047652
GO:0047654,MF,alliin lyase activity,http://purl.obolibrary.org/obo/GO_0047654
GO:0047661,MF,amino-acid racemase activity,http://purl.obolibrary.org/obo/GO_0047661
GO:0047668,MF,amygdalin beta-glucosidase activity,http://purl.obolibrary.org/obo/GO_0047668
GO:0047681,MF,aryl-alcohol dehydrogenase (NADP+) activity,http://purl.obolibrary.org/obo/GO_0047681
GO:0047701,MF,beta-L-arabinosidase activity,http://purl.obolibrary.org/obo/GO_0047701
GO:0047714,MF,galactolipase activity,http://purl.obolibrary.org/obo/GO_0047714
GO:0047720,MF,indoleacetaldoxime dehydratase activity,http://purl.obolibrary.org/obo/GO_0047720
GO:0047724,MF,inosine nucleosidase activity,http://purl.obolibrary.org/obo/GO_0047724
GO:0047734,MF,CDP-glycerol diphosphatase activity,http://purl.obolibrary.org/obo/GO_0047734
GO:0047746,MF,chlorophyllase activity,http://purl.obolibrary.org/obo/GO_0047746
GO:0047751,MF,cholestenone 5-alpha-reductase activity,http://purl.obolibrary.org/obo/GO_0047751
GO:0047763,MF,caffeate O-methyltransferase activity,http://purl.obolibrary.org/obo/GO_0047763
GO:0047769,MF,arogenate dehydratase activity,http://purl.obolibrary.org/obo/GO_0047769
GO:0047776,MF,citramalate lyase activity,http://purl.obolibrary.org/obo/GO_0047776
GO:0047777,MF,(S)-citramalyl-CoA lyase activity,http://purl.obolibrary.org/obo/GO_0047777
GO:0047782,MF,coniferin beta-glucosidase activity,http://purl.obolibrary.org/obo/GO_0047782
GO:0047793,MF,cycloeucalenol cycloisomerase activity,http://purl.obolibrary.org/obo/GO_0047793
GO:0047807,MF,cytokinin 7-beta-glucosyltransferase activity,http://purl.obolibrary.org/obo/GO_0047807
GO:0047840,MF,dCTP diphosphatase activity,http://purl.obolibrary.org/obo/GO_0047840
GO:0047874,MF,dolichyldiphosphatase activity,http://purl.obolibrary.org/obo/GO_0047874
GO:0047884,MF,FAD diphosphatase activity,http://purl.obolibrary.org/obo/GO_0047884
GO:0047886,MF,farnesol dehydrogenase activity,http://purl.obolibrary.org/obo/GO_0047886
GO:0047891,MF,flavone 7-O-beta-glucosyltransferase activity,http://purl.obolibrary.org/obo/GO_0047891
GO:0047893,MF,flavonol 3-O-glucosyltransferase activity,http://purl.obolibrary.org/obo/GO_0047893
GO:0047911,MF,"galacturan 1,4-alpha-galacturonidase activity",http://purl.obolibrary.org/obo/GO_0047911
GO:0047912,MF,galacturonokinase activity,http://purl.obolibrary.org/obo/GO_0047912
GO:0047913,MF,gallate 1-beta-glucosyltransferase activity,http://purl.obolibrary.org/obo/GO_0047913
GO:0047918,MF,"GDP-mannose 3,5-epimerase activity",http://purl.obolibrary.org/obo/GO_0047918
GO:0047920,MF,geissoschizine dehydrogenase activity,http://purl.obolibrary.org/obo/GO_0047920
GO:0047926,MF,geranyl-diphosphate cyclase activity,http://purl.obolibrary.org/obo/GO_0047926
GO:0047938,MF,glucose-6-phosphate 1-epimerase activity,http://purl.obolibrary.org/obo/GO_0047938
GO:0047940,MF,glucuronokinase activity,http://purl.obolibrary.org/obo/GO_0047940
GO:0047951,MF,glutathione thiolesterase activity,http://purl.obolibrary.org/obo/GO_0047951
GO:0047958,MF,glycine:2-oxoglutarate aminotransferase activity,http://purl.obolibrary.org/obo/GO_0047958
GO:0047974,MF,guanosine deaminase activity,http://purl.obolibrary.org/obo/GO_0047974
GO:0047995,MF,hydroxyphenylpyruvate reductase activity,http://purl.obolibrary.org/obo/GO_0047995
GO:0048015,BP,phosphatidylinositol-mediated signaling,http://purl.obolibrary.org/obo/GO_0048015
GO:0048018,MF,receptor ligand activity,http://purl.obolibrary.org/obo/GO_0048018
GO:0048024,BP,"regulation of mRNA splicing, via spliceosome",http://purl.obolibrary.org/obo/GO_0048024
GO:0048026,BP,"positive regulation of mRNA splicing, via spliceosome",http://purl.obolibrary.org/obo/GO_0048026
GO:0048027,MF,mRNA 5'-UTR binding,http://purl.obolibrary.org/obo/GO_0048027
GO:0048029,MF,monosaccharide binding,http://purl.obolibrary.org/obo/GO_0048029
GO:0048030,MF,disaccharide binding,http://purl.obolibrary.org/obo/GO_0048030
GO:0048032,MF,galacturonate binding,http://purl.obolibrary.org/obo/GO_0048032
GO:0048038,MF,quinone binding,http://purl.obolibrary.org/obo/GO_0048038
GO:0048039,MF,ubiquinone binding,http://purl.obolibrary.org/obo/GO_0048039
GO:0048040,MF,UDP-glucuronate decarboxylase activity,http://purl.obolibrary.org/obo/GO_0048040
GO:0048041,BP,focal adhesion assembly,http://purl.obolibrary.org/obo/GO_0048041
GO:0048046,CC,apoplast,http://purl.obolibrary.org/obo/GO_0048046
GO:0048102,BP,autophagic cell death,http://purl.obolibrary.org/obo/GO_0048102
GO:0048103,BP,somatic stem cell division,http://purl.obolibrary.org/obo/GO_0048103
GO:0048188,CC,Set1C/COMPASS complex,http://purl.obolibrary.org/obo/GO_0048188
GO:0048193,BP,Golgi vesicle transport,http://purl.obolibrary.org/obo/GO_0048193
GO:0048194,BP,Golgi vesicle budding,http://purl.obolibrary.org/obo/GO_0048194
GO:0048199,BP,"vesicle targeting, to, from or within Golgi",http://purl.obolibrary.org/obo/GO_0048199
GO:0048200,BP,Golgi transport vesicle coating,http://purl.obolibrary.org/obo/GO_0048200
GO:0048205,BP,COPI coating of Golgi vesicle,http://purl.obolibrary.org/obo/GO_0048205
GO:0048207,BP,"vesicle targeting, rough ER to cis-Golgi",http://purl.obolibrary.org/obo/GO_0048207
GO:0048208,BP,COPII vesicle coating,http://purl.obolibrary.org/obo/GO_0048208
GO:0048209,BP,"regulation of vesicle targeting, to, from or within Golgi",http://purl.obolibrary.org/obo/GO_0048209
GO:0048211,BP,Golgi vesicle docking,http://purl.obolibrary.org/obo/GO_0048211
GO:0048217,CC,pectic matrix,http://purl.obolibrary.org/obo/GO_0048217
GO:0048219,BP,inter-Golgi cisterna vesicle-mediated transport,http://purl.obolibrary.org/obo/GO_0048219
GO:0048223,CC,hemicellulose network,http://purl.obolibrary.org/obo/GO_0048223
GO:0048224,CC,lignin network,http://purl.obolibrary.org/obo/GO_0048224
GO:0048225,CC,suberin network,http://purl.obolibrary.org/obo/GO_0048225
GO:0048226,CC,Casparian strip,http://purl.obolibrary.org/obo/GO_0048226
GO:0048229,BP,gametophyte development,http://purl.obolibrary.org/obo/GO_0048229
GO:0048232,BP,male gamete generation,http://purl.obolibrary.org/obo/GO_0048232
GO:0048235,BP,pollen sperm cell differentiation,http://purl.obolibrary.org/obo/GO_0048235
GO:0048236,BP,plant-type sporogenesis,http://purl.obolibrary.org/obo/GO_0048236
GO:0048240,BP,sperm capacitation,http://purl.obolibrary.org/obo/GO_0048240
GO:0048244,MF,phytanoyl-CoA dioxygenase activity,http://purl.obolibrary.org/obo/GO_0048244
GO:0048250,BP,iron import into the mitochondrion,http://purl.obolibrary.org/obo/GO_0048250
GO:0048252,BP,lauric acid metabolic process,http://purl.obolibrary.org/obo/GO_0048252
GO:0048254,BP,snoRNA localization,http://purl.obolibrary.org/obo/GO_0048254
GO:0048255,BP,mRNA stabilization,http://purl.obolibrary.org/obo/GO_0048255
GO:0048256,MF,flap endonuclease activity,http://purl.obolibrary.org/obo/GO_0048256
GO:0048257,MF,3'-flap endonuclease activity,http://purl.obolibrary.org/obo/GO_0048257
GO:0048259,BP,regulation of receptor-mediated endocytosis,http://purl.obolibrary.org/obo/GO_0048259
GO:0048261,BP,negative regulation of receptor-mediated endocytosis,http://purl.obolibrary.org/obo/GO_0048261
GO:0048262,BP,determination of dorsal/ventral asymmetry,http://purl.obolibrary.org/obo/GO_0048262
GO:0048263,BP,determination of dorsal identity,http://purl.obolibrary.org/obo/GO_0048263
GO:0048269,CC,methionine adenosyltransferase complex,http://purl.obolibrary.org/obo/GO_0048269
GO:0048270,MF,methionine adenosyltransferase regulator activity,http://purl.obolibrary.org/obo/GO_0048270
GO:0048278,BP,vesicle docking,http://purl.obolibrary.org/obo/GO_0048278
GO:0048280,BP,vesicle fusion with Golgi apparatus,http://purl.obolibrary.org/obo/GO_0048280
GO:0048281,BP,inflorescence morphogenesis,http://purl.obolibrary.org/obo/GO_0048281
GO:0048283,BP,indeterminate inflorescence morphogenesis,http://purl.obolibrary.org/obo/GO_0048283
GO:0048284,BP,organelle fusion,http://purl.obolibrary.org/obo/GO_0048284
GO:0048285,BP,organelle fission,http://purl.obolibrary.org/obo/GO_0048285
GO:0048306,MF,calcium-dependent protein binding,http://purl.obolibrary.org/obo/GO_0048306
GO:0048311,BP,mitochondrion distribution,http://purl.obolibrary.org/obo/GO_0048311
GO:0048312,BP,intracellular distribution of mitochondria,http://purl.obolibrary.org/obo/GO_0048312
GO:0048314,BP,embryo sac morphogenesis,http://purl.obolibrary.org/obo/GO_0048314
GO:0048316,BP,seed development,http://purl.obolibrary.org/obo/GO_0048316
GO:0048317,BP,seed morphogenesis,http://purl.obolibrary.org/obo/GO_0048317
GO:0048353,CC,primary endosperm nucleus,http://purl.obolibrary.org/obo/GO_0048353
GO:0048354,BP,mucilage biosynthetic process involved in seed coat development,http://purl.obolibrary.org/obo/GO_0048354
GO:0048358,BP,mucilage pectin biosynthetic process,http://purl.obolibrary.org/obo/GO_0048358
GO:0048359,BP,mucilage metabolic process involved in seed coat development,http://purl.obolibrary.org/obo/GO_0048359
GO:0048363,BP,mucilage pectin metabolic process,http://purl.obolibrary.org/obo/GO_0048363
GO:0048364,BP,root development,http://purl.obolibrary.org/obo/GO_0048364
GO:0048366,BP,leaf development,http://purl.obolibrary.org/obo/GO_0048366
GO:0048367,BP,shoot system development,http://purl.obolibrary.org/obo/GO_0048367
GO:0048437,BP,floral organ development,http://purl.obolibrary.org/obo/GO_0048437
GO:0048438,BP,floral whorl development,http://purl.obolibrary.org/obo/GO_0048438
GO:0048439,BP,flower morphogenesis,http://purl.obolibrary.org/obo/GO_0048439
GO:0048440,BP,carpel development,http://purl.obolibrary.org/obo/GO_0048440
GO:0048441,BP,petal development,http://purl.obolibrary.org/obo/GO_0048441
GO:0048442,BP,sepal development,http://purl.obolibrary.org/obo/GO_0048442
GO:0048443,BP,stamen development,http://purl.obolibrary.org/obo/GO_0048443
GO:0048444,BP,floral organ morphogenesis,http://purl.obolibrary.org/obo/GO_0048444
GO:0048445,BP,carpel morphogenesis,http://purl.obolibrary.org/obo/GO_0048445
GO:0048446,BP,petal morphogenesis,http://purl.obolibrary.org/obo/GO_0048446
GO:0048447,BP,sepal morphogenesis,http://purl.obolibrary.org/obo/GO_0048447
GO:0048448,BP,stamen morphogenesis,http://purl.obolibrary.org/obo/GO_0048448
GO:0048449,BP,floral organ formation,http://purl.obolibrary.org/obo/GO_0048449
GO:0048450,BP,floral organ structural organization,http://purl.obolibrary.org/obo/GO_0048450
GO:0048451,BP,petal formation,http://purl.obolibrary.org/obo/GO_0048451
GO:0048453,BP,sepal formation,http://purl.obolibrary.org/obo/GO_0048453
GO:0048455,BP,stamen formation,http://purl.obolibrary.org/obo/GO_0048455
GO:0048457,BP,floral whorl morphogenesis,http://purl.obolibrary.org/obo/GO_0048457
GO:0048459,BP,floral whorl structural organization,http://purl.obolibrary.org/obo/GO_0048459
GO:0048461,BP,flower structural organization,http://purl.obolibrary.org/obo/GO_0048461
GO:0048462,BP,carpel formation,http://purl.obolibrary.org/obo/GO_0048462
GO:0048464,BP,flower calyx development,http://purl.obolibrary.org/obo/GO_0048464
GO:0048465,BP,corolla development,http://purl.obolibrary.org/obo/GO_0048465
GO:0048466,BP,androecium development,http://purl.obolibrary.org/obo/GO_0048466
GO:0048467,BP,gynoecium development,http://purl.obolibrary.org/obo/GO_0048467
GO:0048468,BP,cell development,http://purl.obolibrary.org/obo/GO_0048468
GO:0048469,BP,cell maturation,http://purl.obolibrary.org/obo/GO_0048469
GO:0048471,CC,perinuclear region of cytoplasm,http://purl.obolibrary.org/obo/GO_0048471
GO:0048475,CC,coated membrane,http://purl.obolibrary.org/obo/GO_0048475
GO:0048476,CC,Holliday junction resolvase complex,http://purl.obolibrary.org/obo/GO_0048476
GO:0048479,BP,style development,http://purl.obolibrary.org/obo/GO_0048479
GO:0048480,BP,stigma development,http://purl.obolibrary.org/obo/GO_0048480
GO:0048481,BP,plant ovule development,http://purl.obolibrary.org/obo/GO_0048481
GO:0048482,BP,plant ovule morphogenesis,http://purl.obolibrary.org/obo/GO_0048482
GO:0048487,MF,beta-tubulin binding,http://purl.obolibrary.org/obo/GO_0048487
GO:0048492,CC,ribulose bisphosphate carboxylase complex,http://purl.obolibrary.org/obo/GO_0048492
GO:0048497,BP,maintenance of floral organ identity,http://purl.obolibrary.org/obo/GO_0048497
GO:0048498,BP,establishment of petal orientation,http://purl.obolibrary.org/obo/GO_0048498
GO:0048500,CC,signal recognition particle,http://purl.obolibrary.org/obo/GO_0048500
GO:0048505,BP,regulation of timing of cell differentiation,http://purl.obolibrary.org/obo/GO_0048505
GO:0048506,BP,regulation of timing of meristematic phase transition,http://purl.obolibrary.org/obo/GO_0048506
GO:0048507,BP,meristem development,http://purl.obolibrary.org/obo/GO_0048507
GO:0048508,BP,embryonic meristem development,http://purl.obolibrary.org/obo/GO_0048508
GO:0048509,BP,regulation of meristem development,http://purl.obolibrary.org/obo/GO_0048509
GO:0048510,BP,regulation of timing of transition from vegetative to reproductive phase,http://purl.obolibrary.org/obo/GO_0048510
GO:0048511,BP,rhythmic process,http://purl.obolibrary.org/obo/GO_0048511
GO:0048513,BP,animal organ development,http://purl.obolibrary.org/obo/GO_0048513
GO:0048515,BP,spermatid differentiation,http://purl.obolibrary.org/obo/GO_0048515
GO:0048518,BP,positive regulation of biological process,http://purl.obolibrary.org/obo/GO_0048518
GO:0048519,BP,negative regulation of biological process,http://purl.obolibrary.org/obo/GO_0048519
GO:0048521,BP,negative regulation of behavior,http://purl.obolibrary.org/obo/GO_0048521
GO:0048522,BP,positive regulation of cellular process,http://purl.obolibrary.org/obo/GO_0048522
GO:0048523,BP,negative regulation of cellular process,http://purl.obolibrary.org/obo/GO_0048523
GO:0048527,BP,lateral root development,http://purl.obolibrary.org/obo/GO_0048527
GO:0048528,BP,post-embryonic root development,http://purl.obolibrary.org/obo/GO_0048528
GO:0048529,MF,magnesium-protoporphyrin IX monomethyl ester (oxidative) cyclase activity,http://purl.obolibrary.org/obo/GO_0048529
GO:0048530,BP,fruit morphogenesis,http://purl.obolibrary.org/obo/GO_0048530
GO:0048531,MF,"beta-1,3-galactosyltransferase activity",http://purl.obolibrary.org/obo/GO_0048531
GO:0048532,BP,anatomical structure arrangement,http://purl.obolibrary.org/obo/GO_0048532
GO:0048533,BP,sporocyte differentiation,http://purl.obolibrary.org/obo/GO_0048533
GO:0048544,BP,recognition of pollen,http://purl.obolibrary.org/obo/GO_0048544
GO:0048545,BP,response to steroid hormone,http://purl.obolibrary.org/obo/GO_0048545
GO:0048555,CC,generative cell nucleus,http://purl.obolibrary.org/obo/GO_0048555
GO:0048556,CC,microsporocyte nucleus,http://purl.obolibrary.org/obo/GO_0048556
GO:0048559,BP,establishment of floral organ orientation,http://purl.obolibrary.org/obo/GO_0048559
GO:0048560,BP,establishment of anatomical structure orientation,http://purl.obolibrary.org/obo/GO_0048560
GO:0048564,BP,photosystem I assembly,http://purl.obolibrary.org/obo/GO_0048564
GO:0048571,BP,long-day photoperiodism,http://purl.obolibrary.org/obo/GO_0048571
GO:0048572,BP,short-day photoperiodism,http://purl.obolibrary.org/obo/GO_0048572
GO:0048573,BP,"photoperiodism, flowering",http://purl.obolibrary.org/obo/GO_0048573
GO:0048574,BP,"long-day photoperiodism, flowering",http://purl.obolibrary.org/obo/GO_0048574
GO:0048575,BP,"short-day photoperiodism, flowering",http://purl.obolibrary.org/obo/GO_0048575
GO:0048576,BP,"positive regulation of short-day photoperiodism, flowering",http://purl.obolibrary.org/obo/GO_0048576
GO:0048577,BP,"negative regulation of short-day photoperiodism, flowering",http://purl.obolibrary.org/obo/GO_0048577
GO:0048578,BP,"positive regulation of long-day photoperiodism, flowering",http://purl.obolibrary.org/obo/GO_0048578
GO:0048579,BP,"negative regulation of long-day photoperiodism, flowering",http://purl.obolibrary.org/obo/GO_0048579
GO:0048580,BP,regulation of post-embryonic development,http://purl.obolibrary.org/obo/GO_0048580
GO:0048581,BP,negative regulation of post-embryonic development,http://purl.obolibrary.org/obo/GO_0048581
GO:0048582,BP,positive regulation of post-embryonic development,http://purl.obolibrary.org/obo/GO_0048582
GO:0048583,BP,regulation of response to stimulus,http://purl.obolibrary.org/obo/GO_0048583
GO:0048584,BP,positive regulation of response to stimulus,http://purl.obolibrary.org/obo/GO_0048584
GO:0048585,BP,negative regulation of response to stimulus,http://purl.obolibrary.org/obo/GO_0048585
GO:0048586,BP,"regulation of long-day photoperiodism, flowering",http://purl.obolibrary.org/obo/GO_0048586
GO:0048587,BP,"regulation of short-day photoperiodism, flowering",http://purl.obolibrary.org/obo/GO_0048587
GO:0048588,BP,developmental cell growth,http://purl.obolibrary.org/obo/GO_0048588
GO:0048589,BP,developmental growth,http://purl.obolibrary.org/obo/GO_0048589
GO:0048598,BP,embryonic morphogenesis,http://purl.obolibrary.org/obo/GO_0048598
GO:0048608,BP,reproductive structure development,http://purl.obolibrary.org/obo/GO_0048608
GO:0048609,BP,multicellular organismal reproductive process,http://purl.obolibrary.org/obo/GO_0048609
GO:0048623,BP,seed germination on parent plant,http://purl.obolibrary.org/obo/GO_0048623
GO:0048624,BP,plantlet formation on parent plant,http://purl.obolibrary.org/obo/GO_0048624
GO:0048629,BP,trichome patterning,http://purl.obolibrary.org/obo/GO_0048629
GO:0048638,BP,regulation of developmental growth,http://purl.obolibrary.org/obo/GO_0048638
GO:0048639,BP,positive regulation of developmental growth,http://purl.obolibrary.org/obo/GO_0048639
GO:0048640,BP,negative regulation of developmental growth,http://purl.obolibrary.org/obo/GO_0048640
GO:0048645,BP,animal organ formation,http://purl.obolibrary.org/obo/GO_0048645
GO:0048646,BP,anatomical structure formation involved in morphogenesis,http://purl.obolibrary.org/obo/GO_0048646
GO:0048653,BP,anther development,http://purl.obolibrary.org/obo/GO_0048653
GO:0048654,BP,anther morphogenesis,http://purl.obolibrary.org/obo/GO_0048654
GO:0048655,BP,anther wall tapetum morphogenesis,http://purl.obolibrary.org/obo/GO_0048655
GO:0048656,BP,anther wall tapetum formation,http://purl.obolibrary.org/obo/GO_0048656
GO:0048657,BP,anther wall tapetum cell differentiation,http://purl.obolibrary.org/obo/GO_0048657
GO:0048658,BP,anther wall tapetum development,http://purl.obolibrary.org/obo/GO_0048658
GO:0048700,BP,acquisition of desiccation tolerance in seed,http://purl.obolibrary.org/obo/GO_0048700
GO:0048729,BP,tissue morphogenesis,http://purl.obolibrary.org/obo/GO_0048729
GO:0048731,BP,system development,http://purl.obolibrary.org/obo/GO_0048731
GO:0048753,BP,pigment granule organization,http://purl.obolibrary.org/obo/GO_0048753
GO:0048756,BP,sieve cell differentiation,http://purl.obolibrary.org/obo/GO_0048756
GO:0048759,BP,xylem vessel member cell differentiation,http://purl.obolibrary.org/obo/GO_0048759
GO:0048764,BP,trichoblast maturation,http://purl.obolibrary.org/obo/GO_0048764
GO:0048765,BP,root hair cell differentiation,http://purl.obolibrary.org/obo/GO_0048765
GO:0048766,BP,root hair initiation,http://purl.obolibrary.org/obo/GO_0048766
GO:0048767,BP,root hair elongation,http://purl.obolibrary.org/obo/GO_0048767
GO:0048768,BP,root hair cell tip growth,http://purl.obolibrary.org/obo/GO_0048768
GO:0048825,BP,cotyledon development,http://purl.obolibrary.org/obo/GO_0048825
GO:0048826,BP,cotyledon morphogenesis,http://purl.obolibrary.org/obo/GO_0048826
GO:0048827,BP,phyllome development,http://purl.obolibrary.org/obo/GO_0048827
GO:0048829,BP,root cap development,http://purl.obolibrary.org/obo/GO_0048829
GO:0048830,BP,adventitious root development,http://purl.obolibrary.org/obo/GO_0048830
GO:0048831,BP,regulation of shoot system development,http://purl.obolibrary.org/obo/GO_0048831
GO:0048832,BP,specification of plant organ number,http://purl.obolibrary.org/obo/GO_0048832
GO:0048833,BP,specification of floral organ number,http://purl.obolibrary.org/obo/GO_0048833
GO:0048834,BP,specification of petal number,http://purl.obolibrary.org/obo/GO_0048834
GO:0048838,BP,release of seed from dormancy,http://purl.obolibrary.org/obo/GO_0048838
GO:0048856,BP,anatomical structure development,http://purl.obolibrary.org/obo/GO_0048856
GO:0048859,BP,formation of anatomical boundary,http://purl.obolibrary.org/obo/GO_0048859
GO:0048863,BP,stem cell differentiation,http://purl.obolibrary.org/obo/GO_0048863
GO:0048865,BP,stem cell fate commitment,http://purl.obolibrary.org/obo/GO_0048865
GO:0048866,BP,stem cell fate specification,http://purl.obolibrary.org/obo/GO_0048866
GO:0048867,BP,stem cell fate determination,http://purl.obolibrary.org/obo/GO_0048867
GO:0048868,BP,pollen tube development,http://purl.obolibrary.org/obo/GO_0048868
GO:0048869,BP,cellular developmental process,http://purl.obolibrary.org/obo/GO_0048869
GO:0048870,BP,cell motility,http://purl.obolibrary.org/obo/GO_0048870
GO:0048871,BP,multicellular organismal homeostasis,http://purl.obolibrary.org/obo/GO_0048871
GO:0048872,BP,homeostasis of number of cells,http://purl.obolibrary.org/obo/GO_0048872
GO:0048873,BP,homeostasis of number of cells within a tissue,http://purl.obolibrary.org/obo/GO_0048873
GO:0048878,BP,chemical homeostasis,http://purl.obolibrary.org/obo/GO_0048878
GO:0050000,BP,chromosome localization,http://purl.obolibrary.org/obo/GO_0050000
GO:0050004,MF,isoflavone 7-O-glucosyltransferase activity,http://purl.obolibrary.org/obo/GO_0050004
GO:0050017,MF,L-3-cyanoalanine synthase activity,http://purl.obolibrary.org/obo/GO_0050017
GO:0050048,MF,L-leucine:2-oxoglutarate aminotransferase activity,http://purl.obolibrary.org/obo/GO_0050048
GO:0050062,MF,long-chain-fatty-acyl-CoA reductase activity,http://purl.obolibrary.org/obo/GO_0050062
GO:0050080,MF,malonyl-CoA decarboxylase activity,http://purl.obolibrary.org/obo/GO_0050080
GO:0050104,MF,L-gulonate 3-dehydrogenase activity,http://purl.obolibrary.org/obo/GO_0050104
GO:0050105,MF,L-gulonolactone oxidase activity,http://purl.obolibrary.org/obo/GO_0050105
GO:0050113,MF,inositol oxygenase activity,http://purl.obolibrary.org/obo/GO_0050113
GO:0050124,MF,N-acylneuraminate-9-phosphatase activity,http://purl.obolibrary.org/obo/GO_0050124
GO:0050126,MF,N-carbamoylputrescine amidase activity,http://purl.obolibrary.org/obo/GO_0050126
GO:0050135,MF,NAD(P)+ nucleosidase activity,http://purl.obolibrary.org/obo/GO_0050135
GO:0050139,MF,nicotinate-N-glucosyltransferase activity,http://purl.obolibrary.org/obo/GO_0050139
GO:0050145,MF,nucleoside monophosphate kinase activity,http://purl.obolibrary.org/obo/GO_0050145
GO:0050152,MF,omega-amidase activity,http://purl.obolibrary.org/obo/GO_0050152
GO:0050162,MF,oxalate oxidase activity,http://purl.obolibrary.org/obo/GO_0050162
GO:0050178,MF,phenylpyruvate tautomerase activity,http://purl.obolibrary.org/obo/GO_0050178
GO:0050183,MF,phosphatidylcholine 12-monooxygenase activity,http://purl.obolibrary.org/obo/GO_0050183
GO:0050185,MF,phosphatidylinositol deacylase activity,http://purl.obolibrary.org/obo/GO_0050185
GO:0050201,MF,fucokinase activity,http://purl.obolibrary.org/obo/GO_0050201
GO:0050203,MF,oxalate-CoA ligase activity,http://purl.obolibrary.org/obo/GO_0050203
GO:0050218,MF,propionate-CoA ligase activity,http://purl.obolibrary.org/obo/GO_0050218
GO:0050220,MF,prostaglandin-E synthase activity,http://purl.obolibrary.org/obo/GO_0050220
GO:0050224,MF,prunasin beta-glucosidase activity,http://purl.obolibrary.org/obo/GO_0050224
GO:0050232,MF,putrescine oxidase activity,http://purl.obolibrary.org/obo/GO_0050232
GO:0050236,MF,pyridoxine:NADP 4-dehydrogenase activity,http://purl.obolibrary.org/obo/GO_0050236
GO:0050247,MF,raucaffricine beta-glucosidase activity,http://purl.obolibrary.org/obo/GO_0050247
GO:0050255,MF,ribitol 2-dehydrogenase activity,http://purl.obolibrary.org/obo/GO_0050255
GO:0050263,MF,ribosylpyrimidine nucleosidase activity,http://purl.obolibrary.org/obo/GO_0050263
GO:0050265,MF,RNA uridylyltransferase activity,http://purl.obolibrary.org/obo/GO_0050265
GO:0050266,MF,rosmarinate synthase activity,http://purl.obolibrary.org/obo/GO_0050266
GO:0050267,MF,rubber cis-polyprenylcistransferase activity,http://purl.obolibrary.org/obo/GO_0050267
GO:0050268,MF,coniferyl-alcohol dehydrogenase activity,http://purl.obolibrary.org/obo/GO_0050268
GO:0050269,MF,coniferyl-aldehyde dehydrogenase activity,http://purl.obolibrary.org/obo/GO_0050269
GO:0050275,MF,scopoletin glucosyltransferase activity,http://purl.obolibrary.org/obo/GO_0050275
GO:0050278,MF,sedoheptulose-bisphosphatase activity,http://purl.obolibrary.org/obo/GO_0050278
GO:0050281,MF,serine-glyoxylate transaminase activity,http://purl.obolibrary.org/obo/GO_0050281
GO:0050284,MF,sinapate 1-glucosyltransferase activity,http://purl.obolibrary.org/obo/GO_0050284
GO:0050285,MF,sinapine esterase activity,http://purl.obolibrary.org/obo/GO_0050285
GO:0050290,MF,sphingomyelin phosphodiesterase D activity,http://purl.obolibrary.org/obo/GO_0050290
GO:0050291,MF,sphingosine N-acyltransferase activity,http://purl.obolibrary.org/obo/GO_0050291
GO:0050297,MF,stizolobate synthase activity,http://purl.obolibrary.org/obo/GO_0050297
GO:0050302,MF,indole-3-acetaldehyde oxidase activity,http://purl.obolibrary.org/obo/GO_0050302
GO:0050306,MF,sucrose 1F-fructosyltransferase activity,http://purl.obolibrary.org/obo/GO_0050306
GO:0050308,MF,sugar-phosphatase activity,http://purl.obolibrary.org/obo/GO_0050308
GO:0050311,MF,sulfite reductase (ferredoxin) activity,http://purl.obolibrary.org/obo/GO_0050311
GO:0050313,MF,sulfur dioxygenase activity,http://purl.obolibrary.org/obo/GO_0050313
GO:0050328,MF,tetrahydroberberine oxidase activity,http://purl.obolibrary.org/obo/GO_0050328
GO:0050342,MF,tocopherol O-methyltransferase activity,http://purl.obolibrary.org/obo/GO_0050342
GO:0050355,MF,triphosphatase activity,http://purl.obolibrary.org/obo/GO_0050355
GO:0050358,MF,tropinone reductase activity,http://purl.obolibrary.org/obo/GO_0050358
GO:0050362,MF,L-tryptophan:2-oxoglutarate aminotransferase activity,http://purl.obolibrary.org/obo/GO_0050362
GO:0050373,MF,UDP-arabinose 4-epimerase activity,http://purl.obolibrary.org/obo/GO_0050373
GO:0050377,MF,"UDP-glucose 4,6-dehydratase activity",http://purl.obolibrary.org/obo/GO_0050377
GO:0050378,MF,UDP-glucuronate 4-epimerase activity,http://purl.obolibrary.org/obo/GO_0050378
GO:0050403,MF,trans-zeatin O-beta-D-glucosyltransferase activity,http://purl.obolibrary.org/obo/GO_0050403
GO:0050404,MF,zeatin O-beta-D-xylosyltransferase activity,http://purl.obolibrary.org/obo/GO_0050404
GO:0050408,MF,[pyruvate kinase]-phosphatase activity,http://purl.obolibrary.org/obo/GO_0050408
GO:0050412,MF,cinnamate beta-D-glucosyltransferase activity,http://purl.obolibrary.org/obo/GO_0050412
GO:0050418,MF,hydroxylamine reductase activity,http://purl.obolibrary.org/obo/GO_0050418
GO:0050421,MF,nitrite reductase (NO-forming) activity,http://purl.obolibrary.org/obo/GO_0050421
GO:0050422,MF,strictosidine beta-glucosidase activity,http://purl.obolibrary.org/obo/GO_0050422
GO:0050435,BP,amyloid-beta metabolic process,http://purl.obolibrary.org/obo/GO_0050435
GO:0050437,MF,(-)-endo-fenchol synthase activity,http://purl.obolibrary.org/obo/GO_0050437
GO:0050463,MF,nitrate reductase [NAD(P)H] activity,http://purl.obolibrary.org/obo/GO_0050463
GO:0050474,MF,(S)-norcoclaurine synthase activity,http://purl.obolibrary.org/obo/GO_0050474
GO:0050483,MF,IMP 5'-nucleotidase activity,http://purl.obolibrary.org/obo/GO_0050483
GO:0050486,MF,"intramolecular transferase activity, transferring hydroxy groups",http://purl.obolibrary.org/obo/GO_0050486
GO:0050497,MF,alkylthioltransferase activity,http://purl.obolibrary.org/obo/GO_0050497
GO:0050498,MF,"oxidoreductase activity, acting on paired donors, with incorporation or reduction of molecular oxygen, with 2-oxoglutarate as one donor, and the other dehydrogenated",http://purl.obolibrary.org/obo/GO_0050498
GO:0050502,MF,cis-zeatin O-beta-D-glucosyltransferase activity,http://purl.obolibrary.org/obo/GO_0050502
GO:0050506,MF,vomilenine glucosyltransferase activity,http://purl.obolibrary.org/obo/GO_0050506
GO:0050511,MF,undecaprenyldiphospho-muramoylpentapeptide beta-N-acetylglucosaminyltransferase activity,http://purl.obolibrary.org/obo/GO_0050511
GO:0050513,MF,glycoprotein 2-beta-D-xylosyltransferase activity,http://purl.obolibrary.org/obo/GO_0050513
GO:0050515,MF,4-(cytidine 5'-diphospho)-2-C-methyl-D-erythritol kinase activity,http://purl.obolibrary.org/obo/GO_0050515
GO:0050518,MF,2-C-methyl-D-erythritol 4-phosphate cytidylyltransferase activity,http://purl.obolibrary.org/obo/GO_0050518
GO:0050521,MF,"alpha-glucan, water dikinase activity",http://purl.obolibrary.org/obo/GO_0050521
GO:0050525,MF,cutinase activity,http://purl.obolibrary.org/obo/GO_0050525
GO:0050529,MF,polyneuridine-aldehyde esterase activity,http://purl.obolibrary.org/obo/GO_0050529
GO:0050547,MF,vanillin synthase activity,http://purl.obolibrary.org/obo/GO_0050547
GO:0050550,MF,pinene synthase activity,http://purl.obolibrary.org/obo/GO_0050550
GO:0050551,MF,myrcene synthase activity,http://purl.obolibrary.org/obo/GO_0050551
GO:0050552,MF,(4S)-limonene synthase activity,http://purl.obolibrary.org/obo/GO_0050552
GO:0050554,MF,abietadiene synthase activity,http://purl.obolibrary.org/obo/GO_0050554
GO:0050559,MF,copalyl diphosphate synthase activity,http://purl.obolibrary.org/obo/GO_0050559
GO:0050563,MF,trans-feruloyl-CoA synthase activity,http://purl.obolibrary.org/obo/GO_0050563
GO:0050567,MF,glutaminyl-tRNA synthase (glutamine-hydrolyzing) activity,http://purl.obolibrary.org/obo/GO_0050567
GO:0050577,MF,GDP-L-fucose synthase activity,http://purl.obolibrary.org/obo/GO_0050577
GO:0050589,MF,leucocyanidin oxygenase activity,http://purl.obolibrary.org/obo/GO_0050589
GO:0050593,MF,N-methylcoclaurine 3'-monooxygenase activity,http://purl.obolibrary.org/obo/GO_0050593
GO:0050595,MF,7-deoxyloganin 7-hydroxylase activity,http://purl.obolibrary.org/obo/GO_0050595
GO:0050613,MF,delta14-sterol reductase activity,http://purl.obolibrary.org/obo/GO_0050613
GO:0050616,MF,secologanin synthase activity,http://purl.obolibrary.org/obo/GO_0050616
GO:0050619,MF,phytochromobilin:ferredoxin oxidoreductase activity,http://purl.obolibrary.org/obo/GO_0050619
GO:0050625,MF,"2-hydroxy-1,4-benzoquinone reductase activity",http://purl.obolibrary.org/obo/GO_0050625
GO:0050636,MF,vinorine synthase activity,http://purl.obolibrary.org/obo/GO_0050636
GO:0050650,BP,chondroitin sulfate proteoglycan biosynthetic process,http://purl.obolibrary.org/obo/GO_0050650
GO:0050654,BP,chondroitin sulfate proteoglycan metabolic process,http://purl.obolibrary.org/obo/GO_0050654
GO:0050657,BP,nucleic acid transport,http://purl.obolibrary.org/obo/GO_0050657
GO:0050658,BP,RNA transport,http://purl.obolibrary.org/obo/GO_0050658
GO:0050659,MF,N-acetylgalactosamine 4-sulfate 6-O-sulfotransferase activity,http://purl.obolibrary.org/obo/GO_0050659
GO:0050660,MF,flavin adenine dinucleotide binding,http://purl.obolibrary.org/obo/GO_0050660
GO:0050661,MF,NADP binding,http://purl.obolibrary.org/obo/GO_0050661
GO:0050664,MF,"oxidoreductase activity, acting on NAD(P)H, oxygen as acceptor",http://purl.obolibrary.org/obo/GO_0050664
GO:0050665,BP,hydrogen peroxide biosynthetic process,http://purl.obolibrary.org/obo/GO_0050665
GO:0050667,BP,homocysteine metabolic process,http://purl.obolibrary.org/obo/GO_0050667
GO:0050673,BP,epithelial cell proliferation,http://purl.obolibrary.org/obo/GO_0050673
GO:0050684,BP,regulation of mRNA processing,http://purl.obolibrary.org/obo/GO_0050684
GO:0050685,BP,positive regulation of mRNA processing,http://purl.obolibrary.org/obo/GO_0050685
GO:0050687,BP,negative regulation of defense response to virus,http://purl.obolibrary.org/obo/GO_0050687
GO:0050688,BP,regulation of defense response to virus,http://purl.obolibrary.org/obo/GO_0050688
GO:0050691,BP,regulation of defense response to virus by host,http://purl.obolibrary.org/obo/GO_0050691
GO:0050708,BP,regulation of protein secretion,http://purl.obolibrary.org/obo/GO_0050708
GO:0050727,BP,regulation of inflammatory response,http://purl.obolibrary.org/obo/GO_0050727
GO:0050729,BP,positive regulation of inflammatory response,http://purl.obolibrary.org/obo/GO_0050729
GO:0050730,BP,regulation of peptidyl-tyrosine phosphorylation,http://purl.obolibrary.org/obo/GO_0050730
GO:0050731,BP,positive regulation of peptidyl-tyrosine phosphorylation,http://purl.obolibrary.org/obo/GO_0050731
GO:0050732,BP,negative regulation of peptidyl-tyrosine phosphorylation,http://purl.obolibrary.org/obo/GO_0050732
GO:0050734,MF,hydroxycinnamoyltransferase activity,http://purl.obolibrary.org/obo/GO_0050734
GO:0050736,MF,O-malonyltransferase activity,http://purl.obolibrary.org/obo/GO_0050736
GO:0050737,MF,O-hydroxycinnamoyltransferase activity,http://purl.obolibrary.org/obo/GO_0050737
GO:0050738,MF,fructosyltransferase activity,http://purl.obolibrary.org/obo/GO_0050738
GO:0050764,BP,regulation of phagocytosis,http://purl.obolibrary.org/obo/GO_0050764
GO:0050766,BP,positive regulation of phagocytosis,http://purl.obolibrary.org/obo/GO_0050766
GO:0050776,BP,regulation of immune response,http://purl.obolibrary.org/obo/GO_0050776
GO:0050777,BP,negative regulation of immune response,http://purl.obolibrary.org/obo/GO_0050777
GO:0050778,BP,positive regulation of immune response,http://purl.obolibrary.org/obo/GO_0050778
GO:0050779,BP,RNA destabilization,http://purl.obolibrary.org/obo/GO_0050779
GO:0050789,BP,regulation of biological process,http://purl.obolibrary.org/obo/GO_0050789
GO:0050790,BP,regulation of catalytic activity,http://purl.obolibrary.org/obo/GO_0050790
GO:0050792,BP,regulation of viral process,http://purl.obolibrary.org/obo/GO_0050792
GO:0050793,BP,regulation of developmental process,http://purl.obolibrary.org/obo/GO_0050793
GO:0050794,BP,regulation of cellular process,http://purl.obolibrary.org/obo/GO_0050794
GO:0050795,BP,regulation of behavior,http://purl.obolibrary.org/obo/GO_0050795
GO:0050797,MF,thymidylate synthase (FAD) activity,http://purl.obolibrary.org/obo/GO_0050797
GO:0050801,BP,ion homeostasis,http://purl.obolibrary.org/obo/GO_0050801
GO:0050804,BP,modulation of chemical synaptic transmission,http://purl.obolibrary.org/obo/GO_0050804
GO:0050810,BP,regulation of steroid biosynthetic process,http://purl.obolibrary.org/obo/GO_0050810
GO:0050815,MF,phosphoserine residue binding,http://purl.obolibrary.org/obo/GO_0050815
GO:0050817,BP,coagulation,http://purl.obolibrary.org/obo/GO_0050817
GO:0050818,BP,regulation of coagulation,http://purl.obolibrary.org/obo/GO_0050818
GO:0050819,BP,negative regulation of coagulation,http://purl.obolibrary.org/obo/GO_0050819
GO:0050821,BP,protein stabilization,http://purl.obolibrary.org/obo/GO_0050821
GO:0050826,BP,response to freezing,http://purl.obolibrary.org/obo/GO_0050826
GO:0050829,BP,defense response to Gram-negative bacterium,http://purl.obolibrary.org/obo/GO_0050829
GO:0050830,BP,defense response to Gram-positive bacterium,http://purl.obolibrary.org/obo/GO_0050830
GO:0050832,BP,defense response to fungus,http://purl.obolibrary.org/obo/GO_0050832
GO:0050833,MF,pyruvate transmembrane transporter activity,http://purl.obolibrary.org/obo/GO_0050833
GO:0050839,MF,cell adhesion molecule binding,http://purl.obolibrary.org/obo/GO_0050839
GO:0050848,BP,regulation of calcium-mediated signaling,http://purl.obolibrary.org/obo/GO_0050848
GO:0050850,BP,positive regulation of calcium-mediated signaling,http://purl.obolibrary.org/obo/GO_0050850
GO:0050878,BP,regulation of body fluid levels,http://purl.obolibrary.org/obo/GO_0050878
GO:0050879,BP,multicellular organismal movement,http://purl.obolibrary.org/obo/GO_0050879
GO:0050891,BP,multicellular organismal water homeostasis,http://purl.obolibrary.org/obo/GO_0050891
GO:0050896,BP,response to stimulus,http://purl.obolibrary.org/obo/GO_0050896
GO:0050897,MF,cobalt ion binding,http://purl.obolibrary.org/obo/GO_0050897
GO:0050898,BP,nitrile metabolic process,http://purl.obolibrary.org/obo/GO_0050898
GO:0050918,BP,positive chemotaxis,http://purl.obolibrary.org/obo/GO_0050918
GO:0050982,BP,detection of mechanical stimulus,http://purl.obolibrary.org/obo/GO_0050982
GO:0050993,BP,dimethylallyl diphosphate metabolic process,http://purl.obolibrary.org/obo/GO_0050993
GO:0050994,BP,regulation of lipid catabolic process,http://purl.obolibrary.org/obo/GO_0050994
GO:0050995,BP,negative regulation of lipid catabolic process,http://purl.obolibrary.org/obo/GO_0050995
GO:0050996,BP,positive regulation of lipid catabolic process,http://purl.obolibrary.org/obo/GO_0050996
GO:0050997,MF,quaternary ammonium group binding,http://purl.obolibrary.org/obo/GO_0050997
GO:0051002,MF,"ligase activity, forming nitrogen-metal bonds",http://purl.obolibrary.org/obo/GO_0051002
GO:0051003,MF,"ligase activity, forming nitrogen-metal bonds, forming coordination complexes",http://purl.obolibrary.org/obo/GO_0051003
GO:0051010,MF,microtubule plus-end binding,http://purl.obolibrary.org/obo/GO_0051010
GO:0051011,MF,microtubule minus-end binding,http://purl.obolibrary.org/obo/GO_0051011
GO:0051012,BP,microtubule sliding,http://purl.obolibrary.org/obo/GO_0051012
GO:0051013,BP,microtubule severing,http://purl.obolibrary.org/obo/GO_0051013
GO:0051014,BP,actin filament severing,http://purl.obolibrary.org/obo/GO_0051014
GO:0051015,MF,actin filament binding,http://purl.obolibrary.org/obo/GO_0051015
GO:0051016,BP,barbed-end actin filament capping,http://purl.obolibrary.org/obo/GO_0051016
GO:0051017,BP,actin filament bundle assembly,http://purl.obolibrary.org/obo/GO_0051017
GO:0051018,MF,protein kinase A binding,http://purl.obolibrary.org/obo/GO_0051018
GO:0051019,MF,mitogen-activated protein kinase binding,http://purl.obolibrary.org/obo/GO_0051019
GO:0051020,MF,GTPase binding,http://purl.obolibrary.org/obo/GO_0051020
GO:0051026,BP,chiasma assembly,http://purl.obolibrary.org/obo/GO_0051026
GO:0051028,BP,mRNA transport,http://purl.obolibrary.org/obo/GO_0051028
GO:0051031,BP,tRNA transport,http://purl.obolibrary.org/obo/GO_0051031
GO:0051046,BP,regulation of secretion,http://purl.obolibrary.org/obo/GO_0051046
GO:0051047,BP,positive regulation of secretion,http://purl.obolibrary.org/obo/GO_0051047
GO:0051049,BP,regulation of transport,http://purl.obolibrary.org/obo/GO_0051049
GO:0051050,BP,positive regulation of transport,http://purl.obolibrary.org/obo/GO_0051050
GO:0051051,BP,negative regulation of transport,http://purl.obolibrary.org/obo/GO_0051051
GO:0051052,BP,regulation of DNA metabolic process,http://purl.obolibrary.org/obo/GO_0051052
GO:0051053,BP,negative regulation of DNA metabolic process,http://purl.obolibrary.org/obo/GO_0051053
GO:0051054,BP,positive regulation of DNA metabolic process,http://purl.obolibrary.org/obo/GO_0051054
GO:0051055,BP,negative regulation of lipid biosynthetic process,http://purl.obolibrary.org/obo/GO_0051055
GO:0051056,BP,regulation of small GTPase mediated signal transduction,http://purl.obolibrary.org/obo/GO_0051056
GO:0051058,BP,negative regulation of small GTPase mediated signal transduction,http://purl.obolibrary.org/obo/GO_0051058
GO:0051060,MF,pullulanase activity,http://purl.obolibrary.org/obo/GO_0051060
GO:0051069,BP,galactomannan metabolic process,http://purl.obolibrary.org/obo/GO_0051069
GO:0051070,BP,galactomannan biosynthetic process,http://purl.obolibrary.org/obo/GO_0051070
GO:0051075,MF,S-adenosylmethionine:tRNA ribosyltransferase-isomerase activity,http://purl.obolibrary.org/obo/GO_0051075
GO:0051082,MF,unfolded protein binding,http://purl.obolibrary.org/obo/GO_0051082
GO:0051083,BP,'de novo' cotranslational protein folding,http://purl.obolibrary.org/obo/GO_0051083
GO:0051084,BP,'de novo' posttranslational protein folding,http://purl.obolibrary.org/obo/GO_0051084
GO:0051085,BP,chaperone cofactor-dependent protein refolding,http://purl.obolibrary.org/obo/GO_0051085
GO:0051087,MF,chaperone binding,http://purl.obolibrary.org/obo/GO_0051087
GO:0051090,BP,regulation of DNA-binding transcription factor activity,http://purl.obolibrary.org/obo/GO_0051090
GO:0051091,BP,positive regulation of DNA-binding transcription factor activity,http://purl.obolibrary.org/obo/GO_0051091
GO:0051093,BP,negative regulation of developmental process,http://purl.obolibrary.org/obo/GO_0051093
GO:0051094,BP,positive regulation of developmental process,http://purl.obolibrary.org/obo/GO_0051094
GO:0051098,BP,regulation of binding,http://purl.obolibrary.org/obo/GO_0051098
GO:0051099,BP,positive regulation of binding,http://purl.obolibrary.org/obo/GO_0051099
GO:0051100,BP,negative regulation of binding,http://purl.obolibrary.org/obo/GO_0051100
GO:0051101,BP,regulation of DNA binding,http://purl.obolibrary.org/obo/GO_0051101
GO:0051103,BP,DNA ligation involved in DNA repair,http://purl.obolibrary.org/obo/GO_0051103
GO:0051117,MF,ATPase binding,http://purl.obolibrary.org/obo/GO_0051117
GO:0051119,MF,sugar transmembrane transporter activity,http://purl.obolibrary.org/obo/GO_0051119
GO:0051123,BP,RNA polymerase II preinitiation complex assembly,http://purl.obolibrary.org/obo/GO_0051123
GO:0051125,BP,regulation of actin nucleation,http://purl.obolibrary.org/obo/GO_0051125
GO:0051127,BP,positive regulation of actin nucleation,http://purl.obolibrary.org/obo/GO_0051127
GO:0051128,BP,regulation of cellular component organization,http://purl.obolibrary.org/obo/GO_0051128
GO:0051129,BP,negative regulation of cellular component organization,http://purl.obolibrary.org/obo/GO_0051129
GO:0051130,BP,positive regulation of cellular component organization,http://purl.obolibrary.org/obo/GO_0051130
GO:0051131,BP,chaperone-mediated protein complex assembly,http://purl.obolibrary.org/obo/GO_0051131
GO:0051139,MF,metal ion:proton antiporter activity,http://purl.obolibrary.org/obo/GO_0051139
GO:0051156,BP,glucose 6-phosphate metabolic process,http://purl.obolibrary.org/obo/GO_0051156
GO:0051168,BP,nuclear export,http://purl.obolibrary.org/obo/GO_0051168
GO:0051169,BP,nuclear transport,http://purl.obolibrary.org/obo/GO_0051169
GO:0051170,BP,import into nucleus,http://purl.obolibrary.org/obo/GO_0051170
GO:0051174,BP,regulation of phosphorus metabolic process,http://purl.obolibrary.org/obo/GO_0051174
GO:0051175,BP,negative regulation of sulfur metabolic process,http://purl.obolibrary.org/obo/GO_0051175
GO:0051176,BP,positive regulation of sulfur metabolic process,http://purl.obolibrary.org/obo/GO_0051176
GO:0051177,BP,meiotic sister chromatid cohesion,http://purl.obolibrary.org/obo/GO_0051177
GO:0051179,BP,localization,http://purl.obolibrary.org/obo/GO_0051179
GO:0051180,BP,vitamin transport,http://purl.obolibrary.org/obo/GO_0051180
GO:0051189,BP,prosthetic group metabolic process,http://purl.obolibrary.org/obo/GO_0051189
GO:0051192,MF,prosthetic group binding,http://purl.obolibrary.org/obo/GO_0051192
GO:0051202,BP,phytochromobilin metabolic process,http://purl.obolibrary.org/obo/GO_0051202
GO:0051204,BP,protein insertion into mitochondrial membrane,http://purl.obolibrary.org/obo/GO_0051204
GO:0051205,BP,protein insertion into membrane,http://purl.obolibrary.org/obo/GO_0051205
GO:0051208,BP,sequestering of calcium ion,http://purl.obolibrary.org/obo/GO_0051208
GO:0051209,BP,release of sequestered calcium ion into cytosol,http://purl.obolibrary.org/obo/GO_0051209
GO:0051211,BP,anisotropic cell growth,http://purl.obolibrary.org/obo/GO_0051211
GO:0051213,MF,dioxygenase activity,http://purl.obolibrary.org/obo/GO_0051213
GO:0051214,BP,RNAi-mediated antiviral immunity against RNA virus,http://purl.obolibrary.org/obo/GO_0051214
GO:0051219,MF,phosphoprotein binding,http://purl.obolibrary.org/obo/GO_0051219
GO:0051220,BP,cytoplasmic sequestering of protein,http://purl.obolibrary.org/obo/GO_0051220
GO:0051222,BP,positive regulation of protein transport,http://purl.obolibrary.org/obo/GO_0051222
GO:0051223,BP,regulation of protein transport,http://purl.obolibrary.org/obo/GO_0051223
GO:0051224,BP,negative regulation of protein transport,http://purl.obolibrary.org/obo/GO_0051224
GO:0051225,BP,spindle assembly,http://purl.obolibrary.org/obo/GO_0051225
GO:0051228,BP,mitotic spindle disassembly,http://purl.obolibrary.org/obo/GO_0051228
GO:0051230,BP,spindle disassembly,http://purl.obolibrary.org/obo/GO_0051230
GO:0051231,BP,spindle elongation,http://purl.obolibrary.org/obo/GO_0051231
GO:0051233,CC,spindle midzone,http://purl.obolibrary.org/obo/GO_0051233
GO:0051234,BP,establishment of localization,http://purl.obolibrary.org/obo/GO_0051234
GO:0051235,BP,maintenance of location,http://purl.obolibrary.org/obo/GO_0051235
GO:0051236,BP,establishment of RNA localization,http://purl.obolibrary.org/obo/GO_0051236
GO:0051238,BP,sequestering of metal ion,http://purl.obolibrary.org/obo/GO_0051238
GO:0051239,BP,regulation of multicellular organismal process,http://purl.obolibrary.org/obo/GO_0051239
GO:0051240,BP,positive regulation of multicellular organismal process,http://purl.obolibrary.org/obo/GO_0051240
GO:0051241,BP,negative regulation of multicellular organismal process,http://purl.obolibrary.org/obo/GO_0051241
GO:0051245,BP,negative regulation of cellular defense response,http://purl.obolibrary.org/obo/GO_0051245
GO:0051246,BP,regulation of protein metabolic process,http://purl.obolibrary.org/obo/GO_0051246
GO:0051247,BP,positive regulation of protein metabolic process,http://purl.obolibrary.org/obo/GO_0051247
GO:0051248,BP,negative regulation of protein metabolic process,http://purl.obolibrary.org/obo/GO_0051248
GO:0051252,BP,regulation of RNA metabolic process,http://purl.obolibrary.org/obo/GO_0051252
GO:0051253,BP,negative regulation of RNA metabolic process,http://purl.obolibrary.org/obo/GO_0051253
GO:0051254,BP,positive regulation of RNA metabolic process,http://purl.obolibrary.org/obo/GO_0051254
GO:0051258,BP,protein polymerization,http://purl.obolibrary.org/obo/GO_0051258
GO:0051259,BP,protein complex oligomerization,http://purl.obolibrary.org/obo/GO_0051259
GO:0051260,BP,protein homooligomerization,http://purl.obolibrary.org/obo/GO_0051260
GO:0051261,BP,protein depolymerization,http://purl.obolibrary.org/obo/GO_0051261
GO:0051262,BP,protein tetramerization,http://purl.obolibrary.org/obo/GO_0051262
GO:0051266,MF,sirohydrochlorin ferrochelatase activity,http://purl.obolibrary.org/obo/GO_0051266
GO:0051267,MF,CP2 mannose-ethanolamine phosphotransferase activity,http://purl.obolibrary.org/obo/GO_0051267
GO:0051273,BP,beta-glucan metabolic process,http://purl.obolibrary.org/obo/GO_0051273
GO:0051274,BP,beta-glucan biosynthetic process,http://purl.obolibrary.org/obo/GO_0051274
GO:0051275,BP,beta-glucan catabolic process,http://purl.obolibrary.org/obo/GO_0051275
GO:0051276,BP,chromosome organization,http://purl.obolibrary.org/obo/GO_0051276
GO:0051282,BP,regulation of sequestering of calcium ion,http://purl.obolibrary.org/obo/GO_0051282
GO:0051283,BP,negative regulation of sequestering of calcium ion,http://purl.obolibrary.org/obo/GO_0051283
GO:0051286,CC,cell tip,http://purl.obolibrary.org/obo/GO_0051286
GO:0051287,MF,NAD binding,http://purl.obolibrary.org/obo/GO_0051287
GO:0051289,BP,protein homotetramerization,http://purl.obolibrary.org/obo/GO_0051289
GO:0051290,BP,protein heterotetramerization,http://purl.obolibrary.org/obo/GO_0051290
GO:0051291,BP,protein heterooligomerization,http://purl.obolibrary.org/obo/GO_0051291
GO:0051293,BP,establishment of spindle localization,http://purl.obolibrary.org/obo/GO_0051293
GO:0051294,BP,establishment of spindle orientation,http://purl.obolibrary.org/obo/GO_0051294
GO:0051295,BP,establishment of meiotic spindle localization,http://purl.obolibrary.org/obo/GO_0051295
GO:0051301,BP,cell division,http://purl.obolibrary.org/obo/GO_0051301
GO:0051302,BP,regulation of cell division,http://purl.obolibrary.org/obo/GO_0051302
GO:0051303,BP,establishment of chromosome localization,http://purl.obolibrary.org/obo/GO_0051303
GO:0051304,BP,chromosome separation,http://purl.obolibrary.org/obo/GO_0051304
GO:0051306,BP,mitotic sister chromatid separation,http://purl.obolibrary.org/obo/GO_0051306
GO:0051307,BP,meiotic chromosome separation,http://purl.obolibrary.org/obo/GO_0051307
GO:0051310,BP,metaphase plate congression,http://purl.obolibrary.org/obo/GO_0051310
GO:0051311,BP,meiotic metaphase plate congression,http://purl.obolibrary.org/obo/GO_0051311
GO:0051315,BP,attachment of mitotic spindle microtubules to kinetochore,http://purl.obolibrary.org/obo/GO_0051315
GO:0051316,BP,attachment of spindle microtubules to kinetochore involved in meiotic chromosome segregation,http://purl.obolibrary.org/obo/GO_0051316
GO:0051321,BP,meiotic cell cycle,http://purl.obolibrary.org/obo/GO_0051321
GO:0051336,BP,regulation of hydrolase activity,http://purl.obolibrary.org/obo/GO_0051336
GO:0051338,BP,regulation of transferase activity,http://purl.obolibrary.org/obo/GO_0051338
GO:0051341,BP,regulation of oxidoreductase activity,http://purl.obolibrary.org/obo/GO_0051341
GO:0051345,BP,positive regulation of hydrolase activity,http://purl.obolibrary.org/obo/GO_0051345
GO:0051346,BP,negative regulation of hydrolase activity,http://purl.obolibrary.org/obo/GO_0051346
GO:0051347,BP,positive regulation of transferase activity,http://purl.obolibrary.org/obo/GO_0051347
GO:0051348,BP,negative regulation of transferase activity,http://purl.obolibrary.org/obo/GO_0051348
GO:0051353,BP,positive regulation of oxidoreductase activity,http://purl.obolibrary.org/obo/GO_0051353
GO:0051354,BP,negative regulation of oxidoreductase activity,http://purl.obolibrary.org/obo/GO_0051354
GO:0051365,BP,cellular response to potassium ion starvation,http://purl.obolibrary.org/obo/GO_0051365
GO:0051377,MF,mannose-ethanolamine phosphotransferase activity,http://purl.obolibrary.org/obo/GO_0051377
GO:0051382,BP,kinetochore assembly,http://purl.obolibrary.org/obo/GO_0051382
GO:0051383,BP,kinetochore organization,http://purl.obolibrary.org/obo/GO_0051383
GO:0051403,BP,stress-activated MAPK cascade,http://purl.obolibrary.org/obo/GO_0051403
GO:0051410,BP,detoxification of nitrogen compound,http://purl.obolibrary.org/obo/GO_0051410
GO:0051415,BP,microtubule nucleation by interphase microtubule organizing center,http://purl.obolibrary.org/obo/GO_0051415
GO:0051418,BP,microtubule nucleation by microtubule organizing center,http://purl.obolibrary.org/obo/GO_0051418
GO:0051427,MF,hormone receptor binding,http://purl.obolibrary.org/obo/GO_0051427
GO:0051428,MF,peptide hormone receptor binding,http://purl.obolibrary.org/obo/GO_0051428
GO:0051438,BP,regulation of ubiquitin-protein transferase activity,http://purl.obolibrary.org/obo/GO_0051438
GO:0051443,BP,positive regulation of ubiquitin-protein transferase activity,http://purl.obolibrary.org/obo/GO_0051443
GO:0051444,BP,negative regulation of ubiquitin-protein transferase activity,http://purl.obolibrary.org/obo/GO_0051444
GO:0051445,BP,regulation of meiotic cell cycle,http://purl.obolibrary.org/obo/GO_0051445
GO:0051446,BP,positive regulation of meiotic cell cycle,http://purl.obolibrary.org/obo/GO_0051446
GO:0051447,BP,negative regulation of meiotic cell cycle,http://purl.obolibrary.org/obo/GO_0051447
GO:0051452,BP,intracellular pH reduction,http://purl.obolibrary.org/obo/GO_0051452
GO:0051453,BP,regulation of intracellular pH,http://purl.obolibrary.org/obo/GO_0051453
GO:0051455,BP,monopolar spindle attachment to meiosis I kinetochore,http://purl.obolibrary.org/obo/GO_0051455
GO:0051457,BP,maintenance of protein location in nucleus,http://purl.obolibrary.org/obo/GO_0051457
GO:0051469,BP,vesicle fusion with vacuole,http://purl.obolibrary.org/obo/GO_0051469
GO:0051478,BP,mannosylglycerate metabolic process,http://purl.obolibrary.org/obo/GO_0051478
GO:0051479,BP,mannosylglycerate biosynthetic process,http://purl.obolibrary.org/obo/GO_0051479
GO:0051480,BP,regulation of cytosolic calcium ion concentration,http://purl.obolibrary.org/obo/GO_0051480
GO:0051483,BP,"terpenoid biosynthetic process, mevalonate-independent",http://purl.obolibrary.org/obo/GO_0051483
GO:0051484,BP,"isopentenyl diphosphate biosynthetic process, methylerythritol 4-phosphate pathway involved in terpenoid biosynthetic process",http://purl.obolibrary.org/obo/GO_0051484
GO:0051493,BP,regulation of cytoskeleton organization,http://purl.obolibrary.org/obo/GO_0051493
GO:0051494,BP,negative regulation of cytoskeleton organization,http://purl.obolibrary.org/obo/GO_0051494
GO:0051495,BP,positive regulation of cytoskeleton organization,http://purl.obolibrary.org/obo/GO_0051495
GO:0051498,MF,syn-copalyl diphosphate synthase activity,http://purl.obolibrary.org/obo/GO_0051498
GO:0051499,MF,D-aminoacyl-tRNA deacylase activity,http://purl.obolibrary.org/obo/GO_0051499
GO:0051500,MF,D-tyrosyl-tRNA(Tyr) deacylase activity,http://purl.obolibrary.org/obo/GO_0051500
GO:0051501,BP,diterpene phytoalexin metabolic process,http://purl.obolibrary.org/obo/GO_0051501
GO:0051502,BP,diterpene phytoalexin biosynthetic process,http://purl.obolibrary.org/obo/GO_0051502
GO:0051503,BP,adenine nucleotide transport,http://purl.obolibrary.org/obo/GO_0051503
GO:0051507,MF,beta-sitosterol UDP-glucosyltransferase activity,http://purl.obolibrary.org/obo/GO_0051507
GO:0051510,BP,regulation of unidimensional cell growth,http://purl.obolibrary.org/obo/GO_0051510
GO:0051511,BP,negative regulation of unidimensional cell growth,http://purl.obolibrary.org/obo/GO_0051511
GO:0051512,BP,positive regulation of unidimensional cell growth,http://purl.obolibrary.org/obo/GO_0051512
GO:0051513,BP,regulation of monopolar cell growth,http://purl.obolibrary.org/obo/GO_0051513
GO:0051536,MF,iron-sulfur cluster binding,http://purl.obolibrary.org/obo/GO_0051536
GO:0051537,MF,"2 iron, 2 sulfur cluster binding",http://purl.obolibrary.org/obo/GO_0051537
GO:0051539,MF,"4 iron, 4 sulfur cluster binding",http://purl.obolibrary.org/obo/GO_0051539
GO:0051540,MF,metal cluster binding,http://purl.obolibrary.org/obo/GO_0051540
GO:0051552,BP,flavone metabolic process,http://purl.obolibrary.org/obo/GO_0051552
GO:0051553,BP,flavone biosynthetic process,http://purl.obolibrary.org/obo/GO_0051553
GO:0051554,BP,flavonol metabolic process,http://purl.obolibrary.org/obo/GO_0051554
GO:0051555,BP,flavonol biosynthetic process,http://purl.obolibrary.org/obo/GO_0051555
GO:0051558,BP,phlobaphene metabolic process,http://purl.obolibrary.org/obo/GO_0051558
GO:0051559,BP,phlobaphene biosynthetic process,http://purl.obolibrary.org/obo/GO_0051559
GO:0051560,BP,mitochondrial calcium ion homeostasis,http://purl.obolibrary.org/obo/GO_0051560
GO:0051562,BP,negative regulation of mitochondrial calcium ion concentration,http://purl.obolibrary.org/obo/GO_0051562
GO:0051566,MF,anthocyanidin-3-glucoside rhamnosyltransferase activity,http://purl.obolibrary.org/obo/GO_0051566
GO:0051575,MF,5'-deoxyribose-5-phosphate lyase activity,http://purl.obolibrary.org/obo/GO_0051575
GO:0051588,BP,regulation of neurotransmitter transport,http://purl.obolibrary.org/obo/GO_0051588
GO:0051592,BP,response to calcium ion,http://purl.obolibrary.org/obo/GO_0051592
GO:0051595,BP,response to methylglyoxal,http://purl.obolibrary.org/obo/GO_0051595
GO:0051596,BP,methylglyoxal catabolic process,http://purl.obolibrary.org/obo/GO_0051596
GO:0051598,BP,meiotic recombination checkpoint signaling,http://purl.obolibrary.org/obo/GO_0051598
GO:0051601,BP,exocyst localization,http://purl.obolibrary.org/obo/GO_0051601
GO:0051602,BP,response to electrical stimulus,http://purl.obolibrary.org/obo/GO_0051602
GO:0051603,BP,proteolysis involved in cellular protein catabolic process,http://purl.obolibrary.org/obo/GO_0051603
GO:0051604,BP,protein maturation,http://purl.obolibrary.org/obo/GO_0051604
GO:0051606,BP,detection of stimulus,http://purl.obolibrary.org/obo/GO_0051606
GO:0051607,BP,defense response to virus,http://purl.obolibrary.org/obo/GO_0051607
GO:0051608,BP,histamine transport,http://purl.obolibrary.org/obo/GO_0051608
GO:0051639,BP,actin filament network formation,http://purl.obolibrary.org/obo/GO_0051639
GO:0051640,BP,organelle localization,http://purl.obolibrary.org/obo/GO_0051640
GO:0051641,BP,cellular localization,http://purl.obolibrary.org/obo/GO_0051641
GO:0051643,BP,endoplasmic reticulum localization,http://purl.obolibrary.org/obo/GO_0051643
GO:0051644,BP,plastid localization,http://purl.obolibrary.org/obo/GO_0051644
GO:0051645,BP,Golgi localization,http://purl.obolibrary.org/obo/GO_0051645
GO:0051646,BP,mitochondrion localization,http://purl.obolibrary.org/obo/GO_0051646
GO:0051647,BP,nucleus localization,http://purl.obolibrary.org/obo/GO_0051647
GO:0051648,BP,vesicle localization,http://purl.obolibrary.org/obo/GO_0051648
GO:0051649,BP,establishment of localization in cell,http://purl.obolibrary.org/obo/GO_0051649
GO:0051650,BP,establishment of vesicle localization,http://purl.obolibrary.org/obo/GO_0051650
GO:0051651,BP,maintenance of location in cell,http://purl.obolibrary.org/obo/GO_0051651
GO:0051653,BP,spindle localization,http://purl.obolibrary.org/obo/GO_0051653
GO:0051656,BP,establishment of organelle localization,http://purl.obolibrary.org/obo/GO_0051656
GO:0051665,BP,membrane raft localization,http://purl.obolibrary.org/obo/GO_0051665
GO:0051667,BP,establishment of plastid localization,http://purl.obolibrary.org/obo/GO_0051667
GO:0051668,BP,localization within membrane,http://purl.obolibrary.org/obo/GO_0051668
GO:0051682,BP,galactomannan catabolic process,http://purl.obolibrary.org/obo/GO_0051682
GO:0051693,BP,actin filament capping,http://purl.obolibrary.org/obo/GO_0051693
GO:0051701,BP,biological process involved in interaction with host,http://purl.obolibrary.org/obo/GO_0051701
GO:0051702,BP,biological process involved in interaction with symbiont,http://purl.obolibrary.org/obo/GO_0051702
GO:0051703,BP,biological process involved in intraspecies interaction between organisms,http://purl.obolibrary.org/obo/GO_0051703
GO:0051707,BP,response to other organism,http://purl.obolibrary.org/obo/GO_0051707
GO:0051709,BP,regulation of killing of cells of other organism,http://purl.obolibrary.org/obo/GO_0051709
GO:0051715,BP,cytolysis in other organism,http://purl.obolibrary.org/obo/GO_0051715
GO:0051716,BP,cellular response to stimulus,http://purl.obolibrary.org/obo/GO_0051716
GO:0051717,MF,"inositol-1,3,4,5-tetrakisphosphate 3-phosphatase activity",http://purl.obolibrary.org/obo/GO_0051717
GO:0051718,MF,"DNA (cytosine-5-)-methyltransferase activity, acting on CpG substrates",http://purl.obolibrary.org/obo/GO_0051718
GO:0051719,MF,"DNA (cytosine-5-)-methyltransferase activity, acting on CpN substrates",http://purl.obolibrary.org/obo/GO_0051719
GO:0051720,MF,"DNA (cytosine-5-)-methyltransferase activity, acting on CpNpG substrates",http://purl.obolibrary.org/obo/GO_0051720
GO:0051721,MF,protein phosphatase 2A binding,http://purl.obolibrary.org/obo/GO_0051721
GO:0051722,MF,protein C-terminal methylesterase activity,http://purl.obolibrary.org/obo/GO_0051722
GO:0051723,MF,protein methylesterase activity,http://purl.obolibrary.org/obo/GO_0051723
GO:0051724,MF,NAD transmembrane transporter activity,http://purl.obolibrary.org/obo/GO_0051724
GO:0051726,BP,regulation of cell cycle,http://purl.obolibrary.org/obo/GO_0051726
GO:0051731,MF,polynucleotide 5'-hydroxyl-kinase activity,http://purl.obolibrary.org/obo/GO_0051731
GO:0051734,MF,polynucleotide kinase activity,http://purl.obolibrary.org/obo/GO_0051734
GO:0051738,MF,xanthophyll binding,http://purl.obolibrary.org/obo/GO_0051738
GO:0051740,MF,ethylene binding,http://purl.obolibrary.org/obo/GO_0051740
GO:0051741,MF,"2-methyl-6-phytyl-1,4-benzoquinone methyltransferase activity",http://purl.obolibrary.org/obo/GO_0051741
GO:0051743,MF,red chlorophyll catabolite reductase activity,http://purl.obolibrary.org/obo/GO_0051743
GO:0051744,MF,"3,8-divinyl protochlorophyllide a 8-vinyl reductase activity",http://purl.obolibrary.org/obo/GO_0051744
GO:0051746,MF,thalianol synthase activity,http://purl.obolibrary.org/obo/GO_0051746
GO:0051747,MF,cytosine C-5 DNA demethylase activity,http://purl.obolibrary.org/obo/GO_0051747
GO:0051748,MF,UTP-monosaccharide-1-phosphate uridylyltransferase activity,http://purl.obolibrary.org/obo/GO_0051748
GO:0051749,MF,indole acetic acid carboxyl methyltransferase activity,http://purl.obolibrary.org/obo/GO_0051749
GO:0051750,MF,"delta3,5-delta2,4-dienoyl-CoA isomerase activity",http://purl.obolibrary.org/obo/GO_0051750
GO:0051751,MF,"alpha-1,4-mannosyltransferase activity",http://purl.obolibrary.org/obo/GO_0051751
GO:0051752,MF,"phosphoglucan, water dikinase activity",http://purl.obolibrary.org/obo/GO_0051752
GO:0051753,MF,mannan synthase activity,http://purl.obolibrary.org/obo/GO_0051753
GO:0051754,BP,"meiotic sister chromatid cohesion, centromeric",http://purl.obolibrary.org/obo/GO_0051754
GO:0051761,BP,sesquiterpene metabolic process,http://purl.obolibrary.org/obo/GO_0051761
GO:0051762,BP,sesquiterpene biosynthetic process,http://purl.obolibrary.org/obo/GO_0051762
GO:0051764,BP,actin crosslink formation,http://purl.obolibrary.org/obo/GO_0051764
GO:0051765,MF,inositol tetrakisphosphate kinase activity,http://purl.obolibrary.org/obo/GO_0051765
GO:0051766,MF,inositol trisphosphate kinase activity,http://purl.obolibrary.org/obo/GO_0051766
GO:0051775,BP,response to redox state,http://purl.obolibrary.org/obo/GO_0051775
GO:0051776,BP,detection of redox state,http://purl.obolibrary.org/obo/GO_0051776
GO:0051777,MF,ent-kaurenoate oxidase activity,http://purl.obolibrary.org/obo/GO_0051777
GO:0051781,BP,positive regulation of cell division,http://purl.obolibrary.org/obo/GO_0051781
GO:0051782,BP,negative regulation of cell division,http://purl.obolibrary.org/obo/GO_0051782
GO:0051783,BP,regulation of nuclear division,http://purl.obolibrary.org/obo/GO_0051783
GO:0051784,BP,negative regulation of nuclear division,http://purl.obolibrary.org/obo/GO_0051784
GO:0051785,BP,positive regulation of nuclear division,http://purl.obolibrary.org/obo/GO_0051785
GO:0051787,MF,misfolded protein binding,http://purl.obolibrary.org/obo/GO_0051787
GO:0051788,BP,response to misfolded protein,http://purl.obolibrary.org/obo/GO_0051788
GO:0051791,BP,medium-chain fatty acid metabolic process,http://purl.obolibrary.org/obo/GO_0051791
GO:0051792,BP,medium-chain fatty acid biosynthetic process,http://purl.obolibrary.org/obo/GO_0051792
GO:0051793,BP,medium-chain fatty acid catabolic process,http://purl.obolibrary.org/obo/GO_0051793
GO:0051851,BP,modulation by host of symbiont process,http://purl.obolibrary.org/obo/GO_0051851
GO:0051861,MF,glycolipid binding,http://purl.obolibrary.org/obo/GO_0051861
GO:0051864,MF,histone H3-methyl-lysine-36 demethylase activity,http://purl.obolibrary.org/obo/GO_0051864
GO:0051865,BP,protein autoubiquitination,http://purl.obolibrary.org/obo/GO_0051865
GO:0051879,MF,Hsp90 protein binding,http://purl.obolibrary.org/obo/GO_0051879
GO:0051880,MF,G-quadruplex DNA binding,http://purl.obolibrary.org/obo/GO_0051880
GO:0051899,BP,membrane depolarization,http://purl.obolibrary.org/obo/GO_0051899
GO:0051903,MF,S-(hydroxymethyl)glutathione dehydrogenase activity,http://purl.obolibrary.org/obo/GO_0051903
GO:0051920,MF,peroxiredoxin activity,http://purl.obolibrary.org/obo/GO_0051920
GO:0051923,BP,sulfation,http://purl.obolibrary.org/obo/GO_0051923
GO:0051924,BP,regulation of calcium ion transport,http://purl.obolibrary.org/obo/GO_0051924
GO:0051938,BP,L-glutamate import,http://purl.obolibrary.org/obo/GO_0051938
GO:0051952,BP,regulation of amine transport,http://purl.obolibrary.org/obo/GO_0051952
GO:0051955,BP,regulation of amino acid transport,http://purl.obolibrary.org/obo/GO_0051955
GO:0051958,BP,methotrexate transport,http://purl.obolibrary.org/obo/GO_0051958
GO:0051959,MF,dynein light intermediate chain binding,http://purl.obolibrary.org/obo/GO_0051959
GO:0051972,BP,regulation of telomerase activity,http://purl.obolibrary.org/obo/GO_0051972
GO:0051973,BP,positive regulation of telomerase activity,http://purl.obolibrary.org/obo/GO_0051973
GO:0051980,MF,iron-nicotianamine transmembrane transporter activity,http://purl.obolibrary.org/obo/GO_0051980
GO:0051983,BP,regulation of chromosome segregation,http://purl.obolibrary.org/obo/GO_0051983
GO:0051985,BP,negative regulation of chromosome segregation,http://purl.obolibrary.org/obo/GO_0051985
GO:0051990,MF,(R)-2-hydroxyglutarate dehydrogenase activity,http://purl.obolibrary.org/obo/GO_0051990
GO:0051993,MF,abscisic acid glucose ester beta-glucosidase activity,http://purl.obolibrary.org/obo/GO_0051993
GO:0051995,MF,Se-methyltransferase activity,http://purl.obolibrary.org/obo/GO_0051995
GO:0051996,MF,squalene synthase activity,http://purl.obolibrary.org/obo/GO_0051996
GO:0051997,MF,2-oxo-4-hydroxy-4-carboxy-5-ureidoimidazoline decarboxylase activity,http://purl.obolibrary.org/obo/GO_0051997
GO:0051998,MF,protein carboxyl O-methyltransferase activity,http://purl.obolibrary.org/obo/GO_0051998
GO:0051999,BP,mannosyl-inositol phosphorylceramide biosynthetic process,http://purl.obolibrary.org/obo/GO_0051999
GO:0052093,BP,formation of specialized structure for nutrient acquisition,http://purl.obolibrary.org/obo/GO_0052093
GO:0052096,BP,formation of syncytium involving giant cell for nutrient acquisition,http://purl.obolibrary.org/obo/GO_0052096
GO:0052314,BP,phytoalexin metabolic process,http://purl.obolibrary.org/obo/GO_0052314
GO:0052315,BP,phytoalexin biosynthetic process,http://purl.obolibrary.org/obo/GO_0052315
GO:0052317,BP,camalexin metabolic process,http://purl.obolibrary.org/obo/GO_0052317
GO:0052318,BP,regulation of phytoalexin metabolic process,http://purl.obolibrary.org/obo/GO_0052318
GO:0052319,BP,regulation of phytoalexin biosynthetic process,http://purl.obolibrary.org/obo/GO_0052319
GO:0052320,BP,positive regulation of phytoalexin metabolic process,http://purl.obolibrary.org/obo/GO_0052320
GO:0052322,BP,positive regulation of phytoalexin biosynthetic process,http://purl.obolibrary.org/obo/GO_0052322
GO:0052324,BP,plant-type cell wall cellulose biosynthetic process,http://purl.obolibrary.org/obo/GO_0052324
GO:0052325,BP,cell wall pectin biosynthetic process,http://purl.obolibrary.org/obo/GO_0052325
GO:0052381,MF,tRNA dimethylallyltransferase activity,http://purl.obolibrary.org/obo/GO_0052381
GO:0052386,BP,cell wall thickening,http://purl.obolibrary.org/obo/GO_0052386
GO:0052482,BP,defense response by cell wall thickening,http://purl.obolibrary.org/obo/GO_0052482
GO:0052541,BP,plant-type cell wall cellulose metabolic process,http://purl.obolibrary.org/obo/GO_0052541
GO:0052542,BP,defense response by callose deposition,http://purl.obolibrary.org/obo/GO_0052542
GO:0052543,BP,callose deposition in cell wall,http://purl.obolibrary.org/obo/GO_0052543
GO:0052544,BP,defense response by callose deposition in cell wall,http://purl.obolibrary.org/obo/GO_0052544
GO:0052545,BP,callose localization,http://purl.obolibrary.org/obo/GO_0052545
GO:0052546,BP,cell wall pectin metabolic process,http://purl.obolibrary.org/obo/GO_0052546
GO:0052547,BP,regulation of peptidase activity,http://purl.obolibrary.org/obo/GO_0052547
GO:0052548,BP,regulation of endopeptidase activity,http://purl.obolibrary.org/obo/GO_0052548
GO:0052573,BP,UDP-D-galactose metabolic process,http://purl.obolibrary.org/obo/GO_0052573
GO:0052575,BP,carbohydrate localization,http://purl.obolibrary.org/obo/GO_0052575
GO:0052576,BP,carbohydrate storage,http://purl.obolibrary.org/obo/GO_0052576
GO:0052577,MF,germacrene-D synthase activity,http://purl.obolibrary.org/obo/GO_0052577
GO:0052578,MF,alpha-farnesene synthase activity,http://purl.obolibrary.org/obo/GO_0052578
GO:0052579,MF,"(+)-pulegone reductase, (+)-isomenthone as substrate, activity",http://purl.obolibrary.org/obo/GO_0052579
GO:0052580,MF,"(+)-pulegone reductase, (-)-menthone as substrate, activity",http://purl.obolibrary.org/obo/GO_0052580
GO:0052581,MF,(-)-isopiperitenone reductase activity,http://purl.obolibrary.org/obo/GO_0052581
GO:0052582,MF,(+)-menthofuran synthase activity,http://purl.obolibrary.org/obo/GO_0052582
GO:0052592,MF,"oxidoreductase activity, acting on CH or CH2 groups, with an iron-sulfur protein as acceptor",http://purl.obolibrary.org/obo/GO_0052592
GO:0052595,MF,aliphatic-amine oxidase activity,http://purl.obolibrary.org/obo/GO_0052595
GO:0052597,MF,diamine oxidase activity,http://purl.obolibrary.org/obo/GO_0052597
GO:0052599,MF,methylputrescine oxidase activity,http://purl.obolibrary.org/obo/GO_0052599
GO:0052615,MF,ent-kaurene oxidase activity,http://purl.obolibrary.org/obo/GO_0052615
GO:0052621,MF,diguanylate cyclase activity,http://purl.obolibrary.org/obo/GO_0052621
GO:0052622,MF,ATP dimethylallyltransferase activity,http://purl.obolibrary.org/obo/GO_0052622
GO:0052623,MF,ADP dimethylallyltransferase activity,http://purl.obolibrary.org/obo/GO_0052623
GO:0052624,MF,"2-phytyl-1,4-naphthoquinone methyltransferase activity",http://purl.obolibrary.org/obo/GO_0052624
GO:0052625,MF,4-aminobenzoate amino acid synthetase activity,http://purl.obolibrary.org/obo/GO_0052625
GO:0052626,MF,benzoate amino acid synthetase activity,http://purl.obolibrary.org/obo/GO_0052626
GO:0052627,MF,vanillate amino acid synthetase activity,http://purl.obolibrary.org/obo/GO_0052627
GO:0052628,MF,4-hydroxybenzoate amino acid synthetase activity,http://purl.obolibrary.org/obo/GO_0052628
GO:0052629,MF,"phosphatidylinositol-3,5-bisphosphate 3-phosphatase activity",http://purl.obolibrary.org/obo/GO_0052629
GO:0052630,MF,UDP-N-acetylgalactosamine diphosphorylase activity,http://purl.obolibrary.org/obo/GO_0052630
GO:0052631,MF,sphingolipid delta-8 desaturase activity,http://purl.obolibrary.org/obo/GO_0052631
GO:0052634,MF,C-19 gibberellin 2-beta-dioxygenase activity,http://purl.obolibrary.org/obo/GO_0052634
GO:0052635,MF,C-20 gibberellin 2-beta-dioxygenase activity,http://purl.obolibrary.org/obo/GO_0052635
GO:0052636,MF,arabinosyltransferase activity,http://purl.obolibrary.org/obo/GO_0052636
GO:0052637,MF,delta 3-trans-hexadecenoic acid phosphatidylglycerol desaturase activity,http://purl.obolibrary.org/obo/GO_0052637
GO:0052638,MF,indole-3-butyrate beta-glucosyltransferase activity,http://purl.obolibrary.org/obo/GO_0052638
GO:0052639,MF,salicylic acid glucosyltransferase (ester-forming) activity,http://purl.obolibrary.org/obo/GO_0052639
GO:0052640,MF,salicylic acid glucosyltransferase (glucoside-forming) activity,http://purl.obolibrary.org/obo/GO_0052640
GO:0052641,MF,benzoic acid glucosyltransferase activity,http://purl.obolibrary.org/obo/GO_0052641
GO:0052642,MF,lysophosphatidic acid phosphatase activity,http://purl.obolibrary.org/obo/GO_0052642
GO:0052646,BP,alditol phosphate metabolic process,http://purl.obolibrary.org/obo/GO_0052646
GO:0052651,BP,monoacylglycerol catabolic process,http://purl.obolibrary.org/obo/GO_0052651
GO:0052652,BP,cyclic purine nucleotide metabolic process,http://purl.obolibrary.org/obo/GO_0052652
GO:0052654,MF,L-leucine transaminase activity,http://purl.obolibrary.org/obo/GO_0052654
GO:0052655,MF,L-valine transaminase activity,http://purl.obolibrary.org/obo/GO_0052655
GO:0052656,MF,L-isoleucine transaminase activity,http://purl.obolibrary.org/obo/GO_0052656
GO:0052658,MF,"inositol-1,4,5-trisphosphate 5-phosphatase activity",http://purl.obolibrary.org/obo/GO_0052658
GO:0052662,MF,zeaxanthin epoxidase activity,http://purl.obolibrary.org/obo/GO_0052662
GO:0052665,MF,tRNA (uracil-2'-O-)-methyltransferase activity,http://purl.obolibrary.org/obo/GO_0052665
GO:0052667,MF,phosphomethylethanolamine N-methyltransferase activity,http://purl.obolibrary.org/obo/GO_0052667
GO:0052668,MF,CTP:farnesol kinase activity,http://purl.obolibrary.org/obo/GO_0052668
GO:0052670,MF,geraniol kinase activity,http://purl.obolibrary.org/obo/GO_0052670
GO:0052671,MF,geranylgeraniol kinase activity,http://purl.obolibrary.org/obo/GO_0052671
GO:0052673,MF,prenol kinase activity,http://purl.obolibrary.org/obo/GO_0052673
GO:0052678,MF,levopimaradiene synthase activity,http://purl.obolibrary.org/obo/GO_0052678
GO:0052684,MF,"L-serine hydro-lyase (adding indole, L-tryptophan-forming) activity",http://purl.obolibrary.org/obo/GO_0052684
GO:0052689,MF,carboxylic ester hydrolase activity,http://purl.obolibrary.org/obo/GO_0052689
GO:0052691,MF,UDP-arabinopyranose mutase activity,http://purl.obolibrary.org/obo/GO_0052691
GO:0052692,MF,raffinose alpha-galactosidase activity,http://purl.obolibrary.org/obo/GO_0052692
GO:0052694,MF,jasmonoyl-isoleucine-12-hydroxylase activity,http://purl.obolibrary.org/obo/GO_0052694
GO:0052717,MF,tRNA-specific adenosine-34 deaminase activity,http://purl.obolibrary.org/obo/GO_0052717
GO:0052722,MF,fatty acid in-chain hydroxylase activity,http://purl.obolibrary.org/obo/GO_0052722
GO:0052725,MF,"inositol-1,3,4-trisphosphate 6-kinase activity",http://purl.obolibrary.org/obo/GO_0052725
GO:0052726,MF,"inositol-1,3,4-trisphosphate 5-kinase activity",http://purl.obolibrary.org/obo/GO_0052726
GO:0052731,MF,phosphocholine phosphatase activity,http://purl.obolibrary.org/obo/GO_0052731
GO:0052732,MF,phosphoethanolamine phosphatase activity,http://purl.obolibrary.org/obo/GO_0052732
GO:0052736,MF,beta-glucanase activity,http://purl.obolibrary.org/obo/GO_0052736
GO:0052739,MF,phosphatidylserine 1-acylhydrolase activity,http://purl.obolibrary.org/obo/GO_0052739
GO:0052742,MF,phosphatidylinositol kinase activity,http://purl.obolibrary.org/obo/GO_0052742
GO:0052743,MF,inositol tetrakisphosphate phosphatase activity,http://purl.obolibrary.org/obo/GO_0052743
GO:0052744,MF,phosphatidylinositol monophosphate phosphatase activity,http://purl.obolibrary.org/obo/GO_0052744
GO:0052745,MF,inositol phosphate phosphatase activity,http://purl.obolibrary.org/obo/GO_0052745
GO:0052748,MF,baicalin beta-D-glucuronidase activity,http://purl.obolibrary.org/obo/GO_0052748
GO:0052751,MF,GDP-mannose hydrolase activity,http://purl.obolibrary.org/obo/GO_0052751
GO:0052793,MF,pectin acetylesterase activity,http://purl.obolibrary.org/obo/GO_0052793
GO:0052815,MF,medium-chain acyl-CoA hydrolase activity,http://purl.obolibrary.org/obo/GO_0052815
GO:0052816,MF,long-chain acyl-CoA hydrolase activity,http://purl.obolibrary.org/obo/GO_0052816
GO:0052834,MF,inositol monophosphate phosphatase activity,http://purl.obolibrary.org/obo/GO_0052834
GO:0052835,MF,"inositol-3,4,6-trisphosphate 1-kinase activity",http://purl.obolibrary.org/obo/GO_0052835
GO:0052842,MF,inositol diphosphate pentakisphosphate diphosphatase activity,http://purl.obolibrary.org/obo/GO_0052842
GO:0052845,MF,"inositol-5-diphosphate-1,2,3,4,6-pentakisphosphate diphosphatase activity",http://purl.obolibrary.org/obo/GO_0052845
GO:0052856,MF,NADHX epimerase activity,http://purl.obolibrary.org/obo/GO_0052856
GO:0052857,MF,NADPHX epimerase activity,http://purl.obolibrary.org/obo/GO_0052857
GO:0052858,MF,peptidyl-lysine acetyltransferase activity,http://purl.obolibrary.org/obo/GO_0052858
GO:0052861,MF,"glucan endo-1,3-beta-glucanase activity, C-3 substituted reducing group",http://purl.obolibrary.org/obo/GO_0052861
GO:0052866,MF,phosphatidylinositol phosphate phosphatase activity,http://purl.obolibrary.org/obo/GO_0052866
GO:0052880,MF,"oxidoreductase activity, acting on diphenols and related substances as donors, with copper protein as acceptor",http://purl.obolibrary.org/obo/GO_0052880
GO:0052883,MF,tyrosine ammonia-lyase activity,http://purl.obolibrary.org/obo/GO_0052883
GO:0052886,MF,"9,9'-dicis-carotene:quinone oxidoreductase activity",http://purl.obolibrary.org/obo/GO_0052886
GO:0052889,BP,"9,9'-di-cis-zeta-carotene desaturation to 7,9,7',9'-tetra-cis-lycopene",http://purl.obolibrary.org/obo/GO_0052889
GO:0052890,MF,"oxidoreductase activity, acting on the CH-CH group of donors, with a flavin as acceptor",http://purl.obolibrary.org/obo/GO_0052890
GO:0052894,MF,norspermine:oxygen oxidoreductase activity,http://purl.obolibrary.org/obo/GO_0052894
GO:0052901,MF,spermine:oxygen oxidoreductase (spermidine-forming) activity,http://purl.obolibrary.org/obo/GO_0052901
GO:0052903,MF,N1-acetylspermine:oxygen oxidoreductase (3-acetamidopropanal-forming) activity,http://purl.obolibrary.org/obo/GO_0052903
GO:0052904,MF,N1-acetylspermidine:oxygen oxidoreductase (3-acetamidopropanal-forming) activity,http://purl.obolibrary.org/obo/GO_0052904
GO:0052906,MF,tRNA (guanine(37)-N(1))-methyltransferase activity,http://purl.obolibrary.org/obo/GO_0052906
GO:0052907,MF,23S rRNA (adenine(1618)-N(6))-methyltransferase activity,http://purl.obolibrary.org/obo/GO_0052907
GO:0052925,MF,"dol-P-Man:Man(5)GlcNAc(2)-PP-Dol alpha-1,3-mannosyltransferase activity",http://purl.obolibrary.org/obo/GO_0052925
GO:0052927,MF,CTP:tRNA cytidylyltransferase activity,http://purl.obolibrary.org/obo/GO_0052927
GO:0052929,MF,ATP:3'-cytidine-cytidine-tRNA adenylyltransferase activity,http://purl.obolibrary.org/obo/GO_0052929
GO:0055028,CC,cortical microtubule,http://purl.obolibrary.org/obo/GO_0055028
GO:0055029,CC,nuclear DNA-directed RNA polymerase complex,http://purl.obolibrary.org/obo/GO_0055029
GO:0055035,CC,plastid thylakoid membrane,http://purl.obolibrary.org/obo/GO_0055035
GO:0055037,CC,recycling endosome,http://purl.obolibrary.org/obo/GO_0055037
GO:0055038,CC,recycling endosome membrane,http://purl.obolibrary.org/obo/GO_0055038
GO:0055044,CC,symplast,http://purl.obolibrary.org/obo/GO_0055044
GO:0055046,BP,microgametogenesis,http://purl.obolibrary.org/obo/GO_0055046
GO:0055047,BP,generative cell mitosis,http://purl.obolibrary.org/obo/GO_0055047
GO:0055048,BP,anastral spindle assembly,http://purl.obolibrary.org/obo/GO_0055048
GO:0055055,MF,D-glucose:proton symporter activity,http://purl.obolibrary.org/obo/GO_0055055
GO:0055056,MF,D-glucose transmembrane transporter activity,http://purl.obolibrary.org/obo/GO_0055056
GO:0055062,BP,phosphate ion homeostasis,http://purl.obolibrary.org/obo/GO_0055062
GO:0055063,BP,sulfate ion homeostasis,http://purl.obolibrary.org/obo/GO_0055063
GO:0055064,BP,chloride ion homeostasis,http://purl.obolibrary.org/obo/GO_0055064
GO:0055070,BP,copper ion homeostasis,http://purl.obolibrary.org/obo/GO_0055070
GO:0055071,BP,manganese ion homeostasis,http://purl.obolibrary.org/obo/GO_0055071
GO:0055074,BP,calcium ion homeostasis,http://purl.obolibrary.org/obo/GO_0055074
GO:0055075,BP,potassium ion homeostasis,http://purl.obolibrary.org/obo/GO_0055075
GO:0055078,BP,sodium ion homeostasis,http://purl.obolibrary.org/obo/GO_0055078
GO:0055080,BP,cation homeostasis,http://purl.obolibrary.org/obo/GO_0055080
GO:0055081,BP,anion homeostasis,http://purl.obolibrary.org/obo/GO_0055081
GO:0055082,BP,cellular chemical homeostasis,http://purl.obolibrary.org/obo/GO_0055082
GO:0055085,BP,transmembrane transport,http://purl.obolibrary.org/obo/GO_0055085
GO:0055086,BP,nucleobase-containing small molecule metabolic process,http://purl.obolibrary.org/obo/GO_0055086
GO:0055087,CC,Ski complex,http://purl.obolibrary.org/obo/GO_0055087
GO:0055088,BP,lipid homeostasis,http://purl.obolibrary.org/obo/GO_0055088
GO:0055089,BP,fatty acid homeostasis,http://purl.obolibrary.org/obo/GO_0055089
GO:0055090,BP,acylglycerol homeostasis,http://purl.obolibrary.org/obo/GO_0055090
GO:0055091,BP,phospholipid homeostasis,http://purl.obolibrary.org/obo/GO_0055091
GO:0055092,BP,sterol homeostasis,http://purl.obolibrary.org/obo/GO_0055092
GO:0055105,MF,ubiquitin-protein transferase inhibitor activity,http://purl.obolibrary.org/obo/GO_0055105
GO:0055106,MF,ubiquitin-protein transferase regulator activity,http://purl.obolibrary.org/obo/GO_0055106
GO:0055121,BP,response to high fluence blue light stimulus by blue high-fluence system,http://purl.obolibrary.org/obo/GO_0055121
GO:0055122,BP,response to very low light intensity stimulus,http://purl.obolibrary.org/obo/GO_0055122
GO:0055129,BP,L-proline biosynthetic process,http://purl.obolibrary.org/obo/GO_0055129
GO:0060089,MF,molecular transducer activity,http://purl.obolibrary.org/obo/GO_0060089
GO:0060090,MF,molecular adaptor activity,http://purl.obolibrary.org/obo/GO_0060090
GO:0060147,BP,regulation of posttranscriptional gene silencing,http://purl.obolibrary.org/obo/GO_0060147
GO:0060148,BP,positive regulation of posttranscriptional gene silencing,http://purl.obolibrary.org/obo/GO_0060148
GO:0060149,BP,negative regulation of posttranscriptional gene silencing,http://purl.obolibrary.org/obo/GO_0060149
GO:0060151,BP,peroxisome localization,http://purl.obolibrary.org/obo/GO_0060151
GO:0060170,CC,ciliary membrane,http://purl.obolibrary.org/obo/GO_0060170
GO:0060178,BP,regulation of exocyst localization,http://purl.obolibrary.org/obo/GO_0060178
GO:0060184,BP,cell cycle switching,http://purl.obolibrary.org/obo/GO_0060184
GO:0060187,CC,cell pole,http://purl.obolibrary.org/obo/GO_0060187
GO:0060191,BP,regulation of lipase activity,http://purl.obolibrary.org/obo/GO_0060191
GO:0060193,BP,positive regulation of lipase activity,http://purl.obolibrary.org/obo/GO_0060193
GO:0060194,BP,regulation of antisense RNA transcription,http://purl.obolibrary.org/obo/GO_0060194
GO:0060195,BP,negative regulation of antisense RNA transcription,http://purl.obolibrary.org/obo/GO_0060195
GO:0060211,BP,regulation of nuclear-transcribed mRNA poly(A) tail shortening,http://purl.obolibrary.org/obo/GO_0060211
GO:0060213,BP,positive regulation of nuclear-transcribed mRNA poly(A) tail shortening,http://purl.obolibrary.org/obo/GO_0060213
GO:0060229,MF,lipase activator activity,http://purl.obolibrary.org/obo/GO_0060229
GO:0060236,BP,regulation of mitotic spindle organization,http://purl.obolibrary.org/obo/GO_0060236
GO:0060249,BP,anatomical structure homeostasis,http://purl.obolibrary.org/obo/GO_0060249
GO:0060250,BP,germ-line stem-cell niche homeostasis,http://purl.obolibrary.org/obo/GO_0060250
GO:0060255,BP,regulation of macromolecule metabolic process,http://purl.obolibrary.org/obo/GO_0060255
GO:0060260,BP,regulation of transcription initiation from RNA polymerase II promoter,http://purl.obolibrary.org/obo/GO_0060260
GO:0060261,BP,positive regulation of transcription initiation from RNA polymerase II promoter,http://purl.obolibrary.org/obo/GO_0060261
GO:0060263,BP,regulation of respiratory burst,http://purl.obolibrary.org/obo/GO_0060263
GO:0060267,BP,positive regulation of respiratory burst,http://purl.obolibrary.org/obo/GO_0060267
GO:0060271,BP,cilium assembly,http://purl.obolibrary.org/obo/GO_0060271
GO:0060284,BP,regulation of cell development,http://purl.obolibrary.org/obo/GO_0060284
GO:0060285,BP,cilium-dependent cell motility,http://purl.obolibrary.org/obo/GO_0060285
GO:0060287,BP,epithelial cilium movement involved in determination of left/right asymmetry,http://purl.obolibrary.org/obo/GO_0060287
GO:0060293,CC,germ plasm,http://purl.obolibrary.org/obo/GO_0060293
GO:0060294,BP,cilium movement involved in cell motility,http://purl.obolibrary.org/obo/GO_0060294
GO:0060295,BP,regulation of cilium movement involved in cell motility,http://purl.obolibrary.org/obo/GO_0060295
GO:0060296,BP,regulation of cilium beat frequency involved in ciliary motility,http://purl.obolibrary.org/obo/GO_0060296
GO:0060305,BP,regulation of cell diameter,http://purl.obolibrary.org/obo/GO_0060305
GO:0060320,BP,rejection of self pollen,http://purl.obolibrary.org/obo/GO_0060320
GO:0060321,BP,acceptance of pollen,http://purl.obolibrary.org/obo/GO_0060321
GO:0060322,BP,head development,http://purl.obolibrary.org/obo/GO_0060322
GO:0060341,BP,regulation of cellular localization,http://purl.obolibrary.org/obo/GO_0060341
GO:0060359,BP,response to ammonium ion,http://purl.obolibrary.org/obo/GO_0060359
GO:0060416,BP,response to growth hormone,http://purl.obolibrary.org/obo/GO_0060416
GO:0060429,BP,epithelium development,http://purl.obolibrary.org/obo/GO_0060429
GO:0060485,BP,mesenchyme development,http://purl.obolibrary.org/obo/GO_0060485
GO:0060491,BP,regulation of cell projection assembly,http://purl.obolibrary.org/obo/GO_0060491
GO:0060560,BP,developmental growth involved in morphogenesis,http://purl.obolibrary.org/obo/GO_0060560
GO:0060567,BP,"negative regulation of DNA-templated transcription, termination",http://purl.obolibrary.org/obo/GO_0060567
GO:0060586,BP,multicellular organismal iron ion homeostasis,http://purl.obolibrary.org/obo/GO_0060586
GO:0060589,MF,nucleoside-triphosphatase regulator activity,http://purl.obolibrary.org/obo/GO_0060589
GO:0060590,MF,ATPase regulator activity,http://purl.obolibrary.org/obo/GO_0060590
GO:0060623,BP,regulation of chromosome condensation,http://purl.obolibrary.org/obo/GO_0060623
GO:0060627,BP,regulation of vesicle-mediated transport,http://purl.obolibrary.org/obo/GO_0060627
GO:0060628,BP,regulation of ER to Golgi vesicle-mediated transport,http://purl.obolibrary.org/obo/GO_0060628
GO:0060632,BP,regulation of microtubule-based movement,http://purl.obolibrary.org/obo/GO_0060632
GO:0060688,BP,regulation of morphogenesis of a branching structure,http://purl.obolibrary.org/obo/GO_0060688
GO:0060700,BP,regulation of ribonuclease activity,http://purl.obolibrary.org/obo/GO_0060700
GO:0060701,BP,negative regulation of ribonuclease activity,http://purl.obolibrary.org/obo/GO_0060701
GO:0060771,BP,phyllotactic patterning,http://purl.obolibrary.org/obo/GO_0060771
GO:0060772,BP,leaf phyllotactic patterning,http://purl.obolibrary.org/obo/GO_0060772
GO:0060773,BP,flower phyllotactic patterning,http://purl.obolibrary.org/obo/GO_0060773
GO:0060776,BP,simple leaf morphogenesis,http://purl.obolibrary.org/obo/GO_0060776
GO:0060795,BP,cell fate commitment involved in formation of primary germ layer,http://purl.obolibrary.org/obo/GO_0060795
GO:0060858,BP,vesicle-mediated transport involved in floral organ abscission,http://purl.obolibrary.org/obo/GO_0060858
GO:0060860,BP,regulation of floral organ abscission,http://purl.obolibrary.org/obo/GO_0060860
GO:0060862,BP,negative regulation of floral organ abscission,http://purl.obolibrary.org/obo/GO_0060862
GO:0060866,BP,leaf abscission,http://purl.obolibrary.org/obo/GO_0060866
GO:0060867,BP,fruit abscission,http://purl.obolibrary.org/obo/GO_0060867
GO:0060918,BP,auxin transport,http://purl.obolibrary.org/obo/GO_0060918
GO:0060919,BP,auxin influx,http://purl.obolibrary.org/obo/GO_0060919
GO:0060964,BP,regulation of gene silencing by miRNA,http://purl.obolibrary.org/obo/GO_0060964
GO:0060966,BP,regulation of gene silencing by RNA,http://purl.obolibrary.org/obo/GO_0060966
GO:0060967,BP,negative regulation of gene silencing by RNA,http://purl.obolibrary.org/obo/GO_0060967
GO:0060972,BP,left/right pattern formation,http://purl.obolibrary.org/obo/GO_0060972
GO:0061013,BP,regulation of mRNA catabolic process,http://purl.obolibrary.org/obo/GO_0061013
GO:0061014,BP,positive regulation of mRNA catabolic process,http://purl.obolibrary.org/obo/GO_0061014
GO:0061024,BP,membrane organization,http://purl.obolibrary.org/obo/GO_0061024
GO:0061025,BP,membrane fusion,http://purl.obolibrary.org/obo/GO_0061025
GO:0061041,BP,regulation of wound healing,http://purl.obolibrary.org/obo/GO_0061041
GO:0061045,BP,negative regulation of wound healing,http://purl.obolibrary.org/obo/GO_0061045
GO:0061062,BP,regulation of nematode larval development,http://purl.obolibrary.org/obo/GO_0061062
GO:0061077,BP,chaperone-mediated protein folding,http://purl.obolibrary.org/obo/GO_0061077
GO:0061083,BP,regulation of protein refolding,http://purl.obolibrary.org/obo/GO_0061083
GO:0061133,MF,endopeptidase activator activity,http://purl.obolibrary.org/obo/GO_0061133
GO:0061134,MF,peptidase regulator activity,http://purl.obolibrary.org/obo/GO_0061134
GO:0061135,MF,endopeptidase regulator activity,http://purl.obolibrary.org/obo/GO_0061135
GO:0061136,BP,regulation of proteasomal protein catabolic process,http://purl.obolibrary.org/obo/GO_0061136
GO:0061137,BP,bud dilation,http://purl.obolibrary.org/obo/GO_0061137
GO:0061157,BP,mRNA destabilization,http://purl.obolibrary.org/obo/GO_0061157
GO:0061158,BP,3'-UTR-mediated mRNA destabilization,http://purl.obolibrary.org/obo/GO_0061158
GO:0061351,BP,neural precursor cell proliferation,http://purl.obolibrary.org/obo/GO_0061351
GO:0061387,BP,regulation of extent of cell growth,http://purl.obolibrary.org/obo/GO_0061387
GO:0061388,BP,regulation of rate of cell growth,http://purl.obolibrary.org/obo/GO_0061388
GO:0061458,BP,reproductive system development,http://purl.obolibrary.org/obo/GO_0061458
GO:0061459,MF,L-arginine transmembrane transporter activity,http://purl.obolibrary.org/obo/GO_0061459
GO:0061484,BP,hematopoietic stem cell homeostasis,http://purl.obolibrary.org/obo/GO_0061484
GO:0061503,MF,tRNA threonylcarbamoyladenosine dehydratase,http://purl.obolibrary.org/obo/GO_0061503
GO:0061504,BP,cyclic threonylcarbamoyladenosine biosynthetic process,http://purl.obolibrary.org/obo/GO_0061504
GO:0061512,BP,protein localization to cilium,http://purl.obolibrary.org/obo/GO_0061512
GO:0061513,MF,glucose 6-phosphate:inorganic phosphate antiporter activity,http://purl.obolibrary.org/obo/GO_0061513
GO:0061522,MF,"1,4-dihydroxy-2-naphthoyl-CoA thioesterase activity",http://purl.obolibrary.org/obo/GO_0061522
GO:0061572,BP,actin filament bundle organization,http://purl.obolibrary.org/obo/GO_0061572
GO:0061574,CC,ASAP complex,http://purl.obolibrary.org/obo/GO_0061574
GO:0061575,MF,cyclin-dependent protein serine/threonine kinase activator activity,http://purl.obolibrary.org/obo/GO_0061575
GO:0061578,MF,Lys63-specific deubiquitinase activity,http://purl.obolibrary.org/obo/GO_0061578
GO:0061599,MF,molybdopterin molybdotransferase activity,http://purl.obolibrary.org/obo/GO_0061599
GO:0061608,MF,nuclear import signal receptor activity,http://purl.obolibrary.org/obo/GO_0061608
GO:0061614,BP,pri-miRNA transcription by RNA polymerase II,http://purl.obolibrary.org/obo/GO_0061614
GO:0061615,BP,glycolytic process through fructose-6-phosphate,http://purl.obolibrary.org/obo/GO_0061615
GO:0061617,CC,MICOS complex,http://purl.obolibrary.org/obo/GO_0061617
GO:0061628,MF,H3K27me3 modified histone binding,http://purl.obolibrary.org/obo/GO_0061628
GO:0061629,MF,RNA polymerase II-specific DNA-binding transcription factor binding,http://purl.obolibrary.org/obo/GO_0061629
GO:0061630,MF,ubiquitin protein ligase activity,http://purl.obolibrary.org/obo/GO_0061630
GO:0061631,MF,ubiquitin conjugating enzyme activity,http://purl.obolibrary.org/obo/GO_0061631
GO:0061632,MF,RNA lariat debranching enzyme activator activity,http://purl.obolibrary.org/obo/GO_0061632
GO:0061635,BP,regulation of protein complex stability,http://purl.obolibrary.org/obo/GO_0061635
GO:0061640,BP,cytoskeleton-dependent cytokinesis,http://purl.obolibrary.org/obo/GO_0061640
GO:0061650,MF,ubiquitin-like protein conjugating enzyme activity,http://purl.obolibrary.org/obo/GO_0061650
GO:0061651,MF,Atg12 conjugating enzyme activity,http://purl.obolibrary.org/obo/GO_0061651
GO:0061656,MF,SUMO conjugating enzyme activity,http://purl.obolibrary.org/obo/GO_0061656
GO:0061659,MF,ubiquitin-like protein ligase activity,http://purl.obolibrary.org/obo/GO_0061659
GO:0061665,MF,SUMO ligase activity,http://purl.obolibrary.org/obo/GO_0061665
GO:0061668,BP,mitochondrial ribosome assembly,http://purl.obolibrary.org/obo/GO_0061668
GO:0061672,CC,glutathione hydrolase complex,http://purl.obolibrary.org/obo/GO_0061672
GO:0061673,CC,mitotic spindle astral microtubule,http://purl.obolibrary.org/obo/GO_0061673
GO:0061685,MF,diphthine methylesterase activity,http://purl.obolibrary.org/obo/GO_0061685
GO:0061687,BP,detoxification of inorganic compound,http://purl.obolibrary.org/obo/GO_0061687
GO:0061691,BP,detoxification of hydrogen peroxide,http://purl.obolibrary.org/obo/GO_0061691
GO:0061692,BP,cellular detoxification of hydrogen peroxide,http://purl.obolibrary.org/obo/GO_0061692
GO:0061695,CC,"transferase complex, transferring phosphorus-containing groups",http://purl.obolibrary.org/obo/GO_0061695
GO:0061697,MF,protein-glutaryllysine deglutarylase activity,http://purl.obolibrary.org/obo/GO_0061697
GO:0061709,BP,reticulophagy,http://purl.obolibrary.org/obo/GO_0061709
GO:0061716,BP,miRNA export from nucleus,http://purl.obolibrary.org/obo/GO_0061716
GO:0061723,BP,glycophagy,http://purl.obolibrary.org/obo/GO_0061723
GO:0061727,BP,methylglyoxal catabolic process to lactate,http://purl.obolibrary.org/obo/GO_0061727
GO:0061731,MF,ribonucleoside-diphosphate reductase activity,http://purl.obolibrary.org/obo/GO_0061731
GO:0061733,MF,peptide-lysine-N-acetyltransferase activity,http://purl.obolibrary.org/obo/GO_0061733
GO:0061760,BP,antifungal innate immune response,http://purl.obolibrary.org/obo/GO_0061760
GO:0061770,MF,translation elongation factor binding,http://purl.obolibrary.org/obo/GO_0061770
GO:0061783,MF,peptidoglycan muralytic activity,http://purl.obolibrary.org/obo/GO_0061783
GO:0061798,MF,"GTP 3',8'-cyclase activity",http://purl.obolibrary.org/obo/GO_0061798
GO:0061799,MF,cyclic pyranopterin monophosphate synthase activity,http://purl.obolibrary.org/obo/GO_0061799
GO:0061815,MF,"deubiquitinase, acting on linear ubiquitin",http://purl.obolibrary.org/obo/GO_0061815
GO:0061817,BP,endoplasmic reticulum-plasma membrane tethering,http://purl.obolibrary.org/obo/GO_0061817
GO:0061863,MF,microtubule plus end polymerase,http://purl.obolibrary.org/obo/GO_0061863
GO:0061891,MF,calcium ion sensor activity,http://purl.obolibrary.org/obo/GO_0061891
GO:0061908,CC,phagophore,http://purl.obolibrary.org/obo/GO_0061908
GO:0061919,BP,process utilizing autophagic mechanism,http://purl.obolibrary.org/obo/GO_0061919
GO:0061927,CC,TOC-TIC supercomplex I,http://purl.obolibrary.org/obo/GO_0061927
GO:0061928,MF,glutathione specific gamma-glutamylcyclotransferase activity,http://purl.obolibrary.org/obo/GO_0061928
GO:0061936,BP,fusion of sperm to egg plasma membrane involved in double fertilization forming a zygote and endosperm,http://purl.obolibrary.org/obo/GO_0061936
GO:0061951,BP,establishment of protein localization to plasma membrane,http://purl.obolibrary.org/obo/GO_0061951
GO:0061980,MF,regulatory RNA binding,http://purl.obolibrary.org/obo/GO_0061980
GO:0061982,BP,meiosis I cell cycle process,http://purl.obolibrary.org/obo/GO_0061982
GO:0061983,BP,meiosis II cell cycle process,http://purl.obolibrary.org/obo/GO_0061983
GO:0061984,BP,catabolite repression,http://purl.obolibrary.org/obo/GO_0061984
GO:0061985,BP,carbon catabolite repression,http://purl.obolibrary.org/obo/GO_0061985
GO:0061986,BP,negative regulation of transcription by glucose,http://purl.obolibrary.org/obo/GO_0061986
GO:0061993,CC,calcium:proton antiporter complex,http://purl.obolibrary.org/obo/GO_0061993
GO:0062012,BP,regulation of small molecule metabolic process,http://purl.obolibrary.org/obo/GO_0062012
GO:0062013,BP,positive regulation of small molecule metabolic process,http://purl.obolibrary.org/obo/GO_0062013
GO:0062014,BP,negative regulation of small molecule metabolic process,http://purl.obolibrary.org/obo/GO_0062014
GO:0062034,BP,L-pipecolic acid biosynthetic process,http://purl.obolibrary.org/obo/GO_0062034
GO:0062045,MF,L-lysine alpha-aminotransferase,http://purl.obolibrary.org/obo/GO_0062045
GO:0062046,MF,dehydropipecolic acid reductase,http://purl.obolibrary.org/obo/GO_0062046
GO:0062047,MF,pipecolic acid N-hydroxylase,http://purl.obolibrary.org/obo/GO_0062047
GO:0062049,CC,protein phosphatase inhibitor complex,http://purl.obolibrary.org/obo/GO_0062049
GO:0062052,BP,starch granule initiation,http://purl.obolibrary.org/obo/GO_0062052
GO:0062055,BP,photosynthetic state transition,http://purl.obolibrary.org/obo/GO_0062055
GO:0062064,MF,box C/D snoRNP complex binding,http://purl.obolibrary.org/obo/GO_0062064
GO:0062066,MF,PSII associated light-harvesting complex II binding,http://purl.obolibrary.org/obo/GO_0062066
GO:0062067,MF,chloroplast photosystem I binding,http://purl.obolibrary.org/obo/GO_0062067
GO:0062068,MF,chloroplast photosystem II binding,http://purl.obolibrary.org/obo/GO_0062068
GO:0062074,CC,pollen aperture,http://purl.obolibrary.org/obo/GO_0062074
GO:0062075,BP,pollen aperture formation,http://purl.obolibrary.org/obo/GO_0062075
GO:0062091,CC,Ycf2/FtsHi complex,http://purl.obolibrary.org/obo/GO_0062091
GO:0062105,MF,RNA 2'-O-methyltransferase activity,http://purl.obolibrary.org/obo/GO_0062105
GO:0062131,MF,3-butenylglucosinolate 2-hydroxylase activity,http://purl.obolibrary.org/obo/GO_0062131
GO:0062141,CC,nuclear exosome targeting complex,http://purl.obolibrary.org/obo/GO_0062141
GO:0062150,MF,"amorpha-4,11-diene 12-monooxygenase activity",http://purl.obolibrary.org/obo/GO_0062150
GO:0062153,MF,C5-methylcytidine-containing RNA binding,http://purl.obolibrary.org/obo/GO_0062153
GO:0062154,MF,N6-mAMP deaminase activity,http://purl.obolibrary.org/obo/GO_0062154
GO:0062197,BP,cellular response to chemical stress,http://purl.obolibrary.org/obo/GO_0062197
GO:0062202,MF,"Labd-13(16),14-diene-9-ol synthase activity",http://purl.obolibrary.org/obo/GO_0062202
GO:0062203,MF,Viteagnusin D synthase activity,http://purl.obolibrary.org/obo/GO_0062203
GO:0062204,MF,(13S)-vitexifolin A synthase activity,http://purl.obolibrary.org/obo/GO_0062204
GO:0062205,MF,miltiradiene synthase activity,http://purl.obolibrary.org/obo/GO_0062205
GO:0062206,MF,manoyl oxide synthase activity,http://purl.obolibrary.org/obo/GO_0062206
GO:0062207,BP,regulation of pattern recognition receptor signaling pathway,http://purl.obolibrary.org/obo/GO_0062207
GO:0062208,BP,positive regulation of pattern recognition receptor signaling pathway,http://purl.obolibrary.org/obo/GO_0062208
GO:0062210,BP,shoot regeneration,http://purl.obolibrary.org/obo/GO_0062210
GO:0062211,BP,root regeneration,http://purl.obolibrary.org/obo/GO_0062211
GO:0065001,BP,specification of axis polarity,http://purl.obolibrary.org/obo/GO_0065001
GO:0065002,BP,intracellular protein transmembrane transport,http://purl.obolibrary.org/obo/GO_0065002
GO:0065003,BP,protein-containing complex assembly,http://purl.obolibrary.org/obo/GO_0065003
GO:0065004,BP,protein-DNA complex assembly,http://purl.obolibrary.org/obo/GO_0065004
GO:0065007,BP,biological regulation,http://purl.obolibrary.org/obo/GO_0065007
GO:0065008,BP,regulation of biological quality,http://purl.obolibrary.org/obo/GO_0065008
GO:0065009,BP,regulation of molecular function,http://purl.obolibrary.org/obo/GO_0065009
GO:0065010,CC,extracellular membrane-bounded organelle,http://purl.obolibrary.org/obo/GO_0065010
GO:0070001,MF,aspartic-type peptidase activity,http://purl.obolibrary.org/obo/GO_0070001
GO:0070003,MF,threonine-type peptidase activity,http://purl.obolibrary.org/obo/GO_0070003
GO:0070004,MF,cysteine-type exopeptidase activity,http://purl.obolibrary.org/obo/GO_0070004
GO:0070006,MF,metalloaminopeptidase activity,http://purl.obolibrary.org/obo/GO_0070006
GO:0070008,MF,serine-type exopeptidase activity,http://purl.obolibrary.org/obo/GO_0070008
GO:0070009,MF,serine-type aminopeptidase activity,http://purl.obolibrary.org/obo/GO_0070009
GO:0070012,MF,oligopeptidase activity,http://purl.obolibrary.org/obo/GO_0070012
GO:0070013,CC,intracellular organelle lumen,http://purl.obolibrary.org/obo/GO_0070013
GO:0070026,MF,nitric oxide binding,http://purl.obolibrary.org/obo/GO_0070026
GO:0070034,MF,telomerase RNA binding,http://purl.obolibrary.org/obo/GO_0070034
GO:0070037,MF,rRNA (pseudouridine) methyltransferase activity,http://purl.obolibrary.org/obo/GO_0070037
GO:0070042,MF,rRNA (uridine-N3-)-methyltransferase activity,http://purl.obolibrary.org/obo/GO_0070042
GO:0070043,MF,rRNA (guanine-N7-)-methyltransferase activity,http://purl.obolibrary.org/obo/GO_0070043
GO:0070062,CC,extracellular exosome,http://purl.obolibrary.org/obo/GO_0070062
GO:0070063,MF,RNA polymerase binding,http://purl.obolibrary.org/obo/GO_0070063
GO:0070064,MF,proline-rich region binding,http://purl.obolibrary.org/obo/GO_0070064
GO:0070069,CC,cytochrome complex,http://purl.obolibrary.org/obo/GO_0070069
GO:0070070,BP,proton-transporting V-type ATPase complex assembly,http://purl.obolibrary.org/obo/GO_0070070
GO:0070071,BP,proton-transporting two-sector ATPase complex assembly,http://purl.obolibrary.org/obo/GO_0070071
GO:0070072,BP,vacuolar proton-transporting V-type ATPase complex assembly,http://purl.obolibrary.org/obo/GO_0070072
GO:0070085,BP,glycosylation,http://purl.obolibrary.org/obo/GO_0070085
GO:0070095,MF,fructose-6-phosphate binding,http://purl.obolibrary.org/obo/GO_0070095
GO:0070125,BP,mitochondrial translational elongation,http://purl.obolibrary.org/obo/GO_0070125
GO:0070126,BP,mitochondrial translational termination,http://purl.obolibrary.org/obo/GO_0070126
GO:0070127,BP,tRNA aminoacylation for mitochondrial protein translation,http://purl.obolibrary.org/obo/GO_0070127
GO:0070137,MF,ubiquitin-like protein-specific endopeptidase activity,http://purl.obolibrary.org/obo/GO_0070137
GO:0070139,MF,SUMO-specific endopeptidase activity,http://purl.obolibrary.org/obo/GO_0070139
GO:0070141,BP,response to UV-A,http://purl.obolibrary.org/obo/GO_0070141
GO:0070150,BP,mitochondrial glycyl-tRNA aminoacylation,http://purl.obolibrary.org/obo/GO_0070150
GO:0070158,BP,mitochondrial seryl-tRNA aminoacylation,http://purl.obolibrary.org/obo/GO_0070158
GO:0070161,CC,anchoring junction,http://purl.obolibrary.org/obo/GO_0070161
GO:0070176,CC,DRM complex,http://purl.obolibrary.org/obo/GO_0070176
GO:0070178,BP,D-serine metabolic process,http://purl.obolibrary.org/obo/GO_0070178
GO:0070179,BP,D-serine biosynthetic process,http://purl.obolibrary.org/obo/GO_0070179
GO:0070180,MF,large ribosomal subunit rRNA binding,http://purl.obolibrary.org/obo/GO_0070180
GO:0070181,MF,small ribosomal subunit rRNA binding,http://purl.obolibrary.org/obo/GO_0070181
GO:0070182,MF,DNA polymerase binding,http://purl.obolibrary.org/obo/GO_0070182
GO:0070187,CC,shelterin complex,http://purl.obolibrary.org/obo/GO_0070187
GO:0070189,BP,kynurenine metabolic process,http://purl.obolibrary.org/obo/GO_0070189
GO:0070192,BP,chromosome organization involved in meiotic cell cycle,http://purl.obolibrary.org/obo/GO_0070192
GO:0070193,BP,synaptonemal complex organization,http://purl.obolibrary.org/obo/GO_0070193
GO:0070197,BP,meiotic attachment of telomere to nuclear envelope,http://purl.obolibrary.org/obo/GO_0070197
GO:0070199,BP,establishment of protein localization to chromosome,http://purl.obolibrary.org/obo/GO_0070199
GO:0070201,BP,regulation of establishment of protein localization,http://purl.obolibrary.org/obo/GO_0070201
GO:0070206,BP,protein trimerization,http://purl.obolibrary.org/obo/GO_0070206
GO:0070207,BP,protein homotrimerization,http://purl.obolibrary.org/obo/GO_0070207
GO:0070208,BP,protein heterotrimerization,http://purl.obolibrary.org/obo/GO_0070208
GO:0070212,BP,protein poly-ADP-ribosylation,http://purl.obolibrary.org/obo/GO_0070212
GO:0070221,BP,"sulfide oxidation, using sulfide:quinone oxidoreductase",http://purl.obolibrary.org/obo/GO_0070221
GO:0070224,MF,sulfide:quinone oxidoreductase activity,http://purl.obolibrary.org/obo/GO_0070224
GO:0070259,MF,tyrosyl-DNA phosphodiesterase activity,http://purl.obolibrary.org/obo/GO_0070259
GO:0070260,MF,5'-tyrosyl-DNA phosphodiesterase activity,http://purl.obolibrary.org/obo/GO_0070260
GO:0070262,BP,peptidyl-serine dephosphorylation,http://purl.obolibrary.org/obo/GO_0070262
GO:0070273,MF,phosphatidylinositol-4-phosphate binding,http://purl.obolibrary.org/obo/GO_0070273
GO:0070274,CC,RES complex,http://purl.obolibrary.org/obo/GO_0070274
GO:0070279,MF,vitamin B6 binding,http://purl.obolibrary.org/obo/GO_0070279
GO:0070286,BP,axonemal dynein complex assembly,http://purl.obolibrary.org/obo/GO_0070286
GO:0070291,BP,N-acylethanolamine metabolic process,http://purl.obolibrary.org/obo/GO_0070291
GO:0070297,BP,regulation of phosphorelay signal transduction system,http://purl.obolibrary.org/obo/GO_0070297
GO:0070298,BP,negative regulation of phosphorelay signal transduction system,http://purl.obolibrary.org/obo/GO_0070298
GO:0070300,MF,phosphatidic acid binding,http://purl.obolibrary.org/obo/GO_0070300
GO:0070301,BP,cellular response to hydrogen peroxide,http://purl.obolibrary.org/obo/GO_0070301
GO:0070302,BP,regulation of stress-activated protein kinase signaling cascade,http://purl.obolibrary.org/obo/GO_0070302
GO:0070304,BP,positive regulation of stress-activated protein kinase signaling cascade,http://purl.obolibrary.org/obo/GO_0070304
GO:0070328,BP,triglyceride homeostasis,http://purl.obolibrary.org/obo/GO_0070328
GO:0070336,MF,flap-structured DNA binding,http://purl.obolibrary.org/obo/GO_0070336
GO:0070370,BP,cellular heat acclimation,http://purl.obolibrary.org/obo/GO_0070370
GO:0070382,CC,exocytic vesicle,http://purl.obolibrary.org/obo/GO_0070382
GO:0070390,CC,transcription export complex 2,http://purl.obolibrary.org/obo/GO_0070390
GO:0070401,MF,NADP+ binding,http://purl.obolibrary.org/obo/GO_0070401
GO:0070402,MF,NADPH binding,http://purl.obolibrary.org/obo/GO_0070402
GO:0070403,MF,NAD+ binding,http://purl.obolibrary.org/obo/GO_0070403
GO:0070406,MF,glutamine binding,http://purl.obolibrary.org/obo/GO_0070406
GO:0070413,BP,trehalose metabolism in response to stress,http://purl.obolibrary.org/obo/GO_0070413
GO:0070417,BP,cellular response to cold,http://purl.obolibrary.org/obo/GO_0070417
GO:0070419,CC,nonhomologous end joining complex,http://purl.obolibrary.org/obo/GO_0070419
GO:0070449,CC,elongin complex,http://purl.obolibrary.org/obo/GO_0070449
GO:0070453,BP,regulation of heme biosynthetic process,http://purl.obolibrary.org/obo/GO_0070453
GO:0070455,BP,positive regulation of heme biosynthetic process,http://purl.obolibrary.org/obo/GO_0070455
GO:0070456,MF,galactose-1-phosphate phosphatase activity,http://purl.obolibrary.org/obo/GO_0070456
GO:0070461,CC,SAGA-type complex,http://purl.obolibrary.org/obo/GO_0070461
GO:0070469,CC,respirasome,http://purl.obolibrary.org/obo/GO_0070469
GO:0070475,BP,rRNA base methylation,http://purl.obolibrary.org/obo/GO_0070475
GO:0070476,BP,rRNA (guanine-N7)-methylation,http://purl.obolibrary.org/obo/GO_0070476
GO:0070478,BP,"nuclear-transcribed mRNA catabolic process, 3'-5' exonucleolytic nonsense-mediated decay",http://purl.obolibrary.org/obo/GO_0070478
GO:0070481,BP,"nuclear-transcribed mRNA catabolic process, non-stop decay",http://purl.obolibrary.org/obo/GO_0070481
GO:0070482,BP,response to oxygen levels,http://purl.obolibrary.org/obo/GO_0070482
GO:0070483,BP,detection of hypoxia,http://purl.obolibrary.org/obo/GO_0070483
GO:0070492,MF,oligosaccharide binding,http://purl.obolibrary.org/obo/GO_0070492
GO:0070505,CC,pollen coat,http://purl.obolibrary.org/obo/GO_0070505
GO:0070507,BP,regulation of microtubule cytoskeleton organization,http://purl.obolibrary.org/obo/GO_0070507
GO:0070509,BP,calcium ion import,http://purl.obolibrary.org/obo/GO_0070509
GO:0070522,CC,ERCC4-ERCC1 complex,http://purl.obolibrary.org/obo/GO_0070522
GO:0070524,MF,11-beta-hydroxysteroid dehydrogenase (NADP+) activity,http://purl.obolibrary.org/obo/GO_0070524
GO:0070525,BP,tRNA threonylcarbamoyladenosine metabolic process,http://purl.obolibrary.org/obo/GO_0070525
GO:0070529,MF,L-tryptophan aminotransferase activity,http://purl.obolibrary.org/obo/GO_0070529
GO:0070531,CC,BRCA1-A complex,http://purl.obolibrary.org/obo/GO_0070531
GO:0070534,BP,protein K63-linked ubiquitination,http://purl.obolibrary.org/obo/GO_0070534
GO:0070536,BP,protein K63-linked deubiquitination,http://purl.obolibrary.org/obo/GO_0070536
GO:0070542,BP,response to fatty acid,http://purl.obolibrary.org/obo/GO_0070542
GO:0070545,CC,PeBoW complex,http://purl.obolibrary.org/obo/GO_0070545
GO:0070546,MF,L-phenylalanine aminotransferase activity,http://purl.obolibrary.org/obo/GO_0070546
GO:0070547,MF,L-tyrosine aminotransferase activity,http://purl.obolibrary.org/obo/GO_0070547
GO:0070548,MF,L-glutamine aminotransferase activity,http://purl.obolibrary.org/obo/GO_0070548
GO:0070549,BP,negative regulation of translation involved in RNA interference,http://purl.obolibrary.org/obo/GO_0070549
GO:0070552,CC,BRISC complex,http://purl.obolibrary.org/obo/GO_0070552
GO:0070566,MF,adenylyltransferase activity,http://purl.obolibrary.org/obo/GO_0070566
GO:0070567,MF,cytidylyltransferase activity,http://purl.obolibrary.org/obo/GO_0070567
GO:0070568,MF,guanylyltransferase activity,http://purl.obolibrary.org/obo/GO_0070568
GO:0070569,MF,uridylyltransferase activity,http://purl.obolibrary.org/obo/GO_0070569
GO:0070573,MF,metallodipeptidase activity,http://purl.obolibrary.org/obo/GO_0070573
GO:0070574,BP,cadmium ion transmembrane transport,http://purl.obolibrary.org/obo/GO_0070574
GO:0070577,MF,lysine-acetylated histone binding,http://purl.obolibrary.org/obo/GO_0070577
GO:0070578,CC,RISC-loading complex,http://purl.obolibrary.org/obo/GO_0070578
GO:0070579,MF,methylcytosine dioxygenase activity,http://purl.obolibrary.org/obo/GO_0070579
GO:0070585,BP,protein localization to mitochondrion,http://purl.obolibrary.org/obo/GO_0070585
GO:0070588,BP,calcium ion transmembrane transport,http://purl.obolibrary.org/obo/GO_0070588
GO:0070592,BP,cell wall polysaccharide biosynthetic process,http://purl.obolibrary.org/obo/GO_0070592
GO:0070601,BP,centromeric sister chromatid cohesion,http://purl.obolibrary.org/obo/GO_0070601
GO:0070602,BP,regulation of centromeric sister chromatid cohesion,http://purl.obolibrary.org/obo/GO_0070602
GO:0070603,CC,SWI/SNF superfamily-type complex,http://purl.obolibrary.org/obo/GO_0070603
GO:0070611,MF,histone methyltransferase activity (H3-R2 specific),http://purl.obolibrary.org/obo/GO_0070611
GO:0070628,MF,proteasome binding,http://purl.obolibrary.org/obo/GO_0070628
GO:0070637,BP,pyridine nucleoside metabolic process,http://purl.obolibrary.org/obo/GO_0070637
GO:0070645,CC,Ubisch body,http://purl.obolibrary.org/obo/GO_0070645
GO:0070646,BP,protein modification by small protein removal,http://purl.obolibrary.org/obo/GO_0070646
GO:0070647,BP,protein modification by small protein conjugation or removal,http://purl.obolibrary.org/obo/GO_0070647
GO:0070651,BP,nonfunctional rRNA decay,http://purl.obolibrary.org/obo/GO_0070651
GO:0070652,CC,HAUS complex,http://purl.obolibrary.org/obo/GO_0070652
GO:0070676,BP,intralumenal vesicle formation,http://purl.obolibrary.org/obo/GO_0070676
GO:0070678,MF,preprotein binding,http://purl.obolibrary.org/obo/GO_0070678
GO:0070679,MF,"inositol 1,4,5 trisphosphate binding",http://purl.obolibrary.org/obo/GO_0070679
GO:0070681,BP,glutaminyl-tRNAGln biosynthesis via transamidation,http://purl.obolibrary.org/obo/GO_0070681
GO:0070682,BP,proteasome regulatory particle assembly,http://purl.obolibrary.org/obo/GO_0070682
GO:0070696,MF,transmembrane receptor protein serine/threonine kinase binding,http://purl.obolibrary.org/obo/GO_0070696
GO:0070704,MF,sterol desaturase activity,http://purl.obolibrary.org/obo/GO_0070704
GO:0070716,BP,mismatch repair involved in maintenance of fidelity involved in DNA-dependent DNA replication,http://purl.obolibrary.org/obo/GO_0070716
GO:0070717,MF,poly-purine tract binding,http://purl.obolibrary.org/obo/GO_0070717
GO:0070726,BP,cell wall assembly,http://purl.obolibrary.org/obo/GO_0070726
GO:0070727,BP,cellular macromolecule localization,http://purl.obolibrary.org/obo/GO_0070727
GO:0070728,MF,leucine binding,http://purl.obolibrary.org/obo/GO_0070728
GO:0070733,MF,protein adenylyltransferase activity,http://purl.obolibrary.org/obo/GO_0070733
GO:0070735,MF,protein-glycine ligase activity,http://purl.obolibrary.org/obo/GO_0070735
GO:0070736,MF,"protein-glycine ligase activity, initiating",http://purl.obolibrary.org/obo/GO_0070736
GO:0070739,MF,protein-glutamic acid ligase activity,http://purl.obolibrary.org/obo/GO_0070739
GO:0070740,MF,tubulin-glutamic acid ligase activity,http://purl.obolibrary.org/obo/GO_0070740
GO:0070761,CC,pre-snoRNP complex,http://purl.obolibrary.org/obo/GO_0070761
GO:0070762,CC,nuclear pore transmembrane ring,http://purl.obolibrary.org/obo/GO_0070762
GO:0070765,CC,gamma-secretase complex,http://purl.obolibrary.org/obo/GO_0070765
GO:0070772,CC,PAS complex,http://purl.obolibrary.org/obo/GO_0070772
GO:0070773,MF,protein-N-terminal glutamine amidohydrolase activity,http://purl.obolibrary.org/obo/GO_0070773
GO:0070778,BP,L-aspartate transmembrane transport,http://purl.obolibrary.org/obo/GO_0070778
GO:0070813,BP,hydrogen sulfide metabolic process,http://purl.obolibrary.org/obo/GO_0070813
GO:0070818,MF,protoporphyrinogen oxidase activity,http://purl.obolibrary.org/obo/GO_0070818
GO:0070822,CC,Sin3-type complex,http://purl.obolibrary.org/obo/GO_0070822
GO:0070828,BP,heterochromatin organization,http://purl.obolibrary.org/obo/GO_0070828
GO:0070840,MF,dynein complex binding,http://purl.obolibrary.org/obo/GO_0070840
GO:0070847,CC,core mediator complex,http://purl.obolibrary.org/obo/GO_0070847
GO:0070860,CC,RNA polymerase I core factor complex,http://purl.obolibrary.org/obo/GO_0070860
GO:0070861,BP,regulation of protein exit from endoplasmic reticulum,http://purl.obolibrary.org/obo/GO_0070861
GO:0070863,BP,positive regulation of protein exit from endoplasmic reticulum,http://purl.obolibrary.org/obo/GO_0070863
GO:0070876,CC,SOSS complex,http://purl.obolibrary.org/obo/GO_0070876
GO:0070878,MF,primary miRNA binding,http://purl.obolibrary.org/obo/GO_0070878
GO:0070883,MF,pre-miRNA binding,http://purl.obolibrary.org/obo/GO_0070883
GO:0070887,BP,cellular response to chemical stimulus,http://purl.obolibrary.org/obo/GO_0070887
GO:0070888,MF,E-box binding,http://purl.obolibrary.org/obo/GO_0070888
GO:0070897,BP,transcription preinitiation complex assembly,http://purl.obolibrary.org/obo/GO_0070897
GO:0070898,BP,RNA polymerase III preinitiation complex assembly,http://purl.obolibrary.org/obo/GO_0070898
GO:0070914,BP,UV-damage excision repair,http://purl.obolibrary.org/obo/GO_0070914
GO:0070918,BP,production of small RNA involved in gene silencing by RNA,http://purl.obolibrary.org/obo/GO_0070918
GO:0070920,BP,regulation of production of small RNA involved in gene silencing by RNA,http://purl.obolibrary.org/obo/GO_0070920
GO:0070921,BP,regulation of production of siRNA involved in gene silencing by small RNA,http://purl.obolibrary.org/obo/GO_0070921
GO:0070922,BP,small RNA loading onto RISC,http://purl.obolibrary.org/obo/GO_0070922
GO:0070925,BP,organelle assembly,http://purl.obolibrary.org/obo/GO_0070925
GO:0070935,BP,3'-UTR-mediated mRNA stabilization,http://purl.obolibrary.org/obo/GO_0070935
GO:0070938,CC,contractile ring,http://purl.obolibrary.org/obo/GO_0070938
GO:0070939,CC,Dsl1/NZR complex,http://purl.obolibrary.org/obo/GO_0070939
GO:0070966,BP,"nuclear-transcribed mRNA catabolic process, no-go decay",http://purl.obolibrary.org/obo/GO_0070966
GO:0070971,CC,endoplasmic reticulum exit site,http://purl.obolibrary.org/obo/GO_0070971
GO:0070972,BP,protein localization to endoplasmic reticulum,http://purl.obolibrary.org/obo/GO_0070972
GO:0070973,BP,protein localization to endoplasmic reticulum exit site,http://purl.obolibrary.org/obo/GO_0070973
GO:0070979,BP,protein K11-linked ubiquitination,http://purl.obolibrary.org/obo/GO_0070979
GO:0070985,CC,transcription factor TFIIK complex,http://purl.obolibrary.org/obo/GO_0070985
GO:0070987,BP,error-free translesion synthesis,http://purl.obolibrary.org/obo/GO_0070987
GO:0070988,BP,demethylation,http://purl.obolibrary.org/obo/GO_0070988
GO:0070989,BP,oxidative demethylation,http://purl.obolibrary.org/obo/GO_0070989
GO:0070990,MF,snRNP binding,http://purl.obolibrary.org/obo/GO_0070990
GO:0070991,MF,medium-chain-acyl-CoA dehydrogenase activity,http://purl.obolibrary.org/obo/GO_0070991
GO:0070993,CC,translation preinitiation complex,http://purl.obolibrary.org/obo/GO_0070993
GO:0070995,BP,NADPH oxidation,http://purl.obolibrary.org/obo/GO_0070995
GO:0071000,BP,response to magnetism,http://purl.obolibrary.org/obo/GO_0071000
GO:0071004,CC,U2-type prespliceosome,http://purl.obolibrary.org/obo/GO_0071004
GO:0071006,CC,U2-type catalytic step 1 spliceosome,http://purl.obolibrary.org/obo/GO_0071006
GO:0071007,CC,U2-type catalytic step 2 spliceosome,http://purl.obolibrary.org/obo/GO_0071007
GO:0071008,CC,U2-type post-mRNA release spliceosomal complex,http://purl.obolibrary.org/obo/GO_0071008
GO:0071010,CC,prespliceosome,http://purl.obolibrary.org/obo/GO_0071010
GO:0071011,CC,precatalytic spliceosome,http://purl.obolibrary.org/obo/GO_0071011
GO:0071012,CC,catalytic step 1 spliceosome,http://purl.obolibrary.org/obo/GO_0071012
GO:0071013,CC,catalytic step 2 spliceosome,http://purl.obolibrary.org/obo/GO_0071013
GO:0071014,CC,post-mRNA release spliceosomal complex,http://purl.obolibrary.org/obo/GO_0071014
GO:0071020,CC,post-spliceosomal complex,http://purl.obolibrary.org/obo/GO_0071020
GO:0071021,CC,U2-type post-spliceosomal complex,http://purl.obolibrary.org/obo/GO_0071021
GO:0071025,BP,RNA surveillance,http://purl.obolibrary.org/obo/GO_0071025
GO:0071027,BP,nuclear RNA surveillance,http://purl.obolibrary.org/obo/GO_0071027
GO:0071028,BP,nuclear mRNA surveillance,http://purl.obolibrary.org/obo/GO_0071028
GO:0071031,BP,nuclear mRNA surveillance of mRNA 3'-end processing,http://purl.obolibrary.org/obo/GO_0071031
GO:0071034,BP,CUT catabolic process,http://purl.obolibrary.org/obo/GO_0071034
GO:0071035,BP,nuclear polyadenylation-dependent rRNA catabolic process,http://purl.obolibrary.org/obo/GO_0071035
GO:0071036,BP,nuclear polyadenylation-dependent snoRNA catabolic process,http://purl.obolibrary.org/obo/GO_0071036
GO:0071037,BP,nuclear polyadenylation-dependent snRNA catabolic process,http://purl.obolibrary.org/obo/GO_0071037
GO:0071038,BP,nuclear polyadenylation-dependent tRNA catabolic process,http://purl.obolibrary.org/obo/GO_0071038
GO:0071039,BP,nuclear polyadenylation-dependent CUT catabolic process,http://purl.obolibrary.org/obo/GO_0071039
GO:0071040,BP,nuclear polyadenylation-dependent antisense transcript catabolic process,http://purl.obolibrary.org/obo/GO_0071040
GO:0071041,BP,antisense RNA transcript catabolic process,http://purl.obolibrary.org/obo/GO_0071041
GO:0071043,BP,CUT metabolic process,http://purl.obolibrary.org/obo/GO_0071043
GO:0071044,BP,histone mRNA catabolic process,http://purl.obolibrary.org/obo/GO_0071044
GO:0071051,BP,polyadenylation-dependent snoRNA 3'-end processing,http://purl.obolibrary.org/obo/GO_0071051
GO:0071071,BP,regulation of phospholipid biosynthetic process,http://purl.obolibrary.org/obo/GO_0071071
GO:0071072,BP,negative regulation of phospholipid biosynthetic process,http://purl.obolibrary.org/obo/GO_0071072
GO:0071073,BP,positive regulation of phospholipid biosynthetic process,http://purl.obolibrary.org/obo/GO_0071073
GO:0071074,MF,eukaryotic initiation factor eIF2 binding,http://purl.obolibrary.org/obo/GO_0071074
GO:0071076,BP,RNA 3' uridylation,http://purl.obolibrary.org/obo/GO_0071076
GO:0071077,MF,"adenosine 3',5'-bisphosphate transmembrane transporter activity",http://purl.obolibrary.org/obo/GO_0071077
GO:0071103,BP,DNA conformation change,http://purl.obolibrary.org/obo/GO_0071103
GO:0071106,BP,"adenosine 3',5'-bisphosphate transmembrane transport",http://purl.obolibrary.org/obo/GO_0071106
GO:0071108,BP,protein K48-linked deubiquitination,http://purl.obolibrary.org/obo/GO_0071108
GO:0071139,BP,resolution of recombination intermediates,http://purl.obolibrary.org/obo/GO_0071139
GO:0071140,BP,resolution of mitotic recombination intermediates,http://purl.obolibrary.org/obo/GO_0071140
GO:0071163,BP,DNA replication preinitiation complex assembly,http://purl.obolibrary.org/obo/GO_0071163
GO:0071164,MF,RNA trimethylguanosine synthase activity,http://purl.obolibrary.org/obo/GO_0071164
GO:0071168,BP,protein localization to chromatin,http://purl.obolibrary.org/obo/GO_0071168
GO:0071169,BP,establishment of protein localization to chromatin,http://purl.obolibrary.org/obo/GO_0071169
GO:0071173,BP,spindle assembly checkpoint signaling,http://purl.obolibrary.org/obo/GO_0071173
GO:0071174,BP,mitotic spindle checkpoint signaling,http://purl.obolibrary.org/obo/GO_0071174
GO:0071203,CC,WASH complex,http://purl.obolibrary.org/obo/GO_0071203
GO:0071204,CC,histone pre-mRNA 3'end processing complex,http://purl.obolibrary.org/obo/GO_0071204
GO:0071207,MF,histone pre-mRNA stem-loop binding,http://purl.obolibrary.org/obo/GO_0071207
GO:0071208,MF,histone pre-mRNA DCP binding,http://purl.obolibrary.org/obo/GO_0071208
GO:0071209,MF,U7 snRNA binding,http://purl.obolibrary.org/obo/GO_0071209
GO:0071211,BP,protein targeting to vacuole involved in autophagy,http://purl.obolibrary.org/obo/GO_0071211
GO:0071214,BP,cellular response to abiotic stimulus,http://purl.obolibrary.org/obo/GO_0071214
GO:0071215,BP,cellular response to abscisic acid stimulus,http://purl.obolibrary.org/obo/GO_0071215
GO:0071216,BP,cellular response to biotic stimulus,http://purl.obolibrary.org/obo/GO_0071216
GO:0071217,BP,cellular response to external biotic stimulus,http://purl.obolibrary.org/obo/GO_0071217
GO:0071218,BP,cellular response to misfolded protein,http://purl.obolibrary.org/obo/GO_0071218
GO:0071219,BP,cellular response to molecule of bacterial origin,http://purl.obolibrary.org/obo/GO_0071219
GO:0071222,BP,cellular response to lipopolysaccharide,http://purl.obolibrary.org/obo/GO_0071222
GO:0071226,BP,cellular response to molecule of fungal origin,http://purl.obolibrary.org/obo/GO_0071226
GO:0071229,BP,cellular response to acid chemical,http://purl.obolibrary.org/obo/GO_0071229
GO:0071230,BP,cellular response to amino acid stimulus,http://purl.obolibrary.org/obo/GO_0071230
GO:0071241,BP,cellular response to inorganic substance,http://purl.obolibrary.org/obo/GO_0071241
GO:0071242,BP,cellular response to ammonium ion,http://purl.obolibrary.org/obo/GO_0071242
GO:0071243,BP,cellular response to arsenic-containing substance,http://purl.obolibrary.org/obo/GO_0071243
GO:0071244,BP,cellular response to carbon dioxide,http://purl.obolibrary.org/obo/GO_0071244
GO:0071248,BP,cellular response to metal ion,http://purl.obolibrary.org/obo/GO_0071248
GO:0071249,BP,cellular response to nitrate,http://purl.obolibrary.org/obo/GO_0071249
GO:0071250,BP,cellular response to nitrite,http://purl.obolibrary.org/obo/GO_0071250
GO:0071254,CC,cytoplasmic U snRNP body,http://purl.obolibrary.org/obo/GO_0071254
GO:0071256,CC,translocon complex,http://purl.obolibrary.org/obo/GO_0071256
GO:0071257,BP,cellular response to electrical stimulus,http://purl.obolibrary.org/obo/GO_0071257
GO:0071258,BP,cellular response to gravity,http://purl.obolibrary.org/obo/GO_0071258
GO:0071260,BP,cellular response to mechanical stimulus,http://purl.obolibrary.org/obo/GO_0071260
GO:0071261,CC,Ssh1 translocon complex,http://purl.obolibrary.org/obo/GO_0071261
GO:0071265,BP,L-methionine biosynthetic process,http://purl.obolibrary.org/obo/GO_0071265
GO:0071266,BP,'de novo' L-methionine biosynthetic process,http://purl.obolibrary.org/obo/GO_0071266
GO:0071267,BP,L-methionine salvage,http://purl.obolibrary.org/obo/GO_0071267
GO:0071272,BP,morphine metabolic process,http://purl.obolibrary.org/obo/GO_0071272
GO:0071275,BP,cellular response to aluminum ion,http://purl.obolibrary.org/obo/GO_0071275
GO:0071276,BP,cellular response to cadmium ion,http://purl.obolibrary.org/obo/GO_0071276
GO:0071277,BP,cellular response to calcium ion,http://purl.obolibrary.org/obo/GO_0071277
GO:0071280,BP,cellular response to copper ion,http://purl.obolibrary.org/obo/GO_0071280
GO:0071281,BP,cellular response to iron ion,http://purl.obolibrary.org/obo/GO_0071281
GO:0071284,BP,cellular response to lead ion,http://purl.obolibrary.org/obo/GO_0071284
GO:0071286,BP,cellular response to magnesium ion,http://purl.obolibrary.org/obo/GO_0071286
GO:0071287,BP,cellular response to manganese ion,http://purl.obolibrary.org/obo/GO_0071287
GO:0071289,BP,cellular response to nickel ion,http://purl.obolibrary.org/obo/GO_0071289
GO:0071291,BP,cellular response to selenium ion,http://purl.obolibrary.org/obo/GO_0071291
GO:0071310,BP,cellular response to organic substance,http://purl.obolibrary.org/obo/GO_0071310
GO:0071311,BP,cellular response to acetate,http://purl.obolibrary.org/obo/GO_0071311
GO:0071312,BP,cellular response to alkaloid,http://purl.obolibrary.org/obo/GO_0071312
GO:0071313,BP,cellular response to caffeine,http://purl.obolibrary.org/obo/GO_0071313
GO:0071318,BP,cellular response to ATP,http://purl.obolibrary.org/obo/GO_0071318
GO:0071322,BP,cellular response to carbohydrate stimulus,http://purl.obolibrary.org/obo/GO_0071322
GO:0071323,BP,cellular response to chitin,http://purl.obolibrary.org/obo/GO_0071323
GO:0071324,BP,cellular response to disaccharide stimulus,http://purl.obolibrary.org/obo/GO_0071324
GO:0071325,BP,cellular response to mannitol stimulus,http://purl.obolibrary.org/obo/GO_0071325
GO:0071326,BP,cellular response to monosaccharide stimulus,http://purl.obolibrary.org/obo/GO_0071326
GO:0071327,BP,cellular response to trehalose stimulus,http://purl.obolibrary.org/obo/GO_0071327
GO:0071329,BP,cellular response to sucrose stimulus,http://purl.obolibrary.org/obo/GO_0071329
GO:0071331,BP,cellular response to hexose stimulus,http://purl.obolibrary.org/obo/GO_0071331
GO:0071332,BP,cellular response to fructose stimulus,http://purl.obolibrary.org/obo/GO_0071332
GO:0071333,BP,cellular response to glucose stimulus,http://purl.obolibrary.org/obo/GO_0071333
GO:0071344,BP,diphosphate metabolic process,http://purl.obolibrary.org/obo/GO_0071344
GO:0071345,BP,cellular response to cytokine stimulus,http://purl.obolibrary.org/obo/GO_0071345
GO:0071359,BP,cellular response to dsRNA,http://purl.obolibrary.org/obo/GO_0071359
GO:0071360,BP,cellular response to exogenous dsRNA,http://purl.obolibrary.org/obo/GO_0071360
GO:0071365,BP,cellular response to auxin stimulus,http://purl.obolibrary.org/obo/GO_0071365
GO:0071366,BP,cellular response to indolebutyric acid stimulus,http://purl.obolibrary.org/obo/GO_0071366
GO:0071367,BP,cellular response to brassinosteroid stimulus,http://purl.obolibrary.org/obo/GO_0071367
GO:0071368,BP,cellular response to cytokinin stimulus,http://purl.obolibrary.org/obo/GO_0071368
GO:0071369,BP,cellular response to ethylene stimulus,http://purl.obolibrary.org/obo/GO_0071369
GO:0071370,BP,cellular response to gibberellin stimulus,http://purl.obolibrary.org/obo/GO_0071370
GO:0071383,BP,cellular response to steroid hormone stimulus,http://purl.obolibrary.org/obo/GO_0071383
GO:0071395,BP,cellular response to jasmonic acid stimulus,http://purl.obolibrary.org/obo/GO_0071395
GO:0071396,BP,cellular response to lipid,http://purl.obolibrary.org/obo/GO_0071396
GO:0071398,BP,cellular response to fatty acid,http://purl.obolibrary.org/obo/GO_0071398
GO:0071407,BP,cellular response to organic cyclic compound,http://purl.obolibrary.org/obo/GO_0071407
GO:0071415,BP,cellular response to purine-containing compound,http://purl.obolibrary.org/obo/GO_0071415
GO:0071417,BP,cellular response to organonitrogen compound,http://purl.obolibrary.org/obo/GO_0071417
GO:0071421,BP,manganese ion transmembrane transport,http://purl.obolibrary.org/obo/GO_0071421
GO:0071422,BP,succinate transmembrane transport,http://purl.obolibrary.org/obo/GO_0071422
GO:0071423,BP,malate transmembrane transport,http://purl.obolibrary.org/obo/GO_0071423
GO:0071424,MF,rRNA (cytosine-N4-)-methyltransferase activity,http://purl.obolibrary.org/obo/GO_0071424
GO:0071433,BP,cell wall repair,http://purl.obolibrary.org/obo/GO_0071433
GO:0071439,CC,clathrin complex,http://purl.obolibrary.org/obo/GO_0071439
GO:0071446,BP,cellular response to salicylic acid stimulus,http://purl.obolibrary.org/obo/GO_0071446
GO:0071450,BP,cellular response to oxygen radical,http://purl.obolibrary.org/obo/GO_0071450
GO:0071451,BP,cellular response to superoxide,http://purl.obolibrary.org/obo/GO_0071451
GO:0071452,BP,cellular response to singlet oxygen,http://purl.obolibrary.org/obo/GO_0071452
GO:0071453,BP,cellular response to oxygen levels,http://purl.obolibrary.org/obo/GO_0071453
GO:0071454,BP,cellular response to anoxia,http://purl.obolibrary.org/obo/GO_0071454
GO:0071456,BP,cellular response to hypoxia,http://purl.obolibrary.org/obo/GO_0071456
GO:0071457,BP,cellular response to ozone,http://purl.obolibrary.org/obo/GO_0071457
GO:0071459,BP,"protein localization to chromosome, centromeric region",http://purl.obolibrary.org/obo/GO_0071459
GO:0071461,BP,cellular response to redox state,http://purl.obolibrary.org/obo/GO_0071461
GO:0071462,BP,cellular response to water stimulus,http://purl.obolibrary.org/obo/GO_0071462
GO:0071465,BP,cellular response to desiccation,http://purl.obolibrary.org/obo/GO_0071465
GO:0071466,BP,cellular response to xenobiotic stimulus,http://purl.obolibrary.org/obo/GO_0071466
GO:0071467,BP,cellular response to pH,http://purl.obolibrary.org/obo/GO_0071467
GO:0071469,BP,cellular response to alkaline pH,http://purl.obolibrary.org/obo/GO_0071469
GO:0071470,BP,cellular response to osmotic stress,http://purl.obolibrary.org/obo/GO_0071470
GO:0071472,BP,cellular response to salt stress,http://purl.obolibrary.org/obo/GO_0071472
GO:0071474,BP,cellular hyperosmotic response,http://purl.obolibrary.org/obo/GO_0071474
GO:0071475,BP,cellular hyperosmotic salinity response,http://purl.obolibrary.org/obo/GO_0071475
GO:0071478,BP,cellular response to radiation,http://purl.obolibrary.org/obo/GO_0071478
GO:0071479,BP,cellular response to ionizing radiation,http://purl.obolibrary.org/obo/GO_0071479
GO:0071480,BP,cellular response to gamma radiation,http://purl.obolibrary.org/obo/GO_0071480
GO:0071481,BP,cellular response to X-ray,http://purl.obolibrary.org/obo/GO_0071481
GO:0071482,BP,cellular response to light stimulus,http://purl.obolibrary.org/obo/GO_0071482
GO:0071483,BP,cellular response to blue light,http://purl.obolibrary.org/obo/GO_0071483
GO:0071484,BP,cellular response to light intensity,http://purl.obolibrary.org/obo/GO_0071484
GO:0071485,BP,cellular response to absence of light,http://purl.obolibrary.org/obo/GO_0071485
GO:0071486,BP,cellular response to high light intensity,http://purl.obolibrary.org/obo/GO_0071486
GO:0071489,BP,cellular response to red or far red light,http://purl.obolibrary.org/obo/GO_0071489
GO:0071490,BP,cellular response to far red light,http://purl.obolibrary.org/obo/GO_0071490
GO:0071491,BP,cellular response to red light,http://purl.obolibrary.org/obo/GO_0071491
GO:0071492,BP,cellular response to UV-A,http://purl.obolibrary.org/obo/GO_0071492
GO:0071493,BP,cellular response to UV-B,http://purl.obolibrary.org/obo/GO_0071493
GO:0071494,BP,cellular response to UV-C,http://purl.obolibrary.org/obo/GO_0071494
GO:0071495,BP,cellular response to endogenous stimulus,http://purl.obolibrary.org/obo/GO_0071495
GO:0071496,BP,cellular response to external stimulus,http://purl.obolibrary.org/obo/GO_0071496
GO:0071497,BP,cellular response to freezing,http://purl.obolibrary.org/obo/GO_0071497
GO:0071501,BP,cellular response to sterol depletion,http://purl.obolibrary.org/obo/GO_0071501
GO:0071513,CC,phosphopantothenoylcysteine decarboxylase complex,http://purl.obolibrary.org/obo/GO_0071513
GO:0071514,BP,genetic imprinting,http://purl.obolibrary.org/obo/GO_0071514
GO:0071522,MF,ureidoglycine aminohydrolase activity,http://purl.obolibrary.org/obo/GO_0071522
GO:0071528,BP,tRNA re-export from nucleus,http://purl.obolibrary.org/obo/GO_0071528
GO:0071539,BP,protein localization to centrosome,http://purl.obolibrary.org/obo/GO_0071539
GO:0071540,CC,"eukaryotic translation initiation factor 3 complex, eIF3e",http://purl.obolibrary.org/obo/GO_0071540
GO:0071541,CC,"eukaryotic translation initiation factor 3 complex, eIF3m",http://purl.obolibrary.org/obo/GO_0071541
GO:0071554,BP,cell wall organization or biogenesis,http://purl.obolibrary.org/obo/GO_0071554
GO:0071555,BP,cell wall organization,http://purl.obolibrary.org/obo/GO_0071555
GO:0071558,MF,histone H3-tri/di-methyl-lysine-27 demethylase activity,http://purl.obolibrary.org/obo/GO_0071558
GO:0071561,CC,nucleus-vacuole junction,http://purl.obolibrary.org/obo/GO_0071561
GO:0071566,MF,UFM1 activating enzyme activity,http://purl.obolibrary.org/obo/GO_0071566
GO:0071567,MF,UFM1 hydrolase activity,http://purl.obolibrary.org/obo/GO_0071567
GO:0071568,MF,UFM1 transferase activity,http://purl.obolibrary.org/obo/GO_0071568
GO:0071569,BP,protein ufmylation,http://purl.obolibrary.org/obo/GO_0071569
GO:0071577,BP,zinc ion transmembrane transport,http://purl.obolibrary.org/obo/GO_0071577
GO:0071578,BP,zinc ion import across plasma membrane,http://purl.obolibrary.org/obo/GO_0071578
GO:0071585,BP,detoxification of cadmium ion,http://purl.obolibrary.org/obo/GO_0071585
GO:0071586,BP,CAAX-box protein processing,http://purl.obolibrary.org/obo/GO_0071586
GO:0071588,BP,hydrogen peroxide mediated signaling pathway,http://purl.obolibrary.org/obo/GO_0071588
GO:0071589,BP,pyridine nucleoside biosynthetic process,http://purl.obolibrary.org/obo/GO_0071589
GO:0071590,BP,nicotinamide riboside biosynthetic process,http://purl.obolibrary.org/obo/GO_0071590
GO:0071591,BP,nicotinic acid riboside metabolic process,http://purl.obolibrary.org/obo/GO_0071591
GO:0071592,BP,nicotinic acid riboside biosynthetic process,http://purl.obolibrary.org/obo/GO_0071592
GO:0071596,BP,ubiquitin-dependent protein catabolic process via the N-end rule pathway,http://purl.obolibrary.org/obo/GO_0071596
GO:0071614,MF,linoleic acid epoxygenase activity,http://purl.obolibrary.org/obo/GO_0071614
GO:0071616,BP,acyl-CoA biosynthetic process,http://purl.obolibrary.org/obo/GO_0071616
GO:0071617,MF,lysophospholipid acyltransferase activity,http://purl.obolibrary.org/obo/GO_0071617
GO:0071618,MF,lysophosphatidylethanolamine acyltransferase activity,http://purl.obolibrary.org/obo/GO_0071618
GO:0071629,BP,cytoplasm protein quality control by the ubiquitin-proteasome system,http://purl.obolibrary.org/obo/GO_0071629
GO:0071630,BP,nuclear protein quality control by the ubiquitin-proteasome system,http://purl.obolibrary.org/obo/GO_0071630
GO:0071633,MF,dihydroceramidase activity,http://purl.obolibrary.org/obo/GO_0071633
GO:0071667,MF,DNA/RNA hybrid binding,http://purl.obolibrary.org/obo/GO_0071667
GO:0071668,BP,plant-type cell wall assembly,http://purl.obolibrary.org/obo/GO_0071668
GO:0071669,BP,plant-type cell wall organization or biogenesis,http://purl.obolibrary.org/obo/GO_0071669
GO:0071692,BP,protein localization to extracellular region,http://purl.obolibrary.org/obo/GO_0071692
GO:0071695,BP,anatomical structure maturation,http://purl.obolibrary.org/obo/GO_0071695
GO:0071702,BP,organic substance transport,http://purl.obolibrary.org/obo/GO_0071702
GO:0071704,BP,organic substance metabolic process,http://purl.obolibrary.org/obo/GO_0071704
GO:0071705,BP,nitrogen compound transport,http://purl.obolibrary.org/obo/GO_0071705
GO:0071709,BP,membrane assembly,http://purl.obolibrary.org/obo/GO_0071709
GO:0071713,MF,para-aminobenzoyl-glutamate hydrolase activity,http://purl.obolibrary.org/obo/GO_0071713
GO:0071722,BP,detoxification of arsenic-containing substance,http://purl.obolibrary.org/obo/GO_0071722
GO:0071731,BP,response to nitric oxide,http://purl.obolibrary.org/obo/GO_0071731
GO:0071732,BP,cellular response to nitric oxide,http://purl.obolibrary.org/obo/GO_0071732
GO:0071763,BP,nuclear membrane organization,http://purl.obolibrary.org/obo/GO_0071763
GO:0071781,CC,endoplasmic reticulum cisternal network,http://purl.obolibrary.org/obo/GO_0071781
GO:0071782,CC,endoplasmic reticulum tubular network,http://purl.obolibrary.org/obo/GO_0071782
GO:0071783,BP,endoplasmic reticulum cisternal network organization,http://purl.obolibrary.org/obo/GO_0071783
GO:0071784,BP,endoplasmic reticulum cisternal network assembly,http://purl.obolibrary.org/obo/GO_0071784
GO:0071786,BP,endoplasmic reticulum tubular network organization,http://purl.obolibrary.org/obo/GO_0071786
GO:0071787,BP,endoplasmic reticulum tubular network formation,http://purl.obolibrary.org/obo/GO_0071787
GO:0071805,BP,potassium ion transmembrane transport,http://purl.obolibrary.org/obo/GO_0071805
GO:0071806,BP,protein transmembrane transport,http://purl.obolibrary.org/obo/GO_0071806
GO:0071816,BP,tail-anchored membrane protein insertion into ER membrane,http://purl.obolibrary.org/obo/GO_0071816
GO:0071818,CC,BAT3 complex,http://purl.obolibrary.org/obo/GO_0071818
GO:0071819,CC,DUBm complex,http://purl.obolibrary.org/obo/GO_0071819
GO:0071821,CC,FANCM-MHF complex,http://purl.obolibrary.org/obo/GO_0071821
GO:0071824,BP,protein-DNA complex subunit organization,http://purl.obolibrary.org/obo/GO_0071824
GO:0071826,BP,ribonucleoprotein complex subunit organization,http://purl.obolibrary.org/obo/GO_0071826
GO:0071836,BP,nectar secretion,http://purl.obolibrary.org/obo/GO_0071836
GO:0071840,BP,cellular component organization or biogenesis,http://purl.obolibrary.org/obo/GO_0071840
GO:0071897,BP,DNA biosynthetic process,http://purl.obolibrary.org/obo/GO_0071897
GO:0071900,BP,regulation of protein serine/threonine kinase activity,http://purl.obolibrary.org/obo/GO_0071900
GO:0071901,BP,negative regulation of protein serine/threonine kinase activity,http://purl.obolibrary.org/obo/GO_0071901
GO:0071913,MF,citrate secondary active transmembrane transporter activity,http://purl.obolibrary.org/obo/GO_0071913
GO:0071916,MF,dipeptide transmembrane transporter activity,http://purl.obolibrary.org/obo/GO_0071916
GO:0071917,MF,triose-phosphate transmembrane transporter activity,http://purl.obolibrary.org/obo/GO_0071917
GO:0071918,BP,urea transmembrane transport,http://purl.obolibrary.org/obo/GO_0071918
GO:0071932,BP,replication fork reversal,http://purl.obolibrary.org/obo/GO_0071932
GO:0071933,MF,Arp2/3 complex binding,http://purl.obolibrary.org/obo/GO_0071933
GO:0071934,BP,thiamine transmembrane transport,http://purl.obolibrary.org/obo/GO_0071934
GO:0071941,BP,nitrogen cycle metabolic process,http://purl.obolibrary.org/obo/GO_0071941
GO:0071942,CC,XPC complex,http://purl.obolibrary.org/obo/GO_0071942
GO:0071944,CC,cell periphery,http://purl.obolibrary.org/obo/GO_0071944
GO:0071949,MF,FAD binding,http://purl.obolibrary.org/obo/GO_0071949
GO:0071951,BP,conversion of methionyl-tRNA to N-formyl-methionyl-tRNA,http://purl.obolibrary.org/obo/GO_0071951
GO:0071963,BP,establishment or maintenance of cell polarity regulating cell shape,http://purl.obolibrary.org/obo/GO_0071963
GO:0071971,BP,extracellular exosome assembly,http://purl.obolibrary.org/obo/GO_0071971
GO:0071973,BP,bacterial-type flagellum-dependent cell motility,http://purl.obolibrary.org/obo/GO_0071973
GO:0071985,BP,multivesicular body sorting pathway,http://purl.obolibrary.org/obo/GO_0071985
GO:0071993,BP,phytochelatin transport,http://purl.obolibrary.org/obo/GO_0071993
GO:0071994,BP,phytochelatin transmembrane transport,http://purl.obolibrary.org/obo/GO_0071994
GO:0072132,BP,mesenchyme morphogenesis,http://purl.obolibrary.org/obo/GO_0072132
GO:0072318,BP,clathrin coat disassembly,http://purl.obolibrary.org/obo/GO_0072318
GO:0072319,BP,vesicle uncoating,http://purl.obolibrary.org/obo/GO_0072319
GO:0072320,MF,volume-sensitive chloride channel activity,http://purl.obolibrary.org/obo/GO_0072320
GO:0072328,MF,alkene binding,http://purl.obolibrary.org/obo/GO_0072328
GO:0072329,BP,monocarboxylic acid catabolic process,http://purl.obolibrary.org/obo/GO_0072329
GO:0072330,BP,monocarboxylic acid biosynthetic process,http://purl.obolibrary.org/obo/GO_0072330
GO:0072331,BP,signal transduction by p53 class mediator,http://purl.obolibrary.org/obo/GO_0072331
GO:0072334,BP,UDP-galactose transmembrane transport,http://purl.obolibrary.org/obo/GO_0072334
GO:0072337,BP,modified amino acid transport,http://purl.obolibrary.org/obo/GO_0072337
GO:0072341,MF,modified amino acid binding,http://purl.obolibrary.org/obo/GO_0072341
GO:0072344,BP,rescue of stalled ribosome,http://purl.obolibrary.org/obo/GO_0072344
GO:0072345,MF,NAADP-sensitive calcium-release channel activity,http://purl.obolibrary.org/obo/GO_0072345
GO:0072348,BP,sulfur compound transport,http://purl.obolibrary.org/obo/GO_0072348
GO:0072349,MF,modified amino acid transmembrane transporter activity,http://purl.obolibrary.org/obo/GO_0072349
GO:0072350,BP,tricarboxylic acid metabolic process,http://purl.obolibrary.org/obo/GO_0072350
GO:0072351,BP,tricarboxylic acid biosynthetic process,http://purl.obolibrary.org/obo/GO_0072351
GO:0072354,MF,histone kinase activity (H3-T3 specific),http://purl.obolibrary.org/obo/GO_0072354
GO:0072357,CC,PTW/PP1 phosphatase complex,http://purl.obolibrary.org/obo/GO_0072357
GO:0072359,BP,circulatory system development,http://purl.obolibrary.org/obo/GO_0072359
GO:0072374,MF,carotene epsilon hydroxylase activity,http://purl.obolibrary.org/obo/GO_0072374
GO:0072379,CC,ER membrane insertion complex,http://purl.obolibrary.org/obo/GO_0072379
GO:0072380,CC,TRC complex,http://purl.obolibrary.org/obo/GO_0072380
GO:0072384,BP,organelle transport along microtubule,http://purl.obolibrary.org/obo/GO_0072384
GO:0072387,BP,flavin adenine dinucleotide metabolic process,http://purl.obolibrary.org/obo/GO_0072387
GO:0072388,BP,flavin adenine dinucleotide biosynthetic process,http://purl.obolibrary.org/obo/GO_0072388
GO:0072393,BP,microtubule anchoring at microtubule organizing center,http://purl.obolibrary.org/obo/GO_0072393
GO:0072488,BP,ammonium transmembrane transport,http://purl.obolibrary.org/obo/GO_0072488
GO:0072489,BP,methylammonium transmembrane transport,http://purl.obolibrary.org/obo/GO_0072489
GO:0072490,BP,toluene-containing compound metabolic process,http://purl.obolibrary.org/obo/GO_0072490
GO:0072491,BP,toluene-containing compound catabolic process,http://purl.obolibrary.org/obo/GO_0072491
GO:0072521,BP,purine-containing compound metabolic process,http://purl.obolibrary.org/obo/GO_0072521
GO:0072522,BP,purine-containing compound biosynthetic process,http://purl.obolibrary.org/obo/GO_0072522
GO:0072523,BP,purine-containing compound catabolic process,http://purl.obolibrary.org/obo/GO_0072523
GO:0072524,BP,pyridine-containing compound metabolic process,http://purl.obolibrary.org/obo/GO_0072524
GO:0072525,BP,pyridine-containing compound biosynthetic process,http://purl.obolibrary.org/obo/GO_0072525
GO:0072526,BP,pyridine-containing compound catabolic process,http://purl.obolibrary.org/obo/GO_0072526
GO:0072527,BP,pyrimidine-containing compound metabolic process,http://purl.obolibrary.org/obo/GO_0072527
GO:0072528,BP,pyrimidine-containing compound biosynthetic process,http://purl.obolibrary.org/obo/GO_0072528
GO:0072529,BP,pyrimidine-containing compound catabolic process,http://purl.obolibrary.org/obo/GO_0072529
GO:0072530,BP,purine-containing compound transmembrane transport,http://purl.obolibrary.org/obo/GO_0072530
GO:0072531,BP,pyrimidine-containing compound transmembrane transport,http://purl.obolibrary.org/obo/GO_0072531
GO:0072532,MF,tri-(feruloyl or hydroxyferuloyl) spermidine meta-hydroxylase activity,http://purl.obolibrary.org/obo/GO_0072532
GO:0072533,MF,tri-(coumaroyl or caffeoyl) spermidine meta-hydroxylase activity,http://purl.obolibrary.org/obo/GO_0072533
GO:0072542,MF,protein phosphatase activator activity,http://purl.obolibrary.org/obo/GO_0072542
GO:0072546,CC,EMC complex,http://purl.obolibrary.org/obo/GO_0072546
GO:0072547,MF,tricoumaroylspermidine meta-hydroxylase activity,http://purl.obolibrary.org/obo/GO_0072547
GO:0072548,MF,dicoumaroyl monocaffeoyl spermidine meta-hydroxylase activity,http://purl.obolibrary.org/obo/GO_0072548
GO:0072549,MF,monocoumaroyl dicaffeoyl spermidine meta-hydroxylase activity,http://purl.obolibrary.org/obo/GO_0072549
GO:0072550,MF,triferuloylspermidine meta-hydroxylase activity,http://purl.obolibrary.org/obo/GO_0072550
GO:0072551,MF,diferuloyl mono-(hydroxyferuloyl) spermidine meta-hydroxylase activity,http://purl.obolibrary.org/obo/GO_0072551
GO:0072552,MF,monoferuloyl di-(hydroxyferuloyl) spermidine meta-hydroxylase activity,http://purl.obolibrary.org/obo/GO_0072552
GO:0072582,MF,17-beta-hydroxysteroid dehydrogenase (NADP+) activity,http://purl.obolibrary.org/obo/GO_0072582
GO:0072583,BP,clathrin-dependent endocytosis,http://purl.obolibrary.org/obo/GO_0072583
GO:0072585,MF,xanthosine nucleotidase activity,http://purl.obolibrary.org/obo/GO_0072585
GO:0072588,CC,box H/ACA RNP complex,http://purl.obolibrary.org/obo/GO_0072588
GO:0072593,BP,reactive oxygen species metabolic process,http://purl.obolibrary.org/obo/GO_0072593
GO:0072594,BP,establishment of protein localization to organelle,http://purl.obolibrary.org/obo/GO_0072594
GO:0072595,BP,maintenance of protein localization in organelle,http://purl.obolibrary.org/obo/GO_0072595
GO:0072596,BP,establishment of protein localization to chloroplast,http://purl.obolibrary.org/obo/GO_0072596
GO:0072598,BP,protein localization to chloroplast,http://purl.obolibrary.org/obo/GO_0072598
GO:0072599,BP,establishment of protein localization to endoplasmic reticulum,http://purl.obolibrary.org/obo/GO_0072599
GO:0072655,BP,establishment of protein localization to mitochondrion,http://purl.obolibrary.org/obo/GO_0072655
GO:0072657,BP,protein localization to membrane,http://purl.obolibrary.org/obo/GO_0072657
GO:0072658,BP,maintenance of protein location in membrane,http://purl.obolibrary.org/obo/GO_0072658
GO:0072659,BP,protein localization to plasma membrane,http://purl.obolibrary.org/obo/GO_0072659
GO:0072660,BP,maintenance of protein location in plasma membrane,http://purl.obolibrary.org/obo/GO_0072660
GO:0072662,BP,protein localization to peroxisome,http://purl.obolibrary.org/obo/GO_0072662
GO:0072663,BP,establishment of protein localization to peroxisome,http://purl.obolibrary.org/obo/GO_0072663
GO:0072665,BP,protein localization to vacuole,http://purl.obolibrary.org/obo/GO_0072665
GO:0072666,BP,establishment of protein localization to vacuole,http://purl.obolibrary.org/obo/GO_0072666
GO:0072669,CC,tRNA-splicing ligase complex,http://purl.obolibrary.org/obo/GO_0072669
GO:0072686,CC,mitotic spindle,http://purl.obolibrary.org/obo/GO_0072686
GO:0072697,BP,protein localization to cell cortex,http://purl.obolibrary.org/obo/GO_0072697
GO:0072698,BP,protein localization to microtubule cytoskeleton,http://purl.obolibrary.org/obo/GO_0072698
GO:0072699,BP,protein localization to cortical microtubule cytoskeleton,http://purl.obolibrary.org/obo/GO_0072699
GO:0072702,BP,response to methyl methanesulfonate,http://purl.obolibrary.org/obo/GO_0072702
GO:0072708,BP,response to sorbitol,http://purl.obolibrary.org/obo/GO_0072708
GO:0072709,BP,cellular response to sorbitol,http://purl.obolibrary.org/obo/GO_0072709
GO:0072710,BP,response to hydroxyurea,http://purl.obolibrary.org/obo/GO_0072710
GO:0072718,BP,response to cisplatin,http://purl.obolibrary.org/obo/GO_0072718
GO:0072720,BP,response to dithiothreitol,http://purl.obolibrary.org/obo/GO_0072720
GO:0072722,BP,response to amitrole,http://purl.obolibrary.org/obo/GO_0072722
GO:0072732,BP,cellular response to calcium ion starvation,http://purl.obolibrary.org/obo/GO_0072732
GO:0072756,BP,cellular response to paraquat,http://purl.obolibrary.org/obo/GO_0072756
GO:0072765,BP,centromere localization,http://purl.obolibrary.org/obo/GO_0072765
GO:0075259,BP,spore-bearing structure development,http://purl.obolibrary.org/obo/GO_0075259
GO:0075260,BP,regulation of spore-bearing organ development,http://purl.obolibrary.org/obo/GO_0075260
GO:0075733,BP,intracellular transport of virus,http://purl.obolibrary.org/obo/GO_0075733
GO:0080001,BP,mucilage extrusion from seed coat,http://purl.obolibrary.org/obo/GO_0080001
GO:0080002,MF,UDP-glucose:4-aminobenzoate acylglucosyltransferase activity,http://purl.obolibrary.org/obo/GO_0080002
GO:0080003,BP,thalianol metabolic process,http://purl.obolibrary.org/obo/GO_0080003
GO:0080004,MF,thalian-diol desaturase activity,http://purl.obolibrary.org/obo/GO_0080004
GO:0080005,BP,photosystem stoichiometry adjustment,http://purl.obolibrary.org/obo/GO_0080005
GO:0080006,BP,internode patterning,http://purl.obolibrary.org/obo/GO_0080006
GO:0080007,MF,S-nitrosoglutathione reductase activity,http://purl.obolibrary.org/obo/GO_0080007
GO:0080008,CC,Cul4-RING E3 ubiquitin ligase complex,http://purl.obolibrary.org/obo/GO_0080008
GO:0080011,MF,baruol synthase activity,http://purl.obolibrary.org/obo/GO_0080011
GO:0080012,MF,trihydroxyferuloyl spermidine O-methyltransferase activity,http://purl.obolibrary.org/obo/GO_0080012
GO:0080013,MF,"(E,E)-geranyllinalool synthase activity",http://purl.obolibrary.org/obo/GO_0080013
GO:0080014,MF,thalianol hydroxylase activity,http://purl.obolibrary.org/obo/GO_0080014
GO:0080015,MF,sabinene synthase activity,http://purl.obolibrary.org/obo/GO_0080015
GO:0080016,MF,(-)-E-beta-caryophyllene synthase activity,http://purl.obolibrary.org/obo/GO_0080016
GO:0080017,MF,alpha-humulene synthase activity,http://purl.obolibrary.org/obo/GO_0080017
GO:0080018,MF,anthocyanin 5-O-glucosyltransferase activity,http://purl.obolibrary.org/obo/GO_0080018
GO:0080019,MF,fatty-acyl-CoA reductase (alcohol-forming) activity,http://purl.obolibrary.org/obo/GO_0080019
GO:0080020,BP,regulation of coenzyme A biosynthetic process,http://purl.obolibrary.org/obo/GO_0080020
GO:0080021,BP,response to benzoic acid,http://purl.obolibrary.org/obo/GO_0080021
GO:0080022,BP,primary root development,http://purl.obolibrary.org/obo/GO_0080022
GO:0080024,BP,indolebutyric acid metabolic process,http://purl.obolibrary.org/obo/GO_0080024
GO:0080025,MF,"phosphatidylinositol-3,5-bisphosphate binding",http://purl.obolibrary.org/obo/GO_0080025
GO:0080026,BP,response to indolebutyric acid,http://purl.obolibrary.org/obo/GO_0080026
GO:0080027,BP,response to herbivore,http://purl.obolibrary.org/obo/GO_0080027
GO:0080028,BP,nitrile biosynthetic process,http://purl.obolibrary.org/obo/GO_0080028
GO:0080029,BP,cellular response to boron-containing substance levels,http://purl.obolibrary.org/obo/GO_0080029
GO:0080030,MF,methyl indole-3-acetate esterase activity,http://purl.obolibrary.org/obo/GO_0080030
GO:0080031,MF,methyl salicylate esterase activity,http://purl.obolibrary.org/obo/GO_0080031
GO:0080032,MF,methyl jasmonate esterase activity,http://purl.obolibrary.org/obo/GO_0080032
GO:0080033,BP,response to nitrite,http://purl.obolibrary.org/obo/GO_0080033
GO:0080034,BP,"host response to induction by symbiont of tumor, nodule or growth in host",http://purl.obolibrary.org/obo/GO_0080034
GO:0080036,BP,regulation of cytokinin-activated signaling pathway,http://purl.obolibrary.org/obo/GO_0080036
GO:0080037,BP,negative regulation of cytokinin-activated signaling pathway,http://purl.obolibrary.org/obo/GO_0080037
GO:0080038,BP,positive regulation of cytokinin-activated signaling pathway,http://purl.obolibrary.org/obo/GO_0080038
GO:0080040,BP,positive regulation of cellular response to phosphate starvation,http://purl.obolibrary.org/obo/GO_0080040
GO:0080041,MF,ADP-ribose pyrophosphohydrolase activity,http://purl.obolibrary.org/obo/GO_0080041
GO:0080042,MF,ADP-glucose pyrophosphohydrolase activity,http://purl.obolibrary.org/obo/GO_0080042
GO:0080043,MF,quercetin 3-O-glucosyltransferase activity,http://purl.obolibrary.org/obo/GO_0080043
GO:0080044,MF,quercetin 7-O-glucosyltransferase activity,http://purl.obolibrary.org/obo/GO_0080044
GO:0080045,MF,quercetin 3'-O-glucosyltransferase activity,http://purl.obolibrary.org/obo/GO_0080045
GO:0080046,MF,quercetin 4'-O-glucosyltransferase activity,http://purl.obolibrary.org/obo/GO_0080046
GO:0080048,MF,GDP-D-glucose phosphorylase activity,http://purl.obolibrary.org/obo/GO_0080048
GO:0080049,MF,"L-gulono-1,4-lactone dehydrogenase activity",http://purl.obolibrary.org/obo/GO_0080049
GO:0080050,BP,regulation of seed development,http://purl.obolibrary.org/obo/GO_0080050
GO:0080051,BP,cutin transport,http://purl.obolibrary.org/obo/GO_0080051
GO:0080052,BP,response to histidine,http://purl.obolibrary.org/obo/GO_0080052
GO:0080053,BP,response to phenylalanine,http://purl.obolibrary.org/obo/GO_0080053
GO:0080054,MF,low-affinity nitrate transmembrane transporter activity,http://purl.obolibrary.org/obo/GO_0080054
GO:0080056,BP,petal vascular tissue pattern formation,http://purl.obolibrary.org/obo/GO_0080056
GO:0080057,BP,sepal vascular tissue pattern formation,http://purl.obolibrary.org/obo/GO_0080057
GO:0080058,BP,protein deglutathionylation,http://purl.obolibrary.org/obo/GO_0080058
GO:0080059,MF,flavonol 3-O-arabinosyltransferase activity,http://purl.obolibrary.org/obo/GO_0080059
GO:0080060,BP,integument development,http://purl.obolibrary.org/obo/GO_0080060
GO:0080061,MF,indole-3-acetonitrile nitrilase activity,http://purl.obolibrary.org/obo/GO_0080061
GO:0080062,MF,cytokinin 9-beta-glucosyltransferase activity,http://purl.obolibrary.org/obo/GO_0080062
GO:0080064,BP,"4,4-dimethyl-9beta,19-cyclopropylsterol oxidation",http://purl.obolibrary.org/obo/GO_0080064
GO:0080065,BP,4-alpha-methyl-delta7-sterol oxidation,http://purl.obolibrary.org/obo/GO_0080065
GO:0080066,MF,3-methylthiopropyl-desulfoglucosinolate sulfotransferase activity,http://purl.obolibrary.org/obo/GO_0080066
GO:0080067,MF,4-methylthiobutyl-desulfoglucosinolate sulfotransferase activity,http://purl.obolibrary.org/obo/GO_0080067
GO:0080068,MF,5-methylthiopentyl-desulfoglucosinolate sulfotransferase activity,http://purl.obolibrary.org/obo/GO_0080068
GO:0080069,MF,7-methylthioheptyl-desulfoglucosinolate sulfotransferase activity,http://purl.obolibrary.org/obo/GO_0080069
GO:0080070,MF,8-methylthiooctyl-desulfoglucosinolate sulfotransferase activity,http://purl.obolibrary.org/obo/GO_0080070
GO:0080071,MF,indol-3-yl-methyl-desulfoglucosinolate sulfotransferase activity,http://purl.obolibrary.org/obo/GO_0080071
GO:0080072,MF,spermidine:sinapoyl CoA N-acyltransferase activity,http://purl.obolibrary.org/obo/GO_0080072
GO:0080073,MF,spermidine:coumaroyl CoA N-acyltransferase activity,http://purl.obolibrary.org/obo/GO_0080073
GO:0080074,MF,spermidine:caffeoyl CoA N-acyltransferase activity,http://purl.obolibrary.org/obo/GO_0080074
GO:0080075,MF,spermidine:feruloyl CoA N-acyltransferase activity,http://purl.obolibrary.org/obo/GO_0080075
GO:0080076,MF,caffeoyl CoA:S-adenosyl-L-methionine O-methyltransferase activity,http://purl.obolibrary.org/obo/GO_0080076
GO:0080077,MF,trihydroxyferuloyl spermidine:S-adenosyl-L-methionine O-methyltransferase activity,http://purl.obolibrary.org/obo/GO_0080077
GO:0080078,MF,tricaffeoyl spermidine:S-adenosyl-L-methionine O-methyltransferase activity,http://purl.obolibrary.org/obo/GO_0080078
GO:0080079,MF,cellobiose glucosidase activity,http://purl.obolibrary.org/obo/GO_0080079
GO:0080081,MF,4-methylumbelliferyl-beta-D-glucopyranoside beta-glucosidase activity,http://purl.obolibrary.org/obo/GO_0080081
GO:0080082,MF,esculin beta-glucosidase activity,http://purl.obolibrary.org/obo/GO_0080082
GO:0080083,MF,beta-gentiobiose beta-glucosidase activity,http://purl.obolibrary.org/obo/GO_0080083
GO:0080084,MF,5S rDNA binding,http://purl.obolibrary.org/obo/GO_0080084
GO:0080086,BP,stamen filament development,http://purl.obolibrary.org/obo/GO_0080086
GO:0080088,BP,spermidine hydroxycinnamate conjugate biosynthetic process,http://purl.obolibrary.org/obo/GO_0080088
GO:0080089,MF,sinapoyl spermidine:sinapoyl CoA N-acyltransferase activity,http://purl.obolibrary.org/obo/GO_0080089
GO:0080090,BP,regulation of primary metabolic process,http://purl.obolibrary.org/obo/GO_0080090
GO:0080091,BP,regulation of raffinose metabolic process,http://purl.obolibrary.org/obo/GO_0080091
GO:0080092,BP,regulation of pollen tube growth,http://purl.obolibrary.org/obo/GO_0080092
GO:0080093,BP,regulation of photorespiration,http://purl.obolibrary.org/obo/GO_0080093
GO:0080094,BP,response to trehalose-6-phosphate,http://purl.obolibrary.org/obo/GO_0080094
GO:0080095,MF,phosphatidylethanolamine-sterol O-acyltransferase activity,http://purl.obolibrary.org/obo/GO_0080095
GO:0080096,MF,phosphatidate-sterol O-acyltransferase activity,http://purl.obolibrary.org/obo/GO_0080096
GO:0080097,MF,L-tryptophan:pyruvate aminotransferase activity,http://purl.obolibrary.org/obo/GO_0080097
GO:0080098,MF,L-tyrosine:pyruvate aminotransferase activity,http://purl.obolibrary.org/obo/GO_0080098
GO:0080099,MF,L-methionine:2-oxoglutarate aminotransferase activity,http://purl.obolibrary.org/obo/GO_0080099
GO:0080100,MF,L-glutamine:2-oxoglutarate aminotransferase activity,http://purl.obolibrary.org/obo/GO_0080100
GO:0080101,MF,phosphatidyl-N-dimethylethanolamine N-methyltransferase activity,http://purl.obolibrary.org/obo/GO_0080101
GO:0080102,MF,3-methylthiopropyl glucosinolate S-oxygenase activity,http://purl.obolibrary.org/obo/GO_0080102
GO:0080103,MF,4-methylthiopropyl glucosinolate S-oxygenase activity,http://purl.obolibrary.org/obo/GO_0080103
GO:0080104,MF,5-methylthiopropyl glucosinolate S-oxygenase activity,http://purl.obolibrary.org/obo/GO_0080104
GO:0080105,MF,6-methylthiopropyl glucosinolate S-oxygenase activity,http://purl.obolibrary.org/obo/GO_0080105
GO:0080106,MF,7-methylthiopropyl glucosinolate S-oxygenase activity,http://purl.obolibrary.org/obo/GO_0080106
GO:0080107,MF,8-methylthiopropyl glucosinolate S-oxygenase activity,http://purl.obolibrary.org/obo/GO_0080107
GO:0080108,MF,S-alkylthiohydroximate lyase activity,http://purl.obolibrary.org/obo/GO_0080108
GO:0080109,MF,indole-3-acetonitrile nitrile hydratase activity,http://purl.obolibrary.org/obo/GO_0080109
GO:0080110,BP,sporopollenin biosynthetic process,http://purl.obolibrary.org/obo/GO_0080110
GO:0080111,BP,DNA demethylation,http://purl.obolibrary.org/obo/GO_0080111
GO:0080112,BP,seed growth,http://purl.obolibrary.org/obo/GO_0080112
GO:0080113,BP,regulation of seed growth,http://purl.obolibrary.org/obo/GO_0080113
GO:0080114,BP,positive regulation of glycine hydroxymethyltransferase activity,http://purl.obolibrary.org/obo/GO_0080114
GO:0080115,MF,myosin XI tail binding,http://purl.obolibrary.org/obo/GO_0080115
GO:0080116,MF,glucuronoxylan glucuronosyltransferase activity,http://purl.obolibrary.org/obo/GO_0080116
GO:0080117,BP,secondary growth,http://purl.obolibrary.org/obo/GO_0080117
GO:0080118,MF,brassinosteroid sulfotransferase activity,http://purl.obolibrary.org/obo/GO_0080118
GO:0080119,BP,ER body organization,http://purl.obolibrary.org/obo/GO_0080119
GO:0080120,BP,CAAX-box protein maturation,http://purl.obolibrary.org/obo/GO_0080120
GO:0080121,BP,AMP transport,http://purl.obolibrary.org/obo/GO_0080121
GO:0080122,MF,AMP transmembrane transporter activity,http://purl.obolibrary.org/obo/GO_0080122
GO:0080123,MF,jasmonate-amino synthetase activity,http://purl.obolibrary.org/obo/GO_0080123
GO:0080124,MF,pheophytinase activity,http://purl.obolibrary.org/obo/GO_0080124
GO:0080126,BP,ovary septum development,http://purl.obolibrary.org/obo/GO_0080126
GO:0080127,BP,fruit septum development,http://purl.obolibrary.org/obo/GO_0080127
GO:0080129,BP,proteasome core complex assembly,http://purl.obolibrary.org/obo/GO_0080129
GO:0080130,MF,L-phenylalanine:2-oxoglutarate aminotransferase activity,http://purl.obolibrary.org/obo/GO_0080130
GO:0080131,MF,hydroxyjasmonate sulfotransferase activity,http://purl.obolibrary.org/obo/GO_0080131
GO:0080132,MF,fatty acid alpha-hydroxylase activity,http://purl.obolibrary.org/obo/GO_0080132
GO:0080133,MF,midchain alkane hydroxylase activity,http://purl.obolibrary.org/obo/GO_0080133
GO:0080134,BP,regulation of response to stress,http://purl.obolibrary.org/obo/GO_0080134
GO:0080135,BP,regulation of cellular response to stress,http://purl.obolibrary.org/obo/GO_0080135
GO:0080136,BP,priming of cellular response to stress,http://purl.obolibrary.org/obo/GO_0080136
GO:0080139,MF,borate efflux transmembrane transporter activity,http://purl.obolibrary.org/obo/GO_0080139
GO:0080140,BP,regulation of jasmonic acid metabolic process,http://purl.obolibrary.org/obo/GO_0080140
GO:0080141,BP,regulation of jasmonic acid biosynthetic process,http://purl.obolibrary.org/obo/GO_0080141
GO:0080142,BP,regulation of salicylic acid biosynthetic process,http://purl.obolibrary.org/obo/GO_0080142
GO:0080143,BP,regulation of amino acid export,http://purl.obolibrary.org/obo/GO_0080143
GO:0080144,BP,amino acid homeostasis,http://purl.obolibrary.org/obo/GO_0080144
GO:0080145,BP,cysteine homeostasis,http://purl.obolibrary.org/obo/GO_0080145
GO:0080146,MF,L-cysteine desulfhydrase activity,http://purl.obolibrary.org/obo/GO_0080146
GO:0080147,BP,root hair cell development,http://purl.obolibrary.org/obo/GO_0080147
GO:0080148,BP,negative regulation of response to water deprivation,http://purl.obolibrary.org/obo/GO_0080148
GO:0080149,BP,sucrose induced translational repression,http://purl.obolibrary.org/obo/GO_0080149
GO:0080150,MF,S-adenosyl-L-methionine:benzoic acid carboxyl methyl transferase activity,http://purl.obolibrary.org/obo/GO_0080150
GO:0080151,BP,positive regulation of salicylic acid mediated signaling pathway,http://purl.obolibrary.org/obo/GO_0080151
GO:0080152,BP,regulation of reductive pentose-phosphate cycle,http://purl.obolibrary.org/obo/GO_0080152
GO:0080153,BP,negative regulation of reductive pentose-phosphate cycle,http://purl.obolibrary.org/obo/GO_0080153
GO:0080154,BP,regulation of fertilization,http://purl.obolibrary.org/obo/GO_0080154
GO:0080155,BP,regulation of double fertilization forming a zygote and endosperm,http://purl.obolibrary.org/obo/GO_0080155
GO:0080156,BP,mitochondrial mRNA modification,http://purl.obolibrary.org/obo/GO_0080156
GO:0080157,BP,regulation of plant-type cell wall organization or biogenesis,http://purl.obolibrary.org/obo/GO_0080157
GO:0080159,BP,zygote elongation,http://purl.obolibrary.org/obo/GO_0080159
GO:0080161,MF,auxin transmembrane transporter activity,http://purl.obolibrary.org/obo/GO_0080161
GO:0080162,BP,intracellular auxin transport,http://purl.obolibrary.org/obo/GO_0080162
GO:0080163,BP,regulation of protein serine/threonine phosphatase activity,http://purl.obolibrary.org/obo/GO_0080163
GO:0080164,BP,regulation of nitric oxide metabolic process,http://purl.obolibrary.org/obo/GO_0080164
GO:0080165,BP,callose deposition in phloem sieve plate,http://purl.obolibrary.org/obo/GO_0080165
GO:0080166,BP,stomium development,http://purl.obolibrary.org/obo/GO_0080166
GO:0080167,BP,response to karrikin,http://purl.obolibrary.org/obo/GO_0080167
GO:0080168,BP,abscisic acid transport,http://purl.obolibrary.org/obo/GO_0080168
GO:0080169,BP,cellular response to boron-containing substance deprivation,http://purl.obolibrary.org/obo/GO_0080169
GO:0080170,BP,hydrogen peroxide transmembrane transport,http://purl.obolibrary.org/obo/GO_0080170
GO:0080171,BP,lytic vacuole organization,http://purl.obolibrary.org/obo/GO_0080171
GO:0080172,BP,petal epidermis patterning,http://purl.obolibrary.org/obo/GO_0080172
GO:0080173,BP,male-female gamete recognition during double fertilization forming a zygote and endosperm,http://purl.obolibrary.org/obo/GO_0080173
GO:0080175,BP,phragmoplast microtubule organization,http://purl.obolibrary.org/obo/GO_0080175
GO:0080176,MF,"xyloglucan 1,6-alpha-xylosidase activity",http://purl.obolibrary.org/obo/GO_0080176
GO:0080177,BP,plastoglobule organization,http://purl.obolibrary.org/obo/GO_0080177
GO:0080178,BP,5-carbamoylmethyl uridine residue modification,http://purl.obolibrary.org/obo/GO_0080178
GO:0080179,BP,1-methylguanosine metabolic process,http://purl.obolibrary.org/obo/GO_0080179
GO:0080180,BP,2-methylguanosine metabolic process,http://purl.obolibrary.org/obo/GO_0080180
GO:0080181,BP,lateral root branching,http://purl.obolibrary.org/obo/GO_0080181
GO:0080183,BP,response to photooxidative stress,http://purl.obolibrary.org/obo/GO_0080183
GO:0080184,BP,response to phenylpropanoid,http://purl.obolibrary.org/obo/GO_0080184
GO:0080186,BP,developmental vegetative growth,http://purl.obolibrary.org/obo/GO_0080186
GO:0080187,BP,floral organ senescence,http://purl.obolibrary.org/obo/GO_0080187
GO:0080188,BP,gene silencing by RNA-directed DNA methylation,http://purl.obolibrary.org/obo/GO_0080188
GO:0080190,BP,lateral growth,http://purl.obolibrary.org/obo/GO_0080190
GO:0080191,BP,secondary thickening,http://purl.obolibrary.org/obo/GO_0080191
GO:0085035,CC,haustorium,http://purl.obolibrary.org/obo/GO_0085035
GO:0085042,CC,periarbuscular membrane,http://purl.obolibrary.org/obo/GO_0085042
GO:0089701,CC,U2AF complex,http://purl.obolibrary.org/obo/GO_0089701
GO:0089702,MF,undecaprenyl-phosphate glucose phosphotransferase activity,http://purl.obolibrary.org/obo/GO_0089702
GO:0089709,BP,L-histidine transmembrane transport,http://purl.obolibrary.org/obo/GO_0089709
GO:0089718,BP,amino acid import across plasma membrane,http://purl.obolibrary.org/obo/GO_0089718
GO:0089721,MF,phosphoenolpyruvate transmembrane transporter activity,http://purl.obolibrary.org/obo/GO_0089721
GO:0089722,BP,phosphoenolpyruvate transmembrane transport,http://purl.obolibrary.org/obo/GO_0089722
GO:0090030,BP,regulation of steroid hormone biosynthetic process,http://purl.obolibrary.org/obo/GO_0090030
GO:0090032,BP,negative regulation of steroid hormone biosynthetic process,http://purl.obolibrary.org/obo/GO_0090032
GO:0090042,BP,tubulin deacetylation,http://purl.obolibrary.org/obo/GO_0090042
GO:0090056,BP,regulation of chlorophyll metabolic process,http://purl.obolibrary.org/obo/GO_0090056
GO:0090057,BP,root radial pattern formation,http://purl.obolibrary.org/obo/GO_0090057
GO:0090058,BP,metaxylem development,http://purl.obolibrary.org/obo/GO_0090058
GO:0090059,BP,protoxylem development,http://purl.obolibrary.org/obo/GO_0090059
GO:0090063,BP,positive regulation of microtubule nucleation,http://purl.obolibrary.org/obo/GO_0090063
GO:0090066,BP,regulation of anatomical structure size,http://purl.obolibrary.org/obo/GO_0090066
GO:0090068,BP,positive regulation of cell cycle process,http://purl.obolibrary.org/obo/GO_0090068
GO:0090069,BP,regulation of ribosome biogenesis,http://purl.obolibrary.org/obo/GO_0090069
GO:0090070,BP,positive regulation of ribosome biogenesis,http://purl.obolibrary.org/obo/GO_0090070
GO:0090071,BP,negative regulation of ribosome biogenesis,http://purl.obolibrary.org/obo/GO_0090071
GO:0090079,MF,"translation regulator activity, nucleic acid binding",http://purl.obolibrary.org/obo/GO_0090079
GO:0090085,BP,regulation of protein deubiquitination,http://purl.obolibrary.org/obo/GO_0090085
GO:0090086,BP,negative regulation of protein deubiquitination,http://purl.obolibrary.org/obo/GO_0090086
GO:0090110,BP,COPII-coated vesicle cargo loading,http://purl.obolibrary.org/obo/GO_0090110
GO:0090114,BP,COPII-coated vesicle budding,http://purl.obolibrary.org/obo/GO_0090114
GO:0090130,BP,tissue migration,http://purl.obolibrary.org/obo/GO_0090130
GO:0090131,BP,mesenchyme migration,http://purl.obolibrary.org/obo/GO_0090131
GO:0090143,BP,nucleoid organization,http://purl.obolibrary.org/obo/GO_0090143
GO:0090148,BP,membrane fission,http://purl.obolibrary.org/obo/GO_0090148
GO:0090150,BP,establishment of protein localization to membrane,http://purl.obolibrary.org/obo/GO_0090150
GO:0090151,BP,establishment of protein localization to mitochondrial membrane,http://purl.obolibrary.org/obo/GO_0090151
GO:0090153,BP,regulation of sphingolipid biosynthetic process,http://purl.obolibrary.org/obo/GO_0090153
GO:0090156,BP,cellular sphingolipid homeostasis,http://purl.obolibrary.org/obo/GO_0090156
GO:0090158,BP,endoplasmic reticulum membrane organization,http://purl.obolibrary.org/obo/GO_0090158
GO:0090160,BP,Golgi to lysosome transport,http://purl.obolibrary.org/obo/GO_0090160
GO:0090173,BP,regulation of synaptonemal complex assembly,http://purl.obolibrary.org/obo/GO_0090173
GO:0090174,BP,organelle membrane fusion,http://purl.obolibrary.org/obo/GO_0090174
GO:0090207,BP,regulation of triglyceride metabolic process,http://purl.obolibrary.org/obo/GO_0090207
GO:0090213,BP,regulation of radial pattern formation,http://purl.obolibrary.org/obo/GO_0090213
GO:0090220,BP,chromosome localization to nuclear envelope involved in homologous chromosome segregation,http://purl.obolibrary.org/obo/GO_0090220
GO:0090224,BP,regulation of spindle organization,http://purl.obolibrary.org/obo/GO_0090224
GO:0090227,BP,regulation of red or far-red light signaling pathway,http://purl.obolibrary.org/obo/GO_0090227
GO:0090228,BP,positive regulation of red or far-red light signaling pathway,http://purl.obolibrary.org/obo/GO_0090228
GO:0090229,BP,negative regulation of red or far-red light signaling pathway,http://purl.obolibrary.org/obo/GO_0090229
GO:0090279,BP,regulation of calcium ion import,http://purl.obolibrary.org/obo/GO_0090279
GO:0090304,BP,nucleic acid metabolic process,http://purl.obolibrary.org/obo/GO_0090304
GO:0090306,BP,meiotic spindle assembly,http://purl.obolibrary.org/obo/GO_0090306
GO:0090307,BP,mitotic spindle assembly,http://purl.obolibrary.org/obo/GO_0090307
GO:0090308,BP,regulation of DNA methylation-dependent heterochromatin assembly,http://purl.obolibrary.org/obo/GO_0090308
GO:0090310,BP,negative regulation of DNA methylation-dependent heterochromatin assembly,http://purl.obolibrary.org/obo/GO_0090310
GO:0090313,BP,regulation of protein targeting to membrane,http://purl.obolibrary.org/obo/GO_0090313
GO:0090316,BP,positive regulation of intracellular protein transport,http://purl.obolibrary.org/obo/GO_0090316
GO:0090322,BP,regulation of superoxide metabolic process,http://purl.obolibrary.org/obo/GO_0090322
GO:0090329,BP,regulation of DNA-dependent DNA replication,http://purl.obolibrary.org/obo/GO_0090329
GO:0090332,BP,stomatal closure,http://purl.obolibrary.org/obo/GO_0090332
GO:0090333,BP,regulation of stomatal closure,http://purl.obolibrary.org/obo/GO_0090333
GO:0090351,BP,seedling development,http://purl.obolibrary.org/obo/GO_0090351
GO:0090352,BP,regulation of nitrate assimilation,http://purl.obolibrary.org/obo/GO_0090352
GO:0090353,MF,polygalacturonase inhibitor activity,http://purl.obolibrary.org/obo/GO_0090353
GO:0090354,BP,regulation of auxin metabolic process,http://purl.obolibrary.org/obo/GO_0090354
GO:0090355,BP,positive regulation of auxin metabolic process,http://purl.obolibrary.org/obo/GO_0090355
GO:0090356,BP,negative regulation of auxin metabolic process,http://purl.obolibrary.org/obo/GO_0090356
GO:0090357,BP,regulation of tryptophan metabolic process,http://purl.obolibrary.org/obo/GO_0090357
GO:0090358,BP,positive regulation of tryptophan metabolic process,http://purl.obolibrary.org/obo/GO_0090358
GO:0090359,BP,negative regulation of abscisic acid biosynthetic process,http://purl.obolibrary.org/obo/GO_0090359
GO:0090368,BP,regulation of ornithine metabolic process,http://purl.obolibrary.org/obo/GO_0090368
GO:0090374,BP,oligopeptide export from mitochondrion,http://purl.obolibrary.org/obo/GO_0090374
GO:0090376,BP,seed trichome differentiation,http://purl.obolibrary.org/obo/GO_0090376
GO:0090377,BP,seed trichome initiation,http://purl.obolibrary.org/obo/GO_0090377
GO:0090378,BP,seed trichome elongation,http://purl.obolibrary.org/obo/GO_0090378
GO:0090379,BP,secondary cell wall biogenesis involved in seed trichome differentiation,http://purl.obolibrary.org/obo/GO_0090379
GO:0090391,BP,granum assembly,http://purl.obolibrary.org/obo/GO_0090391
GO:0090392,BP,sepal giant cell differentiation,http://purl.obolibrary.org/obo/GO_0090392
GO:0090393,BP,sepal giant cell development,http://purl.obolibrary.org/obo/GO_0090393
GO:0090395,CC,plant cell papilla,http://purl.obolibrary.org/obo/GO_0090395
GO:0090397,CC,stigma papilla,http://purl.obolibrary.org/obo/GO_0090397
GO:0090398,BP,cellular senescence,http://purl.obolibrary.org/obo/GO_0090398
GO:0090400,BP,stress-induced premature senescence,http://purl.obolibrary.org/obo/GO_0090400
GO:0090404,CC,pollen tube tip,http://purl.obolibrary.org/obo/GO_0090404
GO:0090406,CC,pollen tube,http://purl.obolibrary.org/obo/GO_0090406
GO:0090407,BP,organophosphate biosynthetic process,http://purl.obolibrary.org/obo/GO_0090407
GO:0090408,BP,phloem nitrate loading,http://purl.obolibrary.org/obo/GO_0090408
GO:0090409,MF,malonyl-CoA synthetase activity,http://purl.obolibrary.org/obo/GO_0090409
GO:0090410,BP,malonate catabolic process,http://purl.obolibrary.org/obo/GO_0090410
GO:0090414,BP,molybdate ion export from vacuole,http://purl.obolibrary.org/obo/GO_0090414
GO:0090415,MF,7-hydroxymethyl chlorophyll a reductase activity,http://purl.obolibrary.org/obo/GO_0090415
GO:0090416,MF,nicotinate transmembrane transporter activity,http://purl.obolibrary.org/obo/GO_0090416
GO:0090417,MF,N-methylnicotinate transmembrane transporter activity,http://purl.obolibrary.org/obo/GO_0090417
GO:0090421,BP,embryonic meristem initiation,http://purl.obolibrary.org/obo/GO_0090421
GO:0090422,MF,thiamine pyrophosphate transmembrane transporter activity,http://purl.obolibrary.org/obo/GO_0090422
GO:0090428,BP,perianth development,http://purl.obolibrary.org/obo/GO_0090428
GO:0090430,MF,caffeoyl-CoA: alcohol caffeoyl transferase activity,http://purl.obolibrary.org/obo/GO_0090430
GO:0090431,BP,alkyl caffeate ester biosynthetic process,http://purl.obolibrary.org/obo/GO_0090431
GO:0090435,BP,protein localization to nuclear envelope,http://purl.obolibrary.org/obo/GO_0090435
GO:0090436,BP,leaf pavement cell development,http://purl.obolibrary.org/obo/GO_0090436
GO:0090437,BP,socket cell differentiation,http://purl.obolibrary.org/obo/GO_0090437
GO:0090438,MF,camelliol C synthase activity,http://purl.obolibrary.org/obo/GO_0090438
GO:0090439,MF,tetraketide alpha-pyrone synthase activity,http://purl.obolibrary.org/obo/GO_0090439
GO:0090440,MF,abscisic acid transmembrane transporter activity,http://purl.obolibrary.org/obo/GO_0090440
GO:0090447,MF,glycerol-3-phosphate 2-O-acyltransferase activity,http://purl.obolibrary.org/obo/GO_0090447
GO:0090448,MF,glucosinolate:proton symporter activity,http://purl.obolibrary.org/obo/GO_0090448
GO:0090449,BP,phloem glucosinolate loading,http://purl.obolibrary.org/obo/GO_0090449
GO:0090451,BP,cotyledon boundary formation,http://purl.obolibrary.org/obo/GO_0090451
GO:0090452,BP,lithium ion transmembrane transport,http://purl.obolibrary.org/obo/GO_0090452
GO:0090465,BP,arginine homeostasis,http://purl.obolibrary.org/obo/GO_0090465
GO:0090470,BP,shoot organ boundary specification,http://purl.obolibrary.org/obo/GO_0090470
GO:0090471,MF,"9,15,9'-tri-cis-zeta-carotene isomerase activity",http://purl.obolibrary.org/obo/GO_0090471
GO:0090480,BP,purine nucleotide-sugar transmembrane transport,http://purl.obolibrary.org/obo/GO_0090480
GO:0090481,BP,pyrimidine nucleotide-sugar transmembrane transport,http://purl.obolibrary.org/obo/GO_0090481
GO:0090482,MF,vitamin transmembrane transporter activity,http://purl.obolibrary.org/obo/GO_0090482
GO:0090506,BP,axillary shoot meristem initiation,http://purl.obolibrary.org/obo/GO_0090506
GO:0090520,BP,sphingolipid mediated signaling pathway,http://purl.obolibrary.org/obo/GO_0090520
GO:0090533,CC,cation-transporting ATPase complex,http://purl.obolibrary.org/obo/GO_0090533
GO:0090545,CC,CHD-type complex,http://purl.obolibrary.org/obo/GO_0090545
GO:0090547,BP,response to low humidity,http://purl.obolibrary.org/obo/GO_0090547
GO:0090548,BP,response to nitrate starvation,http://purl.obolibrary.org/obo/GO_0090548
GO:0090549,BP,response to carbon starvation,http://purl.obolibrary.org/obo/GO_0090549
GO:0090554,MF,phosphatidylcholine floppase activity,http://purl.obolibrary.org/obo/GO_0090554
GO:0090558,BP,plant epidermis development,http://purl.obolibrary.org/obo/GO_0090558
GO:0090559,BP,regulation of membrane permeability,http://purl.obolibrary.org/obo/GO_0090559
GO:0090567,BP,reproductive shoot system development,http://purl.obolibrary.org/obo/GO_0090567
GO:0090571,CC,RNA polymerase II transcription repressor complex,http://purl.obolibrary.org/obo/GO_0090571
GO:0090575,CC,RNA polymerase II transcription regulator complex,http://purl.obolibrary.org/obo/GO_0090575
GO:0090576,CC,RNA polymerase III transcription regulator complex,http://purl.obolibrary.org/obo/GO_0090576
GO:0090577,CC,RNA polymerase IV transcription regulator complex,http://purl.obolibrary.org/obo/GO_0090577
GO:0090599,MF,alpha-glucosidase activity,http://purl.obolibrary.org/obo/GO_0090599
GO:0090600,MF,"alpha-1,3-glucosidase activity",http://purl.obolibrary.org/obo/GO_0090600
GO:0090601,BP,enucleation,http://purl.obolibrary.org/obo/GO_0090601
GO:0090602,BP,sieve element enucleation,http://purl.obolibrary.org/obo/GO_0090602
GO:0090603,BP,sieve element differentiation,http://purl.obolibrary.org/obo/GO_0090603
GO:0090605,BP,submerged biofilm formation,http://purl.obolibrary.org/obo/GO_0090605
GO:0090609,BP,single-species submerged biofilm formation,http://purl.obolibrary.org/obo/GO_0090609
GO:0090610,BP,bundle sheath cell fate specification,http://purl.obolibrary.org/obo/GO_0090610
GO:0090615,BP,mitochondrial mRNA processing,http://purl.obolibrary.org/obo/GO_0090615
GO:0090617,BP,mitochondrial mRNA 5'-end processing,http://purl.obolibrary.org/obo/GO_0090617
GO:0090625,BP,mRNA cleavage involved in gene silencing by siRNA,http://purl.obolibrary.org/obo/GO_0090625
GO:0090626,BP,plant epidermis morphogenesis,http://purl.obolibrary.org/obo/GO_0090626
GO:0090627,BP,plant epidermal cell differentiation,http://purl.obolibrary.org/obo/GO_0090627
GO:0090628,BP,plant epidermal cell fate specification,http://purl.obolibrary.org/obo/GO_0090628
GO:0090630,BP,activation of GTPase activity,http://purl.obolibrary.org/obo/GO_0090630
GO:0090644,BP,age-related resistance,http://purl.obolibrary.org/obo/GO_0090644
GO:0090646,BP,mitochondrial tRNA processing,http://purl.obolibrary.org/obo/GO_0090646
GO:0090656,BP,t-circle formation,http://purl.obolibrary.org/obo/GO_0090656
GO:0090657,BP,telomeric loop disassembly,http://purl.obolibrary.org/obo/GO_0090657
GO:0090677,BP,reversible differentiation,http://purl.obolibrary.org/obo/GO_0090677
GO:0090691,BP,formation of plant organ boundary,http://purl.obolibrary.org/obo/GO_0090691
GO:0090693,BP,plant organ senescence,http://purl.obolibrary.org/obo/GO_0090693
GO:0090694,CC,Scc2-Scc4 cohesin loading complex,http://purl.obolibrary.org/obo/GO_0090694
GO:0090696,BP,post-embryonic plant organ development,http://purl.obolibrary.org/obo/GO_0090696
GO:0090697,BP,post-embryonic plant organ morphogenesis,http://purl.obolibrary.org/obo/GO_0090697
GO:0090698,BP,post-embryonic plant morphogenesis,http://purl.obolibrary.org/obo/GO_0090698
GO:0090700,BP,maintenance of plant organ identity,http://purl.obolibrary.org/obo/GO_0090700
GO:0090701,BP,specification of plant organ identity,http://purl.obolibrary.org/obo/GO_0090701
GO:0090704,MF,nicotinate-O-glucosyltransferase activity,http://purl.obolibrary.org/obo/GO_0090704
GO:0090706,BP,specification of plant organ position,http://purl.obolibrary.org/obo/GO_0090706
GO:0090707,BP,establishment of plant organ orientation,http://purl.obolibrary.org/obo/GO_0090707
GO:0090708,BP,specification of plant organ axis polarity,http://purl.obolibrary.org/obo/GO_0090708
GO:0090709,BP,regulation of timing of plant organ formation,http://purl.obolibrary.org/obo/GO_0090709
GO:0090711,MF,FMN hydrolase activity,http://purl.obolibrary.org/obo/GO_0090711
GO:0090729,MF,toxin activity,http://purl.obolibrary.org/obo/GO_0090729
GO:0090734,CC,site of DNA damage,http://purl.obolibrary.org/obo/GO_0090734
GO:0090735,BP,DNA repair complex assembly,http://purl.obolibrary.org/obo/GO_0090735
GO:0090737,BP,telomere maintenance via telomere trimming,http://purl.obolibrary.org/obo/GO_0090737
GO:0097001,MF,ceramide binding,http://purl.obolibrary.org/obo/GO_0097001
GO:0097007,MF,"4,8,12-trimethyltrideca-1,3,7,11-tetraene synthase activity",http://purl.obolibrary.org/obo/GO_0097007
GO:0097008,MF,"(3E)-4,8-dimethyl-1,3,7-nonatriene synthase activity",http://purl.obolibrary.org/obo/GO_0097008
GO:0097009,BP,energy homeostasis,http://purl.obolibrary.org/obo/GO_0097009
GO:0097014,CC,ciliary plasm,http://purl.obolibrary.org/obo/GO_0097014
GO:0097020,MF,COPII receptor activity,http://purl.obolibrary.org/obo/GO_0097020
GO:0097027,MF,ubiquitin-protein transferase activator activity,http://purl.obolibrary.org/obo/GO_0097027
GO:0097035,BP,regulation of membrane lipid distribution,http://purl.obolibrary.org/obo/GO_0097035
GO:0097036,BP,regulation of plasma membrane sterol distribution,http://purl.obolibrary.org/obo/GO_0097036
GO:0097038,CC,perinuclear endoplasmic reticulum,http://purl.obolibrary.org/obo/GO_0097038
GO:0097052,BP,L-kynurenine metabolic process,http://purl.obolibrary.org/obo/GO_0097052
GO:0097054,BP,L-glutamate biosynthetic process,http://purl.obolibrary.org/obo/GO_0097054
GO:0097063,MF,cadmium ion sensor activity,http://purl.obolibrary.org/obo/GO_0097063
GO:0097100,MF,supercoiled DNA binding,http://purl.obolibrary.org/obo/GO_0097100
GO:0097157,MF,pre-mRNA intronic binding,http://purl.obolibrary.org/obo/GO_0097157
GO:0097159,MF,organic cyclic compound binding,http://purl.obolibrary.org/obo/GO_0097159
GO:0097164,BP,ammonium ion metabolic process,http://purl.obolibrary.org/obo/GO_0097164
GO:0097167,BP,circadian regulation of translation,http://purl.obolibrary.org/obo/GO_0097167
GO:0097177,MF,mitochondrial ribosome binding,http://purl.obolibrary.org/obo/GO_0097177
GO:0097190,BP,apoptotic signaling pathway,http://purl.obolibrary.org/obo/GO_0097190
GO:0097194,BP,execution phase of apoptosis,http://purl.obolibrary.org/obo/GO_0097194
GO:0097196,CC,Shu complex,http://purl.obolibrary.org/obo/GO_0097196
GO:0097207,BP,bud dormancy process,http://purl.obolibrary.org/obo/GO_0097207
GO:0097218,CC,sieve plate,http://purl.obolibrary.org/obo/GO_0097218
GO:0097222,BP,mitochondrial mRNA polyadenylation,http://purl.obolibrary.org/obo/GO_0097222
GO:0097237,BP,cellular response to toxic substance,http://purl.obolibrary.org/obo/GO_0097237
GO:0097238,BP,cellular response to methylglyoxal,http://purl.obolibrary.org/obo/GO_0097238
GO:0097240,BP,chromosome attachment to the nuclear envelope,http://purl.obolibrary.org/obo/GO_0097240
GO:0097243,MF,flavonoid binding,http://purl.obolibrary.org/obo/GO_0097243
GO:0097250,BP,mitochondrial respirasome assembly,http://purl.obolibrary.org/obo/GO_0097250
GO:0097255,CC,R2TP complex,http://purl.obolibrary.org/obo/GO_0097255
GO:0097264,BP,self proteolysis,http://purl.obolibrary.org/obo/GO_0097264
GO:0097267,BP,omega-hydroxylase P450 pathway,http://purl.obolibrary.org/obo/GO_0097267
GO:0097268,CC,cytoophidium,http://purl.obolibrary.org/obo/GO_0097268
GO:0097272,BP,ammonium homeostasis,http://purl.obolibrary.org/obo/GO_0097272
GO:0097275,BP,cellular ammonium homeostasis,http://purl.obolibrary.org/obo/GO_0097275
GO:0097292,BP,XMP metabolic process,http://purl.obolibrary.org/obo/GO_0097292
GO:0097293,BP,XMP biosynthetic process,http://purl.obolibrary.org/obo/GO_0097293
GO:0097295,BP,morphine biosynthetic process,http://purl.obolibrary.org/obo/GO_0097295
GO:0097298,BP,regulation of nucleus size,http://purl.obolibrary.org/obo/GO_0097298
GO:0097305,BP,response to alcohol,http://purl.obolibrary.org/obo/GO_0097305
GO:0097306,BP,cellular response to alcohol,http://purl.obolibrary.org/obo/GO_0097306
GO:0097320,BP,plasma membrane tubulation,http://purl.obolibrary.org/obo/GO_0097320
GO:0097339,BP,glycolate transmembrane transport,http://purl.obolibrary.org/obo/GO_0097339
GO:0097346,CC,INO80-type complex,http://purl.obolibrary.org/obo/GO_0097346
GO:0097352,BP,autophagosome maturation,http://purl.obolibrary.org/obo/GO_0097352
GO:0097353,BP,centrolateral pattern formation,http://purl.obolibrary.org/obo/GO_0097353
GO:0097354,BP,prenylation,http://purl.obolibrary.org/obo/GO_0097354
GO:0097355,BP,protein localization to heterochromatin,http://purl.obolibrary.org/obo/GO_0097355
GO:0097359,BP,UDP-glucosylation,http://purl.obolibrary.org/obo/GO_0097359
GO:0097361,CC,CIA complex,http://purl.obolibrary.org/obo/GO_0097361
GO:0097363,MF,protein O-GlcNAc transferase activity,http://purl.obolibrary.org/obo/GO_0097363
GO:0097367,MF,carbohydrate derivative binding,http://purl.obolibrary.org/obo/GO_0097367
GO:0097422,CC,tubular endosome,http://purl.obolibrary.org/obo/GO_0097422
GO:0097427,CC,microtubule bundle,http://purl.obolibrary.org/obo/GO_0097427
GO:0097428,BP,protein maturation by iron-sulfur cluster transfer,http://purl.obolibrary.org/obo/GO_0097428
GO:0097431,CC,mitotic spindle pole,http://purl.obolibrary.org/obo/GO_0097431
GO:0097435,BP,supramolecular fiber organization,http://purl.obolibrary.org/obo/GO_0097435
GO:0097437,BP,maintenance of dormancy,http://purl.obolibrary.org/obo/GO_0097437
GO:0097438,BP,exit from dormancy,http://purl.obolibrary.org/obo/GO_0097438
GO:0097439,BP,acquisition of desiccation tolerance,http://purl.obolibrary.org/obo/GO_0097439
GO:0097468,BP,programmed cell death in response to reactive oxygen species,http://purl.obolibrary.org/obo/GO_0097468
GO:0097472,MF,cyclin-dependent protein kinase activity,http://purl.obolibrary.org/obo/GO_0097472
GO:0097501,BP,stress response to metal ion,http://purl.obolibrary.org/obo/GO_0097501
GO:0097502,BP,mannosylation,http://purl.obolibrary.org/obo/GO_0097502
GO:0097505,CC,Rad6-Rad18 complex,http://purl.obolibrary.org/obo/GO_0097505
GO:0097506,MF,deaminated base DNA N-glycosylase activity,http://purl.obolibrary.org/obo/GO_0097506
GO:0097510,BP,"base-excision repair, AP site formation via deaminated base removal",http://purl.obolibrary.org/obo/GO_0097510
GO:0097525,CC,spliceosomal snRNP complex,http://purl.obolibrary.org/obo/GO_0097525
GO:0097526,CC,spliceosomal tri-snRNP complex,http://purl.obolibrary.org/obo/GO_0097526
GO:0097540,CC,axonemal central pair,http://purl.obolibrary.org/obo/GO_0097540
GO:0097542,CC,ciliary tip,http://purl.obolibrary.org/obo/GO_0097542
GO:0097543,CC,ciliary inversin compartment,http://purl.obolibrary.org/obo/GO_0097543
GO:0097545,CC,axonemal outer doublet,http://purl.obolibrary.org/obo/GO_0097545
GO:0097546,CC,ciliary base,http://purl.obolibrary.org/obo/GO_0097546
GO:0097548,BP,seed abscission,http://purl.obolibrary.org/obo/GO_0097548
GO:0097550,CC,transcription preinitiation complex,http://purl.obolibrary.org/obo/GO_0097550
GO:0097551,BP,mitochondrial double-strand break repair,http://purl.obolibrary.org/obo/GO_0097551
GO:0097552,BP,mitochondrial double-strand break repair via homologous recombination,http://purl.obolibrary.org/obo/GO_0097552
GO:0097553,BP,calcium ion transmembrane import into cytosol,http://purl.obolibrary.org/obo/GO_0097553
GO:0097576,BP,vacuole fusion,http://purl.obolibrary.org/obo/GO_0097576
GO:0097577,BP,sequestering of iron ion,http://purl.obolibrary.org/obo/GO_0097577
GO:0097581,BP,lamellipodium organization,http://purl.obolibrary.org/obo/GO_0097581
GO:0097588,BP,archaeal or bacterial-type flagellum-dependent cell motility,http://purl.obolibrary.org/obo/GO_0097588
GO:0097599,MF,xylanase activity,http://purl.obolibrary.org/obo/GO_0097599
GO:0097602,MF,cullin family protein binding,http://purl.obolibrary.org/obo/GO_0097602
GO:0097623,BP,potassium ion export across plasma membrane,http://purl.obolibrary.org/obo/GO_0097623
GO:0097655,MF,serpin family protein binding,http://purl.obolibrary.org/obo/GO_0097655
GO:0097680,BP,double-strand break repair via classical nonhomologous end joining,http://purl.obolibrary.org/obo/GO_0097680
GO:0097696,BP,receptor signaling pathway via STAT,http://purl.obolibrary.org/obo/GO_0097696
GO:0097708,CC,intracellular vesicle,http://purl.obolibrary.org/obo/GO_0097708
GO:0097712,BP,"vesicle targeting, trans-Golgi to periciliary membrane compartment",http://purl.obolibrary.org/obo/GO_0097712
GO:0097718,MF,disordered domain specific binding,http://purl.obolibrary.org/obo/GO_0097718
GO:0097720,BP,calcineurin-mediated signaling,http://purl.obolibrary.org/obo/GO_0097720
GO:0097729,CC,9+2 motile cilium,http://purl.obolibrary.org/obo/GO_0097729
GO:0097730,CC,non-motile cilium,http://purl.obolibrary.org/obo/GO_0097730
GO:0097734,BP,extracellular exosome biogenesis,http://purl.obolibrary.org/obo/GO_0097734
GO:0097747,MF,RNA polymerase activity,http://purl.obolibrary.org/obo/GO_0097747
GO:0097753,BP,membrane bending,http://purl.obolibrary.org/obo/GO_0097753
GO:0098505,MF,G-rich strand telomeric DNA binding,http://purl.obolibrary.org/obo/GO_0098505
GO:0098531,MF,ligand-activated transcription factor activity,http://purl.obolibrary.org/obo/GO_0098531
GO:0098533,CC,ATPase dependent transmembrane transport complex,http://purl.obolibrary.org/obo/GO_0098533
GO:0098542,BP,defense response to other organism,http://purl.obolibrary.org/obo/GO_0098542
GO:0098543,BP,detection of other organism,http://purl.obolibrary.org/obo/GO_0098543
GO:0098552,CC,side of membrane,http://purl.obolibrary.org/obo/GO_0098552
GO:0098553,CC,lumenal side of endoplasmic reticulum membrane,http://purl.obolibrary.org/obo/GO_0098553
GO:0098554,CC,cytoplasmic side of endoplasmic reticulum membrane,http://purl.obolibrary.org/obo/GO_0098554
GO:0098562,CC,cytoplasmic side of membrane,http://purl.obolibrary.org/obo/GO_0098562
GO:0098572,CC,stromal side of plastid thylakoid membrane,http://purl.obolibrary.org/obo/GO_0098572
GO:0098576,CC,lumenal side of membrane,http://purl.obolibrary.org/obo/GO_0098576
GO:0098581,BP,detection of external biotic stimulus,http://purl.obolibrary.org/obo/GO_0098581
GO:0098586,BP,cellular response to virus,http://purl.obolibrary.org/obo/GO_0098586
GO:0098588,CC,bounding membrane of organelle,http://purl.obolibrary.org/obo/GO_0098588
GO:0098590,CC,plasma membrane region,http://purl.obolibrary.org/obo/GO_0098590
GO:0098599,MF,palmitoyl hydrolase activity,http://purl.obolibrary.org/obo/GO_0098599
GO:0098609,BP,cell-cell adhesion,http://purl.obolibrary.org/obo/GO_0098609
GO:0098629,BP,trans-Golgi network membrane organization,http://purl.obolibrary.org/obo/GO_0098629
GO:0098630,BP,aggregation of unicellular organisms,http://purl.obolibrary.org/obo/GO_0098630
GO:0098653,BP,centromere clustering,http://purl.obolibrary.org/obo/GO_0098653
GO:0098655,BP,cation transmembrane transport,http://purl.obolibrary.org/obo/GO_0098655
GO:0098656,BP,anion transmembrane transport,http://purl.obolibrary.org/obo/GO_0098656
GO:0098657,BP,import into cell,http://purl.obolibrary.org/obo/GO_0098657
GO:0098658,BP,inorganic anion import across plasma membrane,http://purl.obolibrary.org/obo/GO_0098658
GO:0098659,BP,inorganic cation import across plasma membrane,http://purl.obolibrary.org/obo/GO_0098659
GO:0098660,BP,inorganic ion transmembrane transport,http://purl.obolibrary.org/obo/GO_0098660
GO:0098661,BP,inorganic anion transmembrane transport,http://purl.obolibrary.org/obo/GO_0098661
GO:0098662,BP,inorganic cation transmembrane transport,http://purl.obolibrary.org/obo/GO_0098662
GO:0098676,BP,modulation of host virulence by virus,http://purl.obolibrary.org/obo/GO_0098676
GO:0098687,CC,chromosomal region,http://purl.obolibrary.org/obo/GO_0098687
GO:0098702,BP,adenine import across plasma membrane,http://purl.obolibrary.org/obo/GO_0098702
GO:0098703,BP,calcium ion import across plasma membrane,http://purl.obolibrary.org/obo/GO_0098703
GO:0098704,BP,carbohydrate import across plasma membrane,http://purl.obolibrary.org/obo/GO_0098704
GO:0098705,BP,copper ion import across plasma membrane,http://purl.obolibrary.org/obo/GO_0098705
GO:0098710,BP,guanine import across plasma membrane,http://purl.obolibrary.org/obo/GO_0098710
GO:0098711,BP,iron ion import across plasma membrane,http://purl.obolibrary.org/obo/GO_0098711
GO:0098712,BP,L-glutamate import across plasma membrane,http://purl.obolibrary.org/obo/GO_0098712
GO:0098717,BP,pantothenate import across plasma membrane,http://purl.obolibrary.org/obo/GO_0098717
GO:0098719,BP,sodium ion import across plasma membrane,http://purl.obolibrary.org/obo/GO_0098719
GO:0098721,BP,uracil import across plasma membrane,http://purl.obolibrary.org/obo/GO_0098721
GO:0098725,BP,symmetric cell division,http://purl.obolibrary.org/obo/GO_0098725
GO:0098727,BP,maintenance of cell number,http://purl.obolibrary.org/obo/GO_0098727
GO:0098732,BP,macromolecule deacylation,http://purl.obolibrary.org/obo/GO_0098732
GO:0098734,BP,macromolecule depalmitoylation,http://purl.obolibrary.org/obo/GO_0098734
GO:0098739,BP,import across plasma membrane,http://purl.obolibrary.org/obo/GO_0098739
GO:0098742,BP,cell-cell adhesion via plasma-membrane adhesion molecules,http://purl.obolibrary.org/obo/GO_0098742
GO:0098743,BP,cell aggregation,http://purl.obolibrary.org/obo/GO_0098743
GO:0098754,BP,detoxification,http://purl.obolibrary.org/obo/GO_0098754
GO:0098755,BP,maintenance of seed dormancy by absisic acid,http://purl.obolibrary.org/obo/GO_0098755
GO:0098771,BP,inorganic ion homeostasis,http://purl.obolibrary.org/obo/GO_0098771
GO:0098772,MF,molecular function regulator,http://purl.obolibrary.org/obo/GO_0098772
GO:0098791,CC,Golgi apparatus subcompartment,http://purl.obolibrary.org/obo/GO_0098791
GO:0098793,CC,presynapse,http://purl.obolibrary.org/obo/GO_0098793
GO:0098796,CC,membrane protein complex,http://purl.obolibrary.org/obo/GO_0098796
GO:0098797,CC,plasma membrane protein complex,http://purl.obolibrary.org/obo/GO_0098797
GO:0098798,CC,mitochondrial protein-containing complex,http://purl.obolibrary.org/obo/GO_0098798
GO:0098799,CC,outer mitochondrial membrane protein complex,http://purl.obolibrary.org/obo/GO_0098799
GO:0098800,CC,inner mitochondrial membrane protein complex,http://purl.obolibrary.org/obo/GO_0098800
GO:0098803,CC,respiratory chain complex,http://purl.obolibrary.org/obo/GO_0098803
GO:0098807,CC,chloroplast thylakoid membrane protein complex,http://purl.obolibrary.org/obo/GO_0098807
GO:0098809,MF,nitrite reductase activity,http://purl.obolibrary.org/obo/GO_0098809
GO:0098813,BP,nuclear chromosome segregation,http://purl.obolibrary.org/obo/GO_0098813
GO:0098827,CC,endoplasmic reticulum subcompartment,http://purl.obolibrary.org/obo/GO_0098827
GO:0098838,BP,folate transmembrane transport,http://purl.obolibrary.org/obo/GO_0098838
GO:0098847,MF,sequence-specific single stranded DNA binding,http://purl.obolibrary.org/obo/GO_0098847
GO:0098849,BP,cellular detoxification of cadmium ion,http://purl.obolibrary.org/obo/GO_0098849
GO:0098852,CC,lytic vacuole membrane,http://purl.obolibrary.org/obo/GO_0098852
GO:0098855,CC,HCN channel complex,http://purl.obolibrary.org/obo/GO_0098855
GO:0098857,CC,membrane microdomain,http://purl.obolibrary.org/obo/GO_0098857
GO:0098858,CC,actin-based cell projection,http://purl.obolibrary.org/obo/GO_0098858
GO:0098869,BP,cellular oxidant detoxification,http://purl.obolibrary.org/obo/GO_0098869
GO:0098876,BP,vesicle-mediated transport to the plasma membrane,http://purl.obolibrary.org/obo/GO_0098876
GO:0098916,BP,anterograde trans-synaptic signaling,http://purl.obolibrary.org/obo/GO_0098916
GO:0098927,BP,vesicle-mediated transport between endosomal compartments,http://purl.obolibrary.org/obo/GO_0098927
GO:0098930,BP,axonal transport,http://purl.obolibrary.org/obo/GO_0098930
GO:0099003,BP,vesicle-mediated transport in synapse,http://purl.obolibrary.org/obo/GO_0099003
GO:0099023,CC,vesicle tethering complex,http://purl.obolibrary.org/obo/GO_0099023
GO:0099078,CC,BORC complex,http://purl.obolibrary.org/obo/GO_0099078
GO:0099080,CC,supramolecular complex,http://purl.obolibrary.org/obo/GO_0099080
GO:0099081,CC,supramolecular polymer,http://purl.obolibrary.org/obo/GO_0099081
GO:0099086,CC,synaptonemal structure,http://purl.obolibrary.org/obo/GO_0099086
GO:0099094,MF,ligand-gated cation channel activity,http://purl.obolibrary.org/obo/GO_0099094
GO:0099095,MF,ligand-gated anion channel activity,http://purl.obolibrary.org/obo/GO_0099095
GO:0099106,MF,ion channel regulator activity,http://purl.obolibrary.org/obo/GO_0099106
GO:0099111,BP,microtubule-based transport,http://purl.obolibrary.org/obo/GO_0099111
GO:0099116,BP,tRNA 5'-end processing,http://purl.obolibrary.org/obo/GO_0099116
GO:0099122,MF,RNA polymerase II C-terminal domain binding,http://purl.obolibrary.org/obo/GO_0099122
GO:0099177,BP,regulation of trans-synaptic signaling,http://purl.obolibrary.org/obo/GO_0099177
GO:0099402,BP,plant organ development,http://purl.obolibrary.org/obo/GO_0099402
GO:0099503,CC,secretory vesicle,http://purl.obolibrary.org/obo/GO_0099503
GO:0099504,BP,synaptic vesicle cycle,http://purl.obolibrary.org/obo/GO_0099504
GO:0099512,CC,supramolecular fiber,http://purl.obolibrary.org/obo/GO_0099512
GO:0099513,CC,polymeric cytoskeletal fiber,http://purl.obolibrary.org/obo/GO_0099513
GO:0099515,BP,actin filament-based transport,http://purl.obolibrary.org/obo/GO_0099515
GO:0099518,BP,vesicle cytoskeletal trafficking,http://purl.obolibrary.org/obo/GO_0099518
GO:0099536,BP,synaptic signaling,http://purl.obolibrary.org/obo/GO_0099536
GO:0099537,BP,trans-synaptic signaling,http://purl.obolibrary.org/obo/GO_0099537
GO:0099568,CC,cytoplasmic region,http://purl.obolibrary.org/obo/GO_0099568
GO:0099587,BP,inorganic ion import across plasma membrane,http://purl.obolibrary.org/obo/GO_0099587
GO:0099604,MF,ligand-gated calcium channel activity,http://purl.obolibrary.org/obo/GO_0099604
GO:0099636,BP,cytoplasmic streaming,http://purl.obolibrary.org/obo/GO_0099636
GO:0099638,BP,endosome to plasma membrane protein transport,http://purl.obolibrary.org/obo/GO_0099638
GO:0099643,BP,signal release from synapse,http://purl.obolibrary.org/obo/GO_0099643
GO:0101005,MF,deubiquitinase activity,http://purl.obolibrary.org/obo/GO_0101005
GO:0101006,MF,protein histidine phosphatase activity,http://purl.obolibrary.org/obo/GO_0101006
GO:0101016,MF,FMN-binding domain binding,http://purl.obolibrary.org/obo/GO_0101016
GO:0101030,BP,tRNA-guanine transglycosylation,http://purl.obolibrary.org/obo/GO_0101030
GO:0101031,CC,chaperone complex,http://purl.obolibrary.org/obo/GO_0101031
GO:0102043,MF,isopentenyl phosphate kinase activity,http://purl.obolibrary.org/obo/GO_0102043
GO:0102068,MF,alpha-humulene 10-hydroxylase activity,http://purl.obolibrary.org/obo/GO_0102068
GO:0102111,MF,"gibberellin A20,2-oxoglutarate:oxygen oxidoreductase activity",http://purl.obolibrary.org/obo/GO_0102111
GO:0102128,MF,chalcone synthase activity,http://purl.obolibrary.org/obo/GO_0102128
GO:0102145,MF,(3R)-(E)-nerolidol synthase activity,http://purl.obolibrary.org/obo/GO_0102145
GO:0102161,MF,copal-8-ol diphosphate synthase activity,http://purl.obolibrary.org/obo/GO_0102161
GO:0102299,MF,linolenate 9R-lipoxygenase activity,http://purl.obolibrary.org/obo/GO_0102299
GO:0102311,MF,8-hydroxygeraniol dehydrogenase activity,http://purl.obolibrary.org/obo/GO_0102311
GO:0102313,MF,"1,8-cineole synthase activity",http://purl.obolibrary.org/obo/GO_0102313
GO:0102358,MF,daphnetin-8-O-methyltransferase activity,http://purl.obolibrary.org/obo/GO_0102358
GO:0102431,MF,acyl-lipid omega-(9-4) desaturase,http://purl.obolibrary.org/obo/GO_0102431
GO:0102432,MF,quercetin 7-O-methyltransferase activity,http://purl.obolibrary.org/obo/GO_0102432
GO:0102435,MF,myricetin 7-O-methyltransferase activity,http://purl.obolibrary.org/obo/GO_0102435
GO:0102439,MF,"3',4',5'-trimethylmyricetin 7-O-methyltransferase activity",http://purl.obolibrary.org/obo/GO_0102439
GO:0102440,MF,"3',4',5'-trimethylmyricetin 3-O-methyltransferase activity",http://purl.obolibrary.org/obo/GO_0102440
GO:0102441,MF,syringetin 7-O-methyltransferase activity,http://purl.obolibrary.org/obo/GO_0102441
GO:0102447,MF,rhamnetin 3'-O-methyltransferase activity,http://purl.obolibrary.org/obo/GO_0102447
GO:0102448,MF,rhamnetin 4'-O-methyltransferase activity,http://purl.obolibrary.org/obo/GO_0102448
GO:0102449,MF,kaempferol 3-O-methyltransferase activity,http://purl.obolibrary.org/obo/GO_0102449
GO:0102450,MF,kaempferide 7-O-methyltransferase activity,http://purl.obolibrary.org/obo/GO_0102450
GO:0102454,MF,cyanidin 3-O-galactosyltransferase activity,http://purl.obolibrary.org/obo/GO_0102454
GO:0102546,MF,mannosylglycerate hydrolase activity,http://purl.obolibrary.org/obo/GO_0102546
GO:0102547,MF,glucosylglycerate hydrolase activity,http://purl.obolibrary.org/obo/GO_0102547
GO:0102597,MF,3alpha-hydroxy-ent-sandaracopimardiene 9-beta-monooxygenase activity,http://purl.obolibrary.org/obo/GO_0102597
GO:0102614,MF,germacrene A acid 8beta-hydroxylase activity,http://purl.obolibrary.org/obo/GO_0102614
GO:0102626,MF,parthenolide synthase activity,http://purl.obolibrary.org/obo/GO_0102626
GO:0102627,MF,parthenolide 3beta-hydroxylase activity,http://purl.obolibrary.org/obo/GO_0102627
GO:0102628,MF,costunolide 3beta-hydroxylase activity,http://purl.obolibrary.org/obo/GO_0102628
GO:0102632,MF,(S)-nandinine synthase activity,http://purl.obolibrary.org/obo/GO_0102632
GO:0102652,MF,"gibberellin A9,2-oxoglutarate:oxygen oxidoreductase activity",http://purl.obolibrary.org/obo/GO_0102652
GO:0102654,MF,1-18:1-2-16:0-phosphatidylglycerol trans-3 desaturase activity,http://purl.obolibrary.org/obo/GO_0102654
GO:0102672,MF,fatty acid alpha-oxygenase activity,http://purl.obolibrary.org/obo/GO_0102672
GO:0102698,MF,5-epi-aristolochene synthase activity,http://purl.obolibrary.org/obo/GO_0102698
GO:0102700,MF,alpha-thujene synthase activity,http://purl.obolibrary.org/obo/GO_0102700
GO:0102701,MF,tricyclene synthase activity,http://purl.obolibrary.org/obo/GO_0102701
GO:0102703,MF,camphene synthase activity,http://purl.obolibrary.org/obo/GO_0102703
GO:0102734,MF,brassinolide synthase activity,http://purl.obolibrary.org/obo/GO_0102734
GO:0102786,MF,stearoyl-[acp] desaturase activity,http://purl.obolibrary.org/obo/GO_0102786
GO:0102802,MF,thebaine 6-O-demethylase activity,http://purl.obolibrary.org/obo/GO_0102802
GO:0102805,MF,codeine O-demethylase activity,http://purl.obolibrary.org/obo/GO_0102805
GO:0102822,MF,quercetin 3'-O-methyltransferase activity,http://purl.obolibrary.org/obo/GO_0102822
GO:0102877,MF,alpha-copaene synthase activity,http://purl.obolibrary.org/obo/GO_0102877
GO:0102878,MF,(+)-alpha-barbatene synthase activity,http://purl.obolibrary.org/obo/GO_0102878
GO:0102879,MF,(+)-thujopsene synthase activity,http://purl.obolibrary.org/obo/GO_0102879
GO:0102889,MF,beta-elemene synthase activity,http://purl.obolibrary.org/obo/GO_0102889
GO:0102903,MF,gamma-terpinene synthase activity,http://purl.obolibrary.org/obo/GO_0102903
GO:0102905,MF,valencene synthase activity,http://purl.obolibrary.org/obo/GO_0102905
GO:0102910,MF,dirigent protein activity,http://purl.obolibrary.org/obo/GO_0102910
GO:0102911,MF,(-)-secoisolariciresinol dehydrogenase activity,http://purl.obolibrary.org/obo/GO_0102911
GO:0102913,MF,3-aminomethylindole N-methyltransferase activity,http://purl.obolibrary.org/obo/GO_0102913
GO:0102921,MF,mannosylglycerate synthase activity,http://purl.obolibrary.org/obo/GO_0102921
GO:0102922,MF,phenylpropanoyltransferase activity,http://purl.obolibrary.org/obo/GO_0102922
GO:0102924,MF,"gibberellin A44,2-oxoglutarate:oxygen oxidoreductase activity",http://purl.obolibrary.org/obo/GO_0102924
GO:0102934,MF,costunolide synthase activity,http://purl.obolibrary.org/obo/GO_0102934
GO:0103012,MF,ferredoxin-thioredoxin reductase activity,http://purl.obolibrary.org/obo/GO_0103012
GO:0103075,MF,indole-3-pyruvate monooxygenase activity,http://purl.obolibrary.org/obo/GO_0103075
GO:0103118,MF,UDP-3-O-(R-3-hydroxymyristoyl)-glucosamine N-acyltransferase activity,http://purl.obolibrary.org/obo/GO_0103118
GO:0104004,BP,cellular response to environmental stimulus,http://purl.obolibrary.org/obo/GO_0104004
GO:0106004,BP,tRNA (guanine-N7)-methylation,http://purl.obolibrary.org/obo/GO_0106004
GO:0106005,BP,RNA 5'-cap (guanine-N7)-methylation,http://purl.obolibrary.org/obo/GO_0106005
GO:0106017,MF,"phosphatidylinositol-3,4-bisphosphate phosphatase activity",http://purl.obolibrary.org/obo/GO_0106017
GO:0106018,MF,"phosphatidylinositol-3,5-bisphosphate phosphatase activity",http://purl.obolibrary.org/obo/GO_0106018
GO:0106019,MF,"phosphatidylinositol-4,5-bisphosphate phosphatase activity",http://purl.obolibrary.org/obo/GO_0106019
GO:0106035,BP,protein maturation by [4Fe-4S] cluster transfer,http://purl.obolibrary.org/obo/GO_0106035
GO:0106049,BP,regulation of cellular response to osmotic stress,http://purl.obolibrary.org/obo/GO_0106049
GO:0106050,MF,tRNA 2'-O-methyltransferase activity,http://purl.obolibrary.org/obo/GO_0106050
GO:0106064,BP,regulation of cobalamin metabolic process,http://purl.obolibrary.org/obo/GO_0106064
GO:0106068,CC,SUMO ligase complex,http://purl.obolibrary.org/obo/GO_0106068
GO:0106073,MF,"dolichyl pyrophosphate Glc2Man9GlcNAc2 alpha-1,2-glucosyltransferase activity",http://purl.obolibrary.org/obo/GO_0106073
GO:0106074,BP,aminoacyl-tRNA metabolism involved in translational fidelity,http://purl.obolibrary.org/obo/GO_0106074
GO:0106093,CC,EDS1 disease-resistance complex,http://purl.obolibrary.org/obo/GO_0106093
GO:0106118,BP,regulation of sterol biosynthetic process,http://purl.obolibrary.org/obo/GO_0106118
GO:0106130,MF,purine phosphoribosyltransferase activity,http://purl.obolibrary.org/obo/GO_0106130
GO:0106140,MF,P-TEFb complex binding,http://purl.obolibrary.org/obo/GO_0106140
GO:0106144,MF,fraxetin 5-hydroxylase activity,http://purl.obolibrary.org/obo/GO_0106144
GO:0106145,MF,scopoletin 8-hydroxylase activity,http://purl.obolibrary.org/obo/GO_0106145
GO:0106146,BP,sideretin biosynthesis,http://purl.obolibrary.org/obo/GO_0106146
GO:0106147,BP,fraxetin biosynthesis,http://purl.obolibrary.org/obo/GO_0106147
GO:0106149,MF,indole-3-carbonyl nitrile 4-hydroxylase activity,http://purl.obolibrary.org/obo/GO_0106149
GO:0106167,BP,extracellular ATP signaling,http://purl.obolibrary.org/obo/GO_0106167
GO:0106223,MF,germacrene A hydroxylase activity,http://purl.obolibrary.org/obo/GO_0106223
GO:0106238,MF,peregrinol diphosphate synthase activity,http://purl.obolibrary.org/obo/GO_0106238
GO:0106239,MF,"9,13-epoxylabda-14-ene synthase activity",http://purl.obolibrary.org/obo/GO_0106239
GO:0106240,MF,"labd-13Z-ene-9,15,16-triol synthase activity",http://purl.obolibrary.org/obo/GO_0106240
GO:0106242,MF,kolavenyl diphosphate synthase activity,http://purl.obolibrary.org/obo/GO_0106242
GO:0106243,MF,"syn-isopimara-7,15-diene synthase activity",http://purl.obolibrary.org/obo/GO_0106243
GO:0106244,MF,eupatolide synthase activity,http://purl.obolibrary.org/obo/GO_0106244
GO:0106286,MF,(E)-caffeate-CoA ligase activity,http://purl.obolibrary.org/obo/GO_0106286
GO:0106290,MF,trans-cinnamate-CoA ligase activity,http://purl.obolibrary.org/obo/GO_0106290
GO:0106292,MF,superoxide-generating NADPH oxidase activity,http://purl.obolibrary.org/obo/GO_0106292
GO:0106335,MF,tRNA (carboxymethyluridine(34)-5-O)-methyltransferase activity,http://purl.obolibrary.org/obo/GO_0106335
GO:0106345,MF,glyoxylate reductase activity,http://purl.obolibrary.org/obo/GO_0106345
GO:0106354,BP,tRNA surveillance,http://purl.obolibrary.org/obo/GO_0106354
GO:0106371,MF,fluorescent chlorophyll catabolite monooxygenase (deformylase) activity,http://purl.obolibrary.org/obo/GO_0106371
GO:0106372,MF,primary fluorescent dioxobilin-type chlorophyll catabolite methylesterase activity,http://purl.obolibrary.org/obo/GO_0106372
GO:0106380,BP,purine ribonucleotide salvage,http://purl.obolibrary.org/obo/GO_0106380
GO:0106411,MF,XMP 5'-nucleosidase activity,http://purl.obolibrary.org/obo/GO_0106411
GO:0106413,MF,RNA dihydrouridine synthase activity,http://purl.obolibrary.org/obo/GO_0106413
GO:0106435,MF,carboxylesterase activity,http://purl.obolibrary.org/obo/GO_0106435
GO:0110030,BP,regulation of G2/MI transition of meiotic cell cycle,http://purl.obolibrary.org/obo/GO_0110030
GO:0110032,BP,positive regulation of G2/MI transition of meiotic cell cycle,http://purl.obolibrary.org/obo/GO_0110032
GO:0110050,MF,deaminated glutathione amidase activity,http://purl.obolibrary.org/obo/GO_0110050
GO:0110051,BP,metabolite repair,http://purl.obolibrary.org/obo/GO_0110051
GO:0110053,BP,regulation of actin filament organization,http://purl.obolibrary.org/obo/GO_0110053
GO:0110067,CC,ammonium transmembrane transporter complex,http://purl.obolibrary.org/obo/GO_0110067
GO:0110095,BP,cellular detoxification of aldehyde,http://purl.obolibrary.org/obo/GO_0110095
GO:0110096,BP,cellular response to aldehyde,http://purl.obolibrary.org/obo/GO_0110096
GO:0110102,BP,ribulose bisphosphate carboxylase complex assembly,http://purl.obolibrary.org/obo/GO_0110102
GO:0110104,BP,mRNA alternative polyadenylation,http://purl.obolibrary.org/obo/GO_0110104
GO:0110110,BP,positive regulation of animal organ morphogenesis,http://purl.obolibrary.org/obo/GO_0110110
GO:0110126,BP,phloem loading,http://purl.obolibrary.org/obo/GO_0110126
GO:0110127,BP,phloem unloading,http://purl.obolibrary.org/obo/GO_0110127
GO:0110128,BP,phloem sucrose unloading,http://purl.obolibrary.org/obo/GO_0110128
GO:0110154,BP,RNA decapping,http://purl.obolibrary.org/obo/GO_0110154
GO:0110155,BP,NAD-cap decapping,http://purl.obolibrary.org/obo/GO_0110155
GO:0110156,BP,methylguanosine-cap decapping,http://purl.obolibrary.org/obo/GO_0110156
GO:0110165,CC,cellular anatomical entity,http://purl.obolibrary.org/obo/GO_0110165
GO:0120009,BP,intermembrane lipid transfer,http://purl.obolibrary.org/obo/GO_0120009
GO:0120013,MF,lipid transfer activity,http://purl.obolibrary.org/obo/GO_0120013
GO:0120014,MF,phospholipid transfer activity,http://purl.obolibrary.org/obo/GO_0120014
GO:0120015,MF,sterol transfer activity,http://purl.obolibrary.org/obo/GO_0120015
GO:0120016,MF,sphingolipid transfer activity,http://purl.obolibrary.org/obo/GO_0120016
GO:0120017,MF,ceramide transfer activity,http://purl.obolibrary.org/obo/GO_0120017
GO:0120025,CC,plasma membrane bounded cell projection,http://purl.obolibrary.org/obo/GO_0120025
GO:0120031,BP,plasma membrane bounded cell projection assembly,http://purl.obolibrary.org/obo/GO_0120031
GO:0120032,BP,regulation of plasma membrane bounded cell projection assembly,http://purl.obolibrary.org/obo/GO_0120032
GO:0120034,BP,positive regulation of plasma membrane bounded cell projection assembly,http://purl.obolibrary.org/obo/GO_0120034
GO:0120035,BP,regulation of plasma membrane bounded cell projection organization,http://purl.obolibrary.org/obo/GO_0120035
GO:0120036,BP,plasma membrane bounded cell projection organization,http://purl.obolibrary.org/obo/GO_0120036
GO:0120091,MF,jasmonic acid hydrolase,http://purl.obolibrary.org/obo/GO_0120091
GO:0120111,CC,neuron projection cytoplasm,http://purl.obolibrary.org/obo/GO_0120111
GO:0120114,CC,Sm-like protein family complex,http://purl.obolibrary.org/obo/GO_0120114
GO:0120115,CC,Lsm2-8 complex,http://purl.obolibrary.org/obo/GO_0120115
GO:0120126,BP,response to copper ion starvation,http://purl.obolibrary.org/obo/GO_0120126
GO:0120127,BP,response to zinc ion starvation,http://purl.obolibrary.org/obo/GO_0120127
GO:0120170,MF,intraciliary transport particle B binding,http://purl.obolibrary.org/obo/GO_0120170
GO:0120194,BP,regulation of anther dehiscence,http://purl.obolibrary.org/obo/GO_0120194
GO:0120195,BP,positive regulation of anther dehiscence,http://purl.obolibrary.org/obo/GO_0120195
GO:0120196,BP,negative regulation of anther dehiscence,http://purl.obolibrary.org/obo/GO_0120196
GO:0120204,MF,methylcytosine to 5-glyceryl-methylcytosine dioxygenase activity,http://purl.obolibrary.org/obo/GO_0120204
GO:0120227,MF,acyl-CoA binding,http://purl.obolibrary.org/obo/GO_0120227
GO:0120230,MF,recombinase activator activity,http://purl.obolibrary.org/obo/GO_0120230
GO:0120231,CC,DNA recombinase auxiliary factor complex,http://purl.obolibrary.org/obo/GO_0120231
GO:0120250,MF,fatty acid omega-hydroxylase activity,http://purl.obolibrary.org/obo/GO_0120250
GO:0120251,BP,hydrocarbon biosynthetic process,http://purl.obolibrary.org/obo/GO_0120251
GO:0120252,BP,hydrocarbon metabolic process,http://purl.obolibrary.org/obo/GO_0120252
GO:0120253,BP,hydrocarbon catabolic process,http://purl.obolibrary.org/obo/GO_0120253
GO:0120254,BP,olefinic compound metabolic process,http://purl.obolibrary.org/obo/GO_0120254
GO:0120255,BP,olefinic compound biosynthetic process,http://purl.obolibrary.org/obo/GO_0120255
GO:0120256,BP,olefinic compound catabolic process,http://purl.obolibrary.org/obo/GO_0120256
GO:0120280,CC,ciliary pro-basal body,http://purl.obolibrary.org/obo/GO_0120280
GO:0120293,CC,dynein axonemal particle,http://purl.obolibrary.org/obo/GO_0120293
GO:0120307,CC,Hechtian strand,http://purl.obolibrary.org/obo/GO_0120307
GO:0120319,MF,long-chain fatty acid omega-1 hydroxylase activity,http://purl.obolibrary.org/obo/GO_0120319
GO:0120330,CC,rixosome complex,http://purl.obolibrary.org/obo/GO_0120330
GO:0140013,BP,meiotic nuclear division,http://purl.obolibrary.org/obo/GO_0140013
GO:0140014,BP,mitotic nuclear division,http://purl.obolibrary.org/obo/GO_0140014
GO:0140029,BP,exocytic process,http://purl.obolibrary.org/obo/GO_0140029
GO:0140030,MF,modification-dependent protein binding,http://purl.obolibrary.org/obo/GO_0140030
GO:0140033,MF,acetylation-dependent protein binding,http://purl.obolibrary.org/obo/GO_0140033
GO:0140034,MF,methylation-dependent protein binding,http://purl.obolibrary.org/obo/GO_0140034
GO:0140040,BP,mitochondrial polycistronic RNA processing,http://purl.obolibrary.org/obo/GO_0140040
GO:0140041,BP,cellular detoxification of methylglyoxal,http://purl.obolibrary.org/obo/GO_0140041
GO:0140042,BP,lipid droplet formation,http://purl.obolibrary.org/obo/GO_0140042
GO:0140053,BP,mitochondrial gene expression,http://purl.obolibrary.org/obo/GO_0140053
GO:0140056,BP,organelle localization by membrane tethering,http://purl.obolibrary.org/obo/GO_0140056
GO:0140082,MF,SUMO-ubiquitin ligase activity,http://purl.obolibrary.org/obo/GO_0140082
GO:0140096,MF,"catalytic activity, acting on a protein",http://purl.obolibrary.org/obo/GO_0140096
GO:0140097,MF,"catalytic activity, acting on DNA",http://purl.obolibrary.org/obo/GO_0140097
GO:0140098,MF,"catalytic activity, acting on RNA",http://purl.obolibrary.org/obo/GO_0140098
GO:0140101,MF,"catalytic activity, acting on a tRNA",http://purl.obolibrary.org/obo/GO_0140101
GO:0140102,MF,"catalytic activity, acting on a rRNA",http://purl.obolibrary.org/obo/GO_0140102
GO:0140103,MF,"catalytic activity, acting on a glycoprotein",http://purl.obolibrary.org/obo/GO_0140103
GO:0140104,MF,molecular carrier activity,http://purl.obolibrary.org/obo/GO_0140104
GO:0140110,MF,transcription regulator activity,http://purl.obolibrary.org/obo/GO_0140110
GO:0140112,BP,extracellular vesicle biogenesis,http://purl.obolibrary.org/obo/GO_0140112
GO:0140115,BP,export across plasma membrane,http://purl.obolibrary.org/obo/GO_0140115
GO:0140142,MF,nucleocytoplasmic carrier activity,http://purl.obolibrary.org/obo/GO_0140142
GO:0140205,BP,oligopeptide import across plasma membrane,http://purl.obolibrary.org/obo/GO_0140205
GO:0140206,BP,dipeptide import across plasma membrane,http://purl.obolibrary.org/obo/GO_0140206
GO:0140223,MF,general transcription initiation factor activity,http://purl.obolibrary.org/obo/GO_0140223
GO:0140255,BP,regulation of cellular response to phosphate starvation,http://purl.obolibrary.org/obo/GO_0140255
GO:0140268,CC,endoplasmic reticulum-plasma membrane contact site,http://purl.obolibrary.org/obo/GO_0140268
GO:0140285,BP,endosome fission,http://purl.obolibrary.org/obo/GO_0140285
GO:0140296,MF,general transcription initiation factor binding,http://purl.obolibrary.org/obo/GO_0140296
GO:0140297,MF,DNA-binding transcription factor binding,http://purl.obolibrary.org/obo/GO_0140297
GO:0140299,MF,small molecule sensor activity,http://purl.obolibrary.org/obo/GO_0140299
GO:0140301,BP,pollen-stigma interaction,http://purl.obolibrary.org/obo/GO_0140301
GO:0140303,MF,intramembrane lipid transporter activity,http://purl.obolibrary.org/obo/GO_0140303
GO:0140311,MF,protein sequestering activity,http://purl.obolibrary.org/obo/GO_0140311
GO:0140312,MF,cargo adaptor activity,http://purl.obolibrary.org/obo/GO_0140312
GO:0140313,MF,molecular sequestering activity,http://purl.obolibrary.org/obo/GO_0140313
GO:0140318,MF,protein transporter activity,http://purl.obolibrary.org/obo/GO_0140318
GO:0140326,MF,ATPase-coupled intramembrane lipid transporter activity,http://purl.obolibrary.org/obo/GO_0140326
GO:0140327,MF,flippase activity,http://purl.obolibrary.org/obo/GO_0140327
GO:0140328,MF,floppase activity,http://purl.obolibrary.org/obo/GO_0140328
GO:0140331,BP,aminophospholipid translocation,http://purl.obolibrary.org/obo/GO_0140331
GO:0140333,MF,glycerophospholipid flippase activity,http://purl.obolibrary.org/obo/GO_0140333
GO:0140338,MF,sphingomyelin transfer activity,http://purl.obolibrary.org/obo/GO_0140338
GO:0140352,BP,export from cell,http://purl.obolibrary.org/obo/GO_0140352
GO:0140358,MF,P-type transmembrane transporter activity,http://purl.obolibrary.org/obo/GO_0140358
GO:0140359,MF,ABC-type transporter activity,http://purl.obolibrary.org/obo/GO_0140359
GO:0140375,MF,immune receptor activity,http://purl.obolibrary.org/obo/GO_0140375
GO:0140376,MF,innate immune receptor activity,http://purl.obolibrary.org/obo/GO_0140376
GO:0140414,MF,phosphopantetheine-dependent carrier activity,http://purl.obolibrary.org/obo/GO_0140414
GO:0140426,BP,PAMP-triggered immunity signalling pathway,http://purl.obolibrary.org/obo/GO_0140426
GO:0140445,CC,"chromosome, telomeric repeat region",http://purl.obolibrary.org/obo/GO_0140445
GO:0140455,BP,cytoplasm protein quality control,http://purl.obolibrary.org/obo/GO_0140455
GO:0140457,MF,protein demethylase activity,http://purl.obolibrary.org/obo/GO_0140457
GO:0140463,MF,chromatin-protein adaptor,http://purl.obolibrary.org/obo/GO_0140463
GO:0140467,BP,integrated stress response signaling,http://purl.obolibrary.org/obo/GO_0140467
GO:0140469,BP,GCN2-mediated signaling,http://purl.obolibrary.org/obo/GO_0140469
GO:0140486,MF,zinc ion sequestering activity,http://purl.obolibrary.org/obo/GO_0140486
GO:0140487,MF,metal ion sequestering activity,http://purl.obolibrary.org/obo/GO_0140487
GO:0140492,MF,metal-dependent deubiquitinase activity,http://purl.obolibrary.org/obo/GO_0140492
GO:0140500,BP,regulation of reticulophagy,http://purl.obolibrary.org/obo/GO_0140500
GO:0140501,BP,positive regulation of reticulophagy,http://purl.obolibrary.org/obo/GO_0140501
GO:0140513,CC,nuclear protein-containing complex,http://purl.obolibrary.org/obo/GO_0140513
GO:0140517,MF,protein-RNA adaptor activity,http://purl.obolibrary.org/obo/GO_0140517
GO:0140527,BP,reciprocal homologous recombination,http://purl.obolibrary.org/obo/GO_0140527
GO:0140534,CC,endoplasmic reticulum protein-containing complex,http://purl.obolibrary.org/obo/GO_0140534
GO:0140535,CC,intracellular protein-containing complex,http://purl.obolibrary.org/obo/GO_0140535
GO:0140537,MF,transcription regulator activator activity,http://purl.obolibrary.org/obo/GO_0140537
GO:0140546,BP,defense response to symbiont,http://purl.obolibrary.org/obo/GO_0140546
GO:0140547,BP,acquisition of seed longevity,http://purl.obolibrary.org/obo/GO_0140547
GO:0140566,MF,epigenetic reader,http://purl.obolibrary.org/obo/GO_0140566
GO:0140597,MF,protein carrier activity,http://purl.obolibrary.org/obo/GO_0140597
GO:0140612,MF,DNA damage sensor activity,http://purl.obolibrary.org/obo/GO_0140612
GO:0140615,CC,ATP-dependent citrate lyase complex,http://purl.obolibrary.org/obo/GO_0140615
GO:0140640,MF,"catalytic activity, acting on a nucleic acid",http://purl.obolibrary.org/obo/GO_0140640
GO:0140657,MF,ATP-dependent activity,http://purl.obolibrary.org/obo/GO_0140657
GO:0140658,MF,ATP-dependent chromatin remodeler activity,http://purl.obolibrary.org/obo/GO_0140658
GO:0140666,MF,annealing activity,http://purl.obolibrary.org/obo/GO_0140666
GO:0140673,BP,co-transcriptional chromatin reassembly,http://purl.obolibrary.org/obo/GO_0140673
GO:0140677,MF,molecular function activator activity,http://purl.obolibrary.org/obo/GO_0140677
GO:0140678,MF,molecular function inhibitor activity,http://purl.obolibrary.org/obo/GO_0140678
GO:0140683,MF,histone H3-di/monomethyl-lysine-9 demethylase activity,http://purl.obolibrary.org/obo/GO_0140683
GO:0140684,MF,histone H3-tri/dimethyl-lysine-9 demethylase activity,http://purl.obolibrary.org/obo/GO_0140684
GO:0140691,MF,RNA folding chaperone,http://purl.obolibrary.org/obo/GO_0140691
GO:0140693,MF,molecular condensate scaffold activity,http://purl.obolibrary.org/obo/GO_0140693
GO:0140694,BP,non-membrane-bounded organelle assembly,http://purl.obolibrary.org/obo/GO_0140694
GO:0140718,BP,facultative heterochromatin formation,http://purl.obolibrary.org/obo/GO_0140718
GO:0140719,BP,constitutive heterochromatin formation,http://purl.obolibrary.org/obo/GO_0140719
GO:0140745,BP,siRNA transcription,http://purl.obolibrary.org/obo/GO_0140745
GO:0140750,MF,nucleosome array spacer activity,http://purl.obolibrary.org/obo/GO_0140750
GO:0140751,MF,histone octamer slider activity,http://purl.obolibrary.org/obo/GO_0140751
GO:0140766,BP,siRNA-mediated post-transcriptional gene silencing,http://purl.obolibrary.org/obo/GO_0140766
GO:0140767,MF,enzyme-substrate adaptor activity,http://purl.obolibrary.org/obo/GO_0140767
GO:0140784,MF,metal ion sensor activity,http://purl.obolibrary.org/obo/GO_0140784
GO:0140824,MF,thioredoxin-dependent peroxiredoxin activity,http://purl.obolibrary.org/obo/GO_0140824
GO:0140828,MF,metal cation:monoatomic cation antiporter activity,http://purl.obolibrary.org/obo/GO_0140828
GO:0140899,BP,plastid gene expression,http://purl.obolibrary.org/obo/GO_0140899
GO:0140903,MF,histone H3R26 methyltransferase activity,http://purl.obolibrary.org/obo/GO_0140903
GO:0140919,BP,thermomorphogenesis,http://purl.obolibrary.org/obo/GO_0140919
GO:0140920,BP,regulation of thermomorphogenesis,http://purl.obolibrary.org/obo/GO_0140920
GO:0140922,BP,positive regulation of thermomorphogenesis,http://purl.obolibrary.org/obo/GO_0140922
GO:0140938,MF,histone H3 methyltransferase activity,http://purl.obolibrary.org/obo/GO_0140938
GO:0140939,MF,histone H4 methyltransferase activity,http://purl.obolibrary.org/obo/GO_0140939
GO:0140940,MF,histone H2A methyltransferase activity,http://purl.obolibrary.org/obo/GO_0140940
GO:0140946,MF,histone H3K4 dimethyltransferase activity,http://purl.obolibrary.org/obo/GO_0140946
GO:0140951,MF,histone H3K27 trimethyltransferase activity,http://purl.obolibrary.org/obo/GO_0140951
GO:0140961,BP,cellular detoxification of metal ion,http://purl.obolibrary.org/obo/GO_0140961
GO:0140962,BP,multicellular organismal-level chemical homeostasis,http://purl.obolibrary.org/obo/GO_0140962
GO:0140964,BP,intracellular auxin homeostasis,http://purl.obolibrary.org/obo/GO_0140964
GO:0140968,MF,polyspecific organic cation:proton antiporter activity,http://purl.obolibrary.org/obo/GO_0140968
GO:0140975,BP,disruption of cellular anatomical structure in another organism,http://purl.obolibrary.org/obo/GO_0140975
GO:0140982,BP,detoxification of aluminum ion,http://purl.obolibrary.org/obo/GO_0140982
GO:0140993,MF,histone modifying activity,http://purl.obolibrary.org/obo/GO_0140993
GO:0140994,MF,RNA polymerase II CTD heptapeptide repeat modifying activity,http://purl.obolibrary.org/obo/GO_0140994
GO:0140996,MF,histone H3 kinase activity,http://purl.obolibrary.org/obo/GO_0140996
GO:0140999,MF,histone H3K4 trimethyltransferase activity,http://purl.obolibrary.org/obo/GO_0140999
GO:0141005,BP,retrotransposon silencing by heterochromatin formation,http://purl.obolibrary.org/obo/GO_0141005
GO:0141007,BP,siRNA-mediated retrotransposon silencing by heterochromatin formation,http://purl.obolibrary.org/obo/GO_0141007
GO:0141047,MF,molecular tag activity,http://purl.obolibrary.org/obo/GO_0141047
GO:0141052,MF,histone H3 demethylase activity,http://purl.obolibrary.org/obo/GO_0141052
GO:0141058,MF,histone H4 demethylase activity,http://purl.obolibrary.org/obo/GO_0141058
GO:0141060,BP,disruption of anatomical structure in another organism,http://purl.obolibrary.org/obo/GO_0141060
GO:0141061,BP,disruption of cell in another organism,http://purl.obolibrary.org/obo/GO_0141061
GO:0141063,BP,epigenetic programming in the central cell,http://purl.obolibrary.org/obo/GO_0141063
GO:0141067,BP,intracellular nitrogen homeostasis,http://purl.obolibrary.org/obo/GO_0141067
GO:0141108,MF,transporter regulator activity,http://purl.obolibrary.org/obo/GO_0141108
GO:0141122,MF,nitrogen-oxygen hydrolyase activity,http://purl.obolibrary.org/obo/GO_0141122
GO:0141124,BP,intracellular signaling cassette,http://purl.obolibrary.org/obo/GO_0141124
GO:0141137,BP,"positive regulation of gene expression, epigenetic",http://purl.obolibrary.org/obo/GO_0141137
GO:0141147,MF,intracellularly calcium-gated channel activity,http://purl.obolibrary.org/obo/GO_0141147
GO:0141165,MF,glucosinolate transmembrane transporter activity,http://purl.obolibrary.org/obo/GO_0141165
GO:0141166,BP,chromosomal 5-methylcytosine DNA demethylation pathway,http://purl.obolibrary.org/obo/GO_0141166
GO:0141169,BP,"chromosomal 5-methylcytosine DNA demethylation, direct 5-methylcytosine excision pathway",http://purl.obolibrary.org/obo/GO_0141169
GO:0141187,BP,nucleic acid biosynthetic process,http://purl.obolibrary.org/obo/GO_0141187
GO:0141188,BP,nucleic acid catabolic process,http://purl.obolibrary.org/obo/GO_0141188
GO:0141194,BP,siRNA-mediated heterochromatin formation,http://purl.obolibrary.org/obo/GO_0141194
GO:0150005,CC,enzyme activator complex,http://purl.obolibrary.org/obo/GO_0150005
GO:0150006,CC,urease activator complex,http://purl.obolibrary.org/obo/GO_0150006
GO:0150115,BP,cell-substrate junction organization,http://purl.obolibrary.org/obo/GO_0150115
GO:0160062,BP,cutin-based cuticle development,http://purl.obolibrary.org/obo/GO_0160062
GO:0160073,BP,Casparian strip assembly,http://purl.obolibrary.org/obo/GO_0160073
GO:0170033,BP,L-amino acid metabolic process,http://purl.obolibrary.org/obo/GO_0170033
GO:0170034,BP,L-amino acid biosynthetic process,http://purl.obolibrary.org/obo/GO_0170034
GO:0170035,BP,L-amino acid catabolic process,http://purl.obolibrary.org/obo/GO_0170035
GO:0170036,BP,import into the mitochondrion,http://purl.obolibrary.org/obo/GO_0170036
GO:0170037,BP,export from the mitochondrion,http://purl.obolibrary.org/obo/GO_0170037
GO:0170038,BP,proteinogenic amino acid biosynthetic process,http://purl.obolibrary.org/obo/GO_0170038
GO:0170039,BP,proteinogenic amino acid metabolic process,http://purl.obolibrary.org/obo/GO_0170039
GO:0170040,BP,proteinogenic amino acid catabolic process,http://purl.obolibrary.org/obo/GO_0170040
GO:0170041,BP,non-proteinogenic amino acid metabolic process,http://purl.obolibrary.org/obo/GO_0170041
GO:0170043,BP,non-proteinogenic amino acid biosynthetic process,http://purl.obolibrary.org/obo/GO_0170043
GO:0170044,BP,non-proteinogenic amino acid catabolic process,http://purl.obolibrary.org/obo/GO_0170044
GO:0170049,CC,box C/D RNP complex,http://purl.obolibrary.org/obo/GO_0170049
GO:0170053,MF,nuclease activator activity,http://purl.obolibrary.org/obo/GO_0170053
GO:0170054,MF,ribonuclease activator activity,http://purl.obolibrary.org/obo/GO_0170054
GO:0170055,MF,lipid transmembrane transporter activity,http://purl.obolibrary.org/obo/GO_0170055
GO:0180025,BP,cytosolic small ribosomal subunit assembly,http://purl.obolibrary.org/obo/GO_0180025
GO:0180030,MF,inositol phosphate kinase activity,http://purl.obolibrary.org/obo/GO_0180030
GO:1900000,BP,regulation of anthocyanin catabolic process,http://purl.obolibrary.org/obo/GO_1900000
GO:1900003,BP,regulation of serine-type endopeptidase activity,http://purl.obolibrary.org/obo/GO_1900003
GO:1900004,BP,negative regulation of serine-type endopeptidase activity,http://purl.obolibrary.org/obo/GO_1900004
GO:1900030,BP,regulation of pectin biosynthetic process,http://purl.obolibrary.org/obo/GO_1900030
GO:1900032,BP,regulation of trichome patterning,http://purl.obolibrary.org/obo/GO_1900032
GO:1900033,BP,negative regulation of trichome patterning,http://purl.obolibrary.org/obo/GO_1900033
GO:1900034,BP,regulation of cellular response to heat,http://purl.obolibrary.org/obo/GO_1900034
GO:1900035,BP,negative regulation of cellular response to heat,http://purl.obolibrary.org/obo/GO_1900035
GO:1900036,BP,positive regulation of cellular response to heat,http://purl.obolibrary.org/obo/GO_1900036
GO:1900037,BP,regulation of cellular response to hypoxia,http://purl.obolibrary.org/obo/GO_1900037
GO:1900039,BP,positive regulation of cellular response to hypoxia,http://purl.obolibrary.org/obo/GO_1900039
GO:1900046,BP,regulation of hemostasis,http://purl.obolibrary.org/obo/GO_1900046
GO:1900047,BP,negative regulation of hemostasis,http://purl.obolibrary.org/obo/GO_1900047
GO:1900055,BP,regulation of leaf senescence,http://purl.obolibrary.org/obo/GO_1900055
GO:1900056,BP,negative regulation of leaf senescence,http://purl.obolibrary.org/obo/GO_1900056
GO:1900057,BP,positive regulation of leaf senescence,http://purl.obolibrary.org/obo/GO_1900057
GO:1900058,BP,regulation of sulfate assimilation,http://purl.obolibrary.org/obo/GO_1900058
GO:1900063,BP,regulation of peroxisome organization,http://purl.obolibrary.org/obo/GO_1900063
GO:1900064,BP,positive regulation of peroxisome organization,http://purl.obolibrary.org/obo/GO_1900064
GO:1900067,BP,regulation of cellular response to alkaline pH,http://purl.obolibrary.org/obo/GO_1900067
GO:1900069,BP,regulation of cellular hyperosmotic salinity response,http://purl.obolibrary.org/obo/GO_1900069
GO:1900070,BP,negative regulation of cellular hyperosmotic salinity response,http://purl.obolibrary.org/obo/GO_1900070
GO:1900079,BP,regulation of arginine biosynthetic process,http://purl.obolibrary.org/obo/GO_1900079
GO:1900088,BP,regulation of inositol biosynthetic process,http://purl.obolibrary.org/obo/GO_1900088
GO:1900091,BP,regulation of raffinose biosynthetic process,http://purl.obolibrary.org/obo/GO_1900091
GO:1900101,BP,regulation of endoplasmic reticulum unfolded protein response,http://purl.obolibrary.org/obo/GO_1900101
GO:1900103,BP,positive regulation of endoplasmic reticulum unfolded protein response,http://purl.obolibrary.org/obo/GO_1900103
GO:1900140,BP,regulation of seedling development,http://purl.obolibrary.org/obo/GO_1900140
GO:1900150,BP,regulation of defense response to fungus,http://purl.obolibrary.org/obo/GO_1900150
GO:1900151,BP,"regulation of nuclear-transcribed mRNA catabolic process, deadenylation-dependent decay",http://purl.obolibrary.org/obo/GO_1900151
GO:1900160,BP,plastid DNA packaging,http://purl.obolibrary.org/obo/GO_1900160
GO:1900180,BP,regulation of protein localization to nucleus,http://purl.obolibrary.org/obo/GO_1900180
GO:1900186,BP,negative regulation of clathrin-dependent endocytosis,http://purl.obolibrary.org/obo/GO_1900186
GO:1900247,BP,regulation of cytoplasmic translational elongation,http://purl.obolibrary.org/obo/GO_1900247
GO:1900248,BP,negative regulation of cytoplasmic translational elongation,http://purl.obolibrary.org/obo/GO_1900248
GO:1900274,BP,regulation of phospholipase C activity,http://purl.obolibrary.org/obo/GO_1900274
GO:1900366,BP,negative regulation of defense response to insect,http://purl.obolibrary.org/obo/GO_1900366
GO:1900367,BP,positive regulation of defense response to insect,http://purl.obolibrary.org/obo/GO_1900367
GO:1900368,BP,regulation of RNA interference,http://purl.obolibrary.org/obo/GO_1900368
GO:1900369,BP,negative regulation of RNA interference,http://purl.obolibrary.org/obo/GO_1900369
GO:1900370,BP,positive regulation of RNA interference,http://purl.obolibrary.org/obo/GO_1900370
GO:1900371,BP,regulation of purine nucleotide biosynthetic process,http://purl.obolibrary.org/obo/GO_1900371
GO:1900376,BP,regulation of secondary metabolite biosynthetic process,http://purl.obolibrary.org/obo/GO_1900376
GO:1900377,BP,negative regulation of secondary metabolite biosynthetic process,http://purl.obolibrary.org/obo/GO_1900377
GO:1900378,BP,positive regulation of secondary metabolite biosynthetic process,http://purl.obolibrary.org/obo/GO_1900378
GO:1900384,BP,regulation of flavonol biosynthetic process,http://purl.obolibrary.org/obo/GO_1900384
GO:1900386,BP,positive regulation of flavonol biosynthetic process,http://purl.obolibrary.org/obo/GO_1900386
GO:1900407,BP,regulation of cellular response to oxidative stress,http://purl.obolibrary.org/obo/GO_1900407
GO:1900409,BP,positive regulation of cellular response to oxidative stress,http://purl.obolibrary.org/obo/GO_1900409
GO:1900424,BP,regulation of defense response to bacterium,http://purl.obolibrary.org/obo/GO_1900424
GO:1900425,BP,negative regulation of defense response to bacterium,http://purl.obolibrary.org/obo/GO_1900425
GO:1900426,BP,positive regulation of defense response to bacterium,http://purl.obolibrary.org/obo/GO_1900426
GO:1900457,BP,regulation of brassinosteroid mediated signaling pathway,http://purl.obolibrary.org/obo/GO_1900457
GO:1900458,BP,negative regulation of brassinosteroid mediated signaling pathway,http://purl.obolibrary.org/obo/GO_1900458
GO:1900459,BP,positive regulation of brassinosteroid mediated signaling pathway,http://purl.obolibrary.org/obo/GO_1900459
GO:1900486,BP,"positive regulation of isopentenyl diphosphate biosynthetic process, mevalonate pathway",http://purl.obolibrary.org/obo/GO_1900486
GO:1900542,BP,regulation of purine nucleotide metabolic process,http://purl.obolibrary.org/obo/GO_1900542
GO:1900543,BP,negative regulation of purine nucleotide metabolic process,http://purl.obolibrary.org/obo/GO_1900543
GO:1900544,BP,positive regulation of purine nucleotide metabolic process,http://purl.obolibrary.org/obo/GO_1900544
GO:1900618,BP,regulation of shoot system morphogenesis,http://purl.obolibrary.org/obo/GO_1900618
GO:1900619,BP,acetate ester metabolic process,http://purl.obolibrary.org/obo/GO_1900619
GO:1900620,BP,acetate ester biosynthetic process,http://purl.obolibrary.org/obo/GO_1900620
GO:1900673,BP,olefin metabolic process,http://purl.obolibrary.org/obo/GO_1900673
GO:1900674,BP,olefin biosynthetic process,http://purl.obolibrary.org/obo/GO_1900674
GO:1900704,BP,regulation of siderophore biosynthetic process,http://purl.obolibrary.org/obo/GO_1900704
GO:1900706,BP,positive regulation of siderophore biosynthetic process,http://purl.obolibrary.org/obo/GO_1900706
GO:1900750,MF,oligopeptide binding,http://purl.obolibrary.org/obo/GO_1900750
GO:1900864,BP,mitochondrial RNA modification,http://purl.obolibrary.org/obo/GO_1900864
GO:1900865,BP,chloroplast RNA modification,http://purl.obolibrary.org/obo/GO_1900865
GO:1900866,BP,glycolate transport,http://purl.obolibrary.org/obo/GO_1900866
GO:1900871,BP,chloroplast mRNA modification,http://purl.obolibrary.org/obo/GO_1900871
GO:1900908,BP,regulation of olefin metabolic process,http://purl.obolibrary.org/obo/GO_1900908
GO:1900909,BP,negative regulation of olefin metabolic process,http://purl.obolibrary.org/obo/GO_1900909
GO:1900910,BP,positive regulation of olefin metabolic process,http://purl.obolibrary.org/obo/GO_1900910
GO:1900911,BP,regulation of olefin biosynthetic process,http://purl.obolibrary.org/obo/GO_1900911
GO:1900912,BP,negative regulation of olefin biosynthetic process,http://purl.obolibrary.org/obo/GO_1900912
GO:1900913,BP,positive regulation of olefin biosynthetic process,http://purl.obolibrary.org/obo/GO_1900913
GO:1900983,BP,vindoline metabolic process,http://purl.obolibrary.org/obo/GO_1900983
GO:1900985,BP,vindoline biosynthetic process,http://purl.obolibrary.org/obo/GO_1900985
GO:1900994,BP,(-)-secologanin biosynthetic process,http://purl.obolibrary.org/obo/GO_1900994
GO:1901000,BP,regulation of response to salt stress,http://purl.obolibrary.org/obo/GO_1901000
GO:1901001,BP,negative regulation of response to salt stress,http://purl.obolibrary.org/obo/GO_1901001
GO:1901002,BP,positive regulation of response to salt stress,http://purl.obolibrary.org/obo/GO_1901002
GO:1901004,BP,ubiquinone-6 metabolic process,http://purl.obolibrary.org/obo/GO_1901004
GO:1901006,BP,ubiquinone-6 biosynthetic process,http://purl.obolibrary.org/obo/GO_1901006
GO:1901012,BP,(S)-reticuline biosynthetic process,http://purl.obolibrary.org/obo/GO_1901012
GO:1901016,BP,regulation of potassium ion transmembrane transporter activity,http://purl.obolibrary.org/obo/GO_1901016
GO:1901017,BP,negative regulation of potassium ion transmembrane transporter activity,http://purl.obolibrary.org/obo/GO_1901017
GO:1901031,BP,regulation of response to reactive oxygen species,http://purl.obolibrary.org/obo/GO_1901031
GO:1901038,BP,cyanidin 3-O-glucoside metabolic process,http://purl.obolibrary.org/obo/GO_1901038
GO:1901045,BP,negative regulation of oviposition,http://purl.obolibrary.org/obo/GO_1901045
GO:1901064,BP,syringal lignin metabolic process,http://purl.obolibrary.org/obo/GO_1901064
GO:1901066,BP,syringal lignin biosynthetic process,http://purl.obolibrary.org/obo/GO_1901066
GO:1901068,BP,guanosine-containing compound metabolic process,http://purl.obolibrary.org/obo/GO_1901068
GO:1901071,BP,glucosamine-containing compound metabolic process,http://purl.obolibrary.org/obo/GO_1901071
GO:1901072,BP,glucosamine-containing compound catabolic process,http://purl.obolibrary.org/obo/GO_1901072
GO:1901073,BP,glucosamine-containing compound biosynthetic process,http://purl.obolibrary.org/obo/GO_1901073
GO:1901096,BP,regulation of autophagosome maturation,http://purl.obolibrary.org/obo/GO_1901096
GO:1901135,BP,carbohydrate derivative metabolic process,http://purl.obolibrary.org/obo/GO_1901135
GO:1901136,BP,carbohydrate derivative catabolic process,http://purl.obolibrary.org/obo/GO_1901136
GO:1901137,BP,carbohydrate derivative biosynthetic process,http://purl.obolibrary.org/obo/GO_1901137
GO:1901140,BP,p-coumaryl alcohol transport,http://purl.obolibrary.org/obo/GO_1901140
GO:1901141,BP,regulation of lignin biosynthetic process,http://purl.obolibrary.org/obo/GO_1901141
GO:1901149,MF,salicylic acid binding,http://purl.obolibrary.org/obo/GO_1901149
GO:1901160,BP,primary amino compound metabolic process,http://purl.obolibrary.org/obo/GO_1901160
GO:1901162,BP,primary amino compound biosynthetic process,http://purl.obolibrary.org/obo/GO_1901162
GO:1901175,BP,lycopene metabolic process,http://purl.obolibrary.org/obo/GO_1901175
GO:1901177,BP,lycopene biosynthetic process,http://purl.obolibrary.org/obo/GO_1901177
GO:1901181,BP,negative regulation of cellular response to caffeine,http://purl.obolibrary.org/obo/GO_1901181
GO:1901182,BP,regulation of camalexin biosynthetic process,http://purl.obolibrary.org/obo/GO_1901182
GO:1901183,BP,positive regulation of camalexin biosynthetic process,http://purl.obolibrary.org/obo/GO_1901183
GO:1901255,BP,nucleotide-excision repair involved in interstrand cross-link repair,http://purl.obolibrary.org/obo/GO_1901255
GO:1901259,BP,chloroplast rRNA processing,http://purl.obolibrary.org/obo/GO_1901259
GO:1901264,BP,carbohydrate derivative transport,http://purl.obolibrary.org/obo/GO_1901264
GO:1901265,MF,nucleoside phosphate binding,http://purl.obolibrary.org/obo/GO_1901265
GO:1901269,BP,lipooligosaccharide metabolic process,http://purl.obolibrary.org/obo/GO_1901269
GO:1901271,BP,lipooligosaccharide biosynthetic process,http://purl.obolibrary.org/obo/GO_1901271
GO:1901292,BP,nucleoside phosphate catabolic process,http://purl.obolibrary.org/obo/GO_1901292
GO:1901293,BP,nucleoside phosphate biosynthetic process,http://purl.obolibrary.org/obo/GO_1901293
GO:1901332,BP,negative regulation of lateral root development,http://purl.obolibrary.org/obo/GO_1901332
GO:1901333,BP,positive regulation of lateral root development,http://purl.obolibrary.org/obo/GO_1901333
GO:1901334,BP,lactone metabolic process,http://purl.obolibrary.org/obo/GO_1901334
GO:1901336,BP,lactone biosynthetic process,http://purl.obolibrary.org/obo/GO_1901336
GO:1901337,BP,thioester transport,http://purl.obolibrary.org/obo/GO_1901337
GO:1901342,BP,regulation of vasculature development,http://purl.obolibrary.org/obo/GO_1901342
GO:1901347,BP,negative regulation of secondary cell wall biogenesis,http://purl.obolibrary.org/obo/GO_1901347
GO:1901348,BP,positive regulation of secondary cell wall biogenesis,http://purl.obolibrary.org/obo/GO_1901348
GO:1901349,BP,glucosinolate transport,http://purl.obolibrary.org/obo/GO_1901349
GO:1901355,BP,response to rapamycin,http://purl.obolibrary.org/obo/GO_1901355
GO:1901360,BP,organic cyclic compound metabolic process,http://purl.obolibrary.org/obo/GO_1901360
GO:1901361,BP,organic cyclic compound catabolic process,http://purl.obolibrary.org/obo/GO_1901361
GO:1901362,BP,organic cyclic compound biosynthetic process,http://purl.obolibrary.org/obo/GO_1901362
GO:1901363,MF,heterocyclic compound binding,http://purl.obolibrary.org/obo/GO_1901363
GO:1901371,BP,regulation of leaf morphogenesis,http://purl.obolibrary.org/obo/GO_1901371
GO:1901376,BP,organic heteropentacyclic compound metabolic process,http://purl.obolibrary.org/obo/GO_1901376
GO:1901378,BP,organic heteropentacyclic compound biosynthetic process,http://purl.obolibrary.org/obo/GO_1901378
GO:1901379,BP,regulation of potassium ion transmembrane transport,http://purl.obolibrary.org/obo/GO_1901379
GO:1901380,BP,negative regulation of potassium ion transmembrane transport,http://purl.obolibrary.org/obo/GO_1901380
GO:1901381,BP,positive regulation of potassium ion transmembrane transport,http://purl.obolibrary.org/obo/GO_1901381
GO:1901401,BP,regulation of tetrapyrrole metabolic process,http://purl.obolibrary.org/obo/GO_1901401
GO:1901402,BP,negative regulation of tetrapyrrole metabolic process,http://purl.obolibrary.org/obo/GO_1901402
GO:1901403,BP,positive regulation of tetrapyrrole metabolic process,http://purl.obolibrary.org/obo/GO_1901403
GO:1901404,BP,regulation of tetrapyrrole catabolic process,http://purl.obolibrary.org/obo/GO_1901404
GO:1901405,BP,negative regulation of tetrapyrrole catabolic process,http://purl.obolibrary.org/obo/GO_1901405
GO:1901406,BP,positive regulation of tetrapyrrole catabolic process,http://purl.obolibrary.org/obo/GO_1901406
GO:1901419,BP,regulation of response to alcohol,http://purl.obolibrary.org/obo/GO_1901419
GO:1901420,BP,negative regulation of response to alcohol,http://purl.obolibrary.org/obo/GO_1901420
GO:1901428,BP,regulation of syringal lignin biosynthetic process,http://purl.obolibrary.org/obo/GO_1901428
GO:1901430,BP,positive regulation of syringal lignin biosynthetic process,http://purl.obolibrary.org/obo/GO_1901430
GO:1901463,BP,regulation of tetrapyrrole biosynthetic process,http://purl.obolibrary.org/obo/GO_1901463
GO:1901464,BP,negative regulation of tetrapyrrole biosynthetic process,http://purl.obolibrary.org/obo/GO_1901464
GO:1901465,BP,positive regulation of tetrapyrrole biosynthetic process,http://purl.obolibrary.org/obo/GO_1901465
GO:1901474,MF,azole transmembrane transporter activity,http://purl.obolibrary.org/obo/GO_1901474
GO:1901475,BP,pyruvate transmembrane transport,http://purl.obolibrary.org/obo/GO_1901475
GO:1901502,BP,ether catabolic process,http://purl.obolibrary.org/obo/GO_1901502
GO:1901503,BP,ether biosynthetic process,http://purl.obolibrary.org/obo/GO_1901503
GO:1901505,MF,carbohydrate derivative transmembrane transporter activity,http://purl.obolibrary.org/obo/GO_1901505
GO:1901506,BP,regulation of acylglycerol transport,http://purl.obolibrary.org/obo/GO_1901506
GO:1901508,BP,positive regulation of acylglycerol transport,http://purl.obolibrary.org/obo/GO_1901508
GO:1901527,BP,abscisic acid-activated signaling pathway involved in stomatal movement,http://purl.obolibrary.org/obo/GO_1901527
GO:1901528,BP,hydrogen peroxide mediated signaling pathway involved in stomatal movement,http://purl.obolibrary.org/obo/GO_1901528
GO:1901529,BP,positive regulation of anion channel activity,http://purl.obolibrary.org/obo/GO_1901529
GO:1901535,BP,regulation of DNA demethylation,http://purl.obolibrary.org/obo/GO_1901535
GO:1901537,BP,positive regulation of DNA demethylation,http://purl.obolibrary.org/obo/GO_1901537
GO:1901562,BP,response to paraquat,http://purl.obolibrary.org/obo/GO_1901562
GO:1901564,BP,organonitrogen compound metabolic process,http://purl.obolibrary.org/obo/GO_1901564
GO:1901565,BP,organonitrogen compound catabolic process,http://purl.obolibrary.org/obo/GO_1901565
GO:1901566,BP,organonitrogen compound biosynthetic process,http://purl.obolibrary.org/obo/GO_1901566
GO:1901567,MF,fatty acid derivative binding,http://purl.obolibrary.org/obo/GO_1901567
GO:1901568,BP,fatty acid derivative metabolic process,http://purl.obolibrary.org/obo/GO_1901568
GO:1901569,BP,fatty acid derivative catabolic process,http://purl.obolibrary.org/obo/GO_1901569
GO:1901570,BP,fatty acid derivative biosynthetic process,http://purl.obolibrary.org/obo/GO_1901570
GO:1901575,BP,organic substance catabolic process,http://purl.obolibrary.org/obo/GO_1901575
GO:1901576,BP,organic substance biosynthetic process,http://purl.obolibrary.org/obo/GO_1901576
GO:1901598,BP,(-)-pinoresinol metabolic process,http://purl.obolibrary.org/obo/GO_1901598
GO:1901599,BP,(-)-pinoresinol biosynthetic process,http://purl.obolibrary.org/obo/GO_1901599
GO:1901600,BP,strigolactone metabolic process,http://purl.obolibrary.org/obo/GO_1901600
GO:1901601,BP,strigolactone biosynthetic process,http://purl.obolibrary.org/obo/GO_1901601
GO:1901605,BP,alpha-amino acid metabolic process,http://purl.obolibrary.org/obo/GO_1901605
GO:1901606,BP,alpha-amino acid catabolic process,http://purl.obolibrary.org/obo/GO_1901606
GO:1901607,BP,alpha-amino acid biosynthetic process,http://purl.obolibrary.org/obo/GO_1901607
GO:1901611,MF,phosphatidylglycerol binding,http://purl.obolibrary.org/obo/GO_1901611
GO:1901612,MF,cardiolipin binding,http://purl.obolibrary.org/obo/GO_1901612
GO:1901615,BP,organic hydroxy compound metabolic process,http://purl.obolibrary.org/obo/GO_1901615
GO:1901616,BP,organic hydroxy compound catabolic process,http://purl.obolibrary.org/obo/GO_1901616
GO:1901617,BP,organic hydroxy compound biosynthetic process,http://purl.obolibrary.org/obo/GO_1901617
GO:1901618,MF,organic hydroxy compound transmembrane transporter activity,http://purl.obolibrary.org/obo/GO_1901618
GO:1901642,BP,nucleoside transmembrane transport,http://purl.obolibrary.org/obo/GO_1901642
GO:1901652,BP,response to peptide,http://purl.obolibrary.org/obo/GO_1901652
GO:1901653,BP,cellular response to peptide,http://purl.obolibrary.org/obo/GO_1901653
GO:1901654,BP,response to ketone,http://purl.obolibrary.org/obo/GO_1901654
GO:1901655,BP,cellular response to ketone,http://purl.obolibrary.org/obo/GO_1901655
GO:1901656,BP,glycoside transport,http://purl.obolibrary.org/obo/GO_1901656
GO:1901657,BP,glycosyl compound metabolic process,http://purl.obolibrary.org/obo/GO_1901657
GO:1901658,BP,glycosyl compound catabolic process,http://purl.obolibrary.org/obo/GO_1901658
GO:1901659,BP,glycosyl compound biosynthetic process,http://purl.obolibrary.org/obo/GO_1901659
GO:1901661,BP,quinone metabolic process,http://purl.obolibrary.org/obo/GO_1901661
GO:1901663,BP,quinone biosynthetic process,http://purl.obolibrary.org/obo/GO_1901663
GO:1901668,BP,regulation of superoxide dismutase activity,http://purl.obolibrary.org/obo/GO_1901668
GO:1901671,BP,positive regulation of superoxide dismutase activity,http://purl.obolibrary.org/obo/GO_1901671
GO:1901672,BP,positive regulation of systemic acquired resistance,http://purl.obolibrary.org/obo/GO_1901672
GO:1901678,BP,iron coordination entity transport,http://purl.obolibrary.org/obo/GO_1901678
GO:1901679,BP,nucleotide transmembrane transport,http://purl.obolibrary.org/obo/GO_1901679
GO:1901681,MF,sulfur compound binding,http://purl.obolibrary.org/obo/GO_1901681
GO:1901682,MF,sulfur compound transmembrane transporter activity,http://purl.obolibrary.org/obo/GO_1901682
GO:1901683,MF,arsenate ion transmembrane transporter activity,http://purl.obolibrary.org/obo/GO_1901683
GO:1901684,BP,arsenate ion transmembrane transport,http://purl.obolibrary.org/obo/GO_1901684
GO:1901695,BP,tyramine biosynthetic process,http://purl.obolibrary.org/obo/GO_1901695
GO:1901696,BP,cannabinoid biosynthetic process,http://purl.obolibrary.org/obo/GO_1901696
GO:1901697,BP,olivetolic acid biosynthetic process,http://purl.obolibrary.org/obo/GO_1901697
GO:1901698,BP,response to nitrogen compound,http://purl.obolibrary.org/obo/GO_1901698
GO:1901699,BP,cellular response to nitrogen compound,http://purl.obolibrary.org/obo/GO_1901699
GO:1901700,BP,response to oxygen-containing compound,http://purl.obolibrary.org/obo/GO_1901700
GO:1901701,BP,cellular response to oxygen-containing compound,http://purl.obolibrary.org/obo/GO_1901701
GO:1901703,BP,protein localization involved in auxin polar transport,http://purl.obolibrary.org/obo/GO_1901703
GO:1901708,BP,(+)-3'-hydroxylarreatricin biosynthetic process,http://purl.obolibrary.org/obo/GO_1901708
GO:1901709,BP,(+)-larreatricin metabolic process,http://purl.obolibrary.org/obo/GO_1901709
GO:1901745,BP,prephenate(2-) metabolic process,http://purl.obolibrary.org/obo/GO_1901745
GO:1901747,BP,prephenate(2-) biosynthetic process,http://purl.obolibrary.org/obo/GO_1901747
GO:1901787,BP,benzoyl-CoA metabolic process,http://purl.obolibrary.org/obo/GO_1901787
GO:1901796,BP,regulation of signal transduction by p53 class mediator,http://purl.obolibrary.org/obo/GO_1901796
GO:1901799,BP,negative regulation of proteasomal protein catabolic process,http://purl.obolibrary.org/obo/GO_1901799
GO:1901800,BP,positive regulation of proteasomal protein catabolic process,http://purl.obolibrary.org/obo/GO_1901800
GO:1901804,BP,beta-glucoside metabolic process,http://purl.obolibrary.org/obo/GO_1901804
GO:1901806,BP,beta-glucoside biosynthetic process,http://purl.obolibrary.org/obo/GO_1901806
GO:1901810,BP,beta-carotene metabolic process,http://purl.obolibrary.org/obo/GO_1901810
GO:1901811,BP,beta-carotene catabolic process,http://purl.obolibrary.org/obo/GO_1901811
GO:1901812,BP,beta-carotene biosynthetic process,http://purl.obolibrary.org/obo/GO_1901812
GO:1901816,BP,beta-zeacarotene metabolic process,http://purl.obolibrary.org/obo/GO_1901816
GO:1901818,BP,beta-zeacarotene biosynthetic process,http://purl.obolibrary.org/obo/GO_1901818
GO:1901847,BP,nicotinate metabolic process,http://purl.obolibrary.org/obo/GO_1901847
GO:1901867,BP,ecgonine methyl ester metabolic process,http://purl.obolibrary.org/obo/GO_1901867
GO:1901868,BP,ecgonine methyl ester catabolic process,http://purl.obolibrary.org/obo/GO_1901868
GO:1901869,BP,ecgonine methyl ester biosynthetic process,http://purl.obolibrary.org/obo/GO_1901869
GO:1901870,BP,ecgonone methyl ester metabolic process,http://purl.obolibrary.org/obo/GO_1901870
GO:1901871,BP,ecgonone methyl ester catabolic process,http://purl.obolibrary.org/obo/GO_1901871
GO:1901872,BP,ecgonone methyl ester biosynthetic process,http://purl.obolibrary.org/obo/GO_1901872
GO:1901873,BP,regulation of post-translational protein modification,http://purl.obolibrary.org/obo/GO_1901873
GO:1901874,BP,negative regulation of post-translational protein modification,http://purl.obolibrary.org/obo/GO_1901874
GO:1901875,BP,positive regulation of post-translational protein modification,http://purl.obolibrary.org/obo/GO_1901875
GO:1901879,BP,regulation of protein depolymerization,http://purl.obolibrary.org/obo/GO_1901879
GO:1901880,BP,negative regulation of protein depolymerization,http://purl.obolibrary.org/obo/GO_1901880
GO:1901881,BP,positive regulation of protein depolymerization,http://purl.obolibrary.org/obo/GO_1901881
GO:1901882,BP,4-hydroxycoumarin metabolic process,http://purl.obolibrary.org/obo/GO_1901882
GO:1901884,BP,4-hydroxycoumarin biosynthetic process,http://purl.obolibrary.org/obo/GO_1901884
GO:1901885,BP,2-hydroxybenzoyl-CoA metabolic process,http://purl.obolibrary.org/obo/GO_1901885
GO:1901886,BP,2-hydroxybenzoyl-CoA catabolic process,http://purl.obolibrary.org/obo/GO_1901886
GO:1901917,BP,regulation of exoribonuclease activity,http://purl.obolibrary.org/obo/GO_1901917
GO:1901918,BP,negative regulation of exoribonuclease activity,http://purl.obolibrary.org/obo/GO_1901918
GO:1901926,BP,cadinene metabolic process,http://purl.obolibrary.org/obo/GO_1901926
GO:1901928,BP,cadinene biosynthetic process,http://purl.obolibrary.org/obo/GO_1901928
GO:1901929,BP,alpha-copaene metabolic process,http://purl.obolibrary.org/obo/GO_1901929
GO:1901931,BP,alpha-copaene biosynthetic process,http://purl.obolibrary.org/obo/GO_1901931
GO:1901932,BP,bicyclogermacrene metabolic process,http://purl.obolibrary.org/obo/GO_1901932
GO:1901934,BP,bicyclogermacrene biosynthetic process,http://purl.obolibrary.org/obo/GO_1901934
GO:1901935,BP,beta-caryophyllene metabolic process,http://purl.obolibrary.org/obo/GO_1901935
GO:1901937,BP,beta-caryophyllene biosynthetic process,http://purl.obolibrary.org/obo/GO_1901937
GO:1901938,BP,(-)-exo-alpha-bergamotene metabolic process,http://purl.obolibrary.org/obo/GO_1901938
GO:1901940,BP,(-)-exo-alpha-bergamotene biosynthetic process,http://purl.obolibrary.org/obo/GO_1901940
GO:1901941,BP,(+)-epi-alpha-bisabolol metabolic process,http://purl.obolibrary.org/obo/GO_1901941
GO:1901943,BP,(+)-epi-alpha-bisabolol biosynthetic process,http://purl.obolibrary.org/obo/GO_1901943
GO:1901944,BP,miltiradiene metabolic process,http://purl.obolibrary.org/obo/GO_1901944
GO:1901946,BP,miltiradiene biosynthetic process,http://purl.obolibrary.org/obo/GO_1901946
GO:1901947,BP,"5alpha,9alpha,10beta-labda-8(20),13-dien-15-yl diphosphate metabolic process",http://purl.obolibrary.org/obo/GO_1901947
GO:1901948,BP,"5alpha,9alpha,10beta-labda-8(20),13-dien-15-yl diphosphate catabolic process",http://purl.obolibrary.org/obo/GO_1901948
GO:1901949,BP,"5alpha,9alpha,10beta-labda-8(20),13-dien-15-yl diphosphate biosynthetic process",http://purl.obolibrary.org/obo/GO_1901949
GO:1901957,BP,regulation of cutin biosynthetic process,http://purl.obolibrary.org/obo/GO_1901957
GO:1901959,BP,positive regulation of cutin biosynthetic process,http://purl.obolibrary.org/obo/GO_1901959
GO:1901962,BP,S-adenosyl-L-methionine transmembrane transport,http://purl.obolibrary.org/obo/GO_1901962
GO:1901965,BP,endoplasmic reticulum to chloroplast transport,http://purl.obolibrary.org/obo/GO_1901965
GO:1901968,BP,regulation of polynucleotide 3'-phosphatase activity,http://purl.obolibrary.org/obo/GO_1901968
GO:1901969,BP,positive regulation of polynucleotide 3'-phosphatase activity,http://purl.obolibrary.org/obo/GO_1901969
GO:1901970,BP,positive regulation of mitotic sister chromatid separation,http://purl.obolibrary.org/obo/GO_1901970
GO:1901974,MF,glycerate transmembrane transporter activity,http://purl.obolibrary.org/obo/GO_1901974
GO:1901975,BP,glycerate transmembrane transport,http://purl.obolibrary.org/obo/GO_1901975
GO:1901976,BP,regulation of cell cycle checkpoint,http://purl.obolibrary.org/obo/GO_1901976
GO:1901979,BP,regulation of inward rectifier potassium channel activity,http://purl.obolibrary.org/obo/GO_1901979
GO:1901981,MF,phosphatidylinositol phosphate binding,http://purl.obolibrary.org/obo/GO_1901981
GO:1901982,MF,maltose binding,http://purl.obolibrary.org/obo/GO_1901982
GO:1901987,BP,regulation of cell cycle phase transition,http://purl.obolibrary.org/obo/GO_1901987
GO:1901988,BP,negative regulation of cell cycle phase transition,http://purl.obolibrary.org/obo/GO_1901988
GO:1901989,BP,positive regulation of cell cycle phase transition,http://purl.obolibrary.org/obo/GO_1901989
GO:1901990,BP,regulation of mitotic cell cycle phase transition,http://purl.obolibrary.org/obo/GO_1901990
GO:1901991,BP,negative regulation of mitotic cell cycle phase transition,http://purl.obolibrary.org/obo/GO_1901991
GO:1901992,BP,positive regulation of mitotic cell cycle phase transition,http://purl.obolibrary.org/obo/GO_1901992
GO:1901993,BP,regulation of meiotic cell cycle phase transition,http://purl.obolibrary.org/obo/GO_1901993
GO:1901994,BP,negative regulation of meiotic cell cycle phase transition,http://purl.obolibrary.org/obo/GO_1901994
GO:1901995,BP,positive regulation of meiotic cell cycle phase transition,http://purl.obolibrary.org/obo/GO_1901995
GO:1901996,BP,regulation of indoleacetic acid biosynthetic process via tryptophan,http://purl.obolibrary.org/obo/GO_1901996
GO:1901997,BP,negative regulation of indoleacetic acid biosynthetic process via tryptophan,http://purl.obolibrary.org/obo/GO_1901997
GO:1901999,BP,homogentisate metabolic process,http://purl.obolibrary.org/obo/GO_1901999
GO:1902000,BP,homogentisate catabolic process,http://purl.obolibrary.org/obo/GO_1902000
GO:1902001,BP,fatty acid transmembrane transport,http://purl.obolibrary.org/obo/GO_1902001
GO:1902003,BP,regulation of amyloid-beta formation,http://purl.obolibrary.org/obo/GO_1902003
GO:1902004,BP,positive regulation of amyloid-beta formation,http://purl.obolibrary.org/obo/GO_1902004
GO:1902005,BP,regulation of proline biosynthetic process,http://purl.obolibrary.org/obo/GO_1902005
GO:1902006,BP,negative regulation of proline biosynthetic process,http://purl.obolibrary.org/obo/GO_1902006
GO:1902017,BP,regulation of cilium assembly,http://purl.obolibrary.org/obo/GO_1902017
GO:1902019,BP,regulation of cilium-dependent cell motility,http://purl.obolibrary.org/obo/GO_1902019
GO:1902021,BP,regulation of bacterial-type flagellum-dependent cell motility,http://purl.obolibrary.org/obo/GO_1902021
GO:1902022,BP,L-lysine transport,http://purl.obolibrary.org/obo/GO_1902022
GO:1902025,BP,nitrate import,http://purl.obolibrary.org/obo/GO_1902025
GO:1902031,BP,regulation of NADP metabolic process,http://purl.obolibrary.org/obo/GO_1902031
GO:1902039,BP,negative regulation of seed dormancy process,http://purl.obolibrary.org/obo/GO_1902039
GO:1902040,BP,positive regulation of seed dormancy process,http://purl.obolibrary.org/obo/GO_1902040
GO:1902047,BP,polyamine transmembrane transport,http://purl.obolibrary.org/obo/GO_1902047
GO:1902065,BP,response to L-glutamate,http://purl.obolibrary.org/obo/GO_1902065
GO:1902066,BP,regulation of cell wall pectin metabolic process,http://purl.obolibrary.org/obo/GO_1902066
GO:1902074,BP,response to salt,http://purl.obolibrary.org/obo/GO_1902074
GO:1902075,BP,cellular response to salt,http://purl.obolibrary.org/obo/GO_1902075
GO:1902099,BP,regulation of metaphase/anaphase transition of cell cycle,http://purl.obolibrary.org/obo/GO_1902099
GO:1902100,BP,negative regulation of metaphase/anaphase transition of cell cycle,http://purl.obolibrary.org/obo/GO_1902100
GO:1902101,BP,positive regulation of metaphase/anaphase transition of cell cycle,http://purl.obolibrary.org/obo/GO_1902101
GO:1902102,BP,regulation of metaphase/anaphase transition of meiotic cell cycle,http://purl.obolibrary.org/obo/GO_1902102
GO:1902103,BP,negative regulation of metaphase/anaphase transition of meiotic cell cycle,http://purl.obolibrary.org/obo/GO_1902103
GO:1902115,BP,regulation of organelle assembly,http://purl.obolibrary.org/obo/GO_1902115
GO:1902117,BP,positive regulation of organelle assembly,http://purl.obolibrary.org/obo/GO_1902117
GO:1902123,BP,(-)-pinoresinol catabolic process,http://purl.obolibrary.org/obo/GO_1902123
GO:1902124,BP,(+)-pinoresinol metabolic process,http://purl.obolibrary.org/obo/GO_1902124
GO:1902125,BP,(+)-pinoresinol catabolic process,http://purl.obolibrary.org/obo/GO_1902125
GO:1902127,BP,(-)-lariciresinol metabolic process,http://purl.obolibrary.org/obo/GO_1902127
GO:1902128,BP,(-)-lariciresinol catabolic process,http://purl.obolibrary.org/obo/GO_1902128
GO:1902129,BP,(-)-lariciresinol biosynthetic process,http://purl.obolibrary.org/obo/GO_1902129
GO:1902130,BP,(+)-lariciresinol metabolic process,http://purl.obolibrary.org/obo/GO_1902130
GO:1902131,BP,(+)-lariciresinol catabolic process,http://purl.obolibrary.org/obo/GO_1902131
GO:1902132,BP,(+)-lariciresinol biosynthetic process,http://purl.obolibrary.org/obo/GO_1902132
GO:1902133,BP,(+)-secoisolariciresinol metabolic process,http://purl.obolibrary.org/obo/GO_1902133
GO:1902135,BP,(+)-secoisolariciresinol biosynthetic process,http://purl.obolibrary.org/obo/GO_1902135
GO:1902136,BP,(-)-secoisolariciresinol metabolic process,http://purl.obolibrary.org/obo/GO_1902136
GO:1902138,BP,(-)-secoisolariciresinol biosynthetic process,http://purl.obolibrary.org/obo/GO_1902138
GO:1902170,BP,cellular response to reactive nitrogen species,http://purl.obolibrary.org/obo/GO_1902170
GO:1902171,BP,regulation of tocopherol cyclase activity,http://purl.obolibrary.org/obo/GO_1902171
GO:1902182,BP,shoot apical meristem development,http://purl.obolibrary.org/obo/GO_1902182
GO:1902183,BP,regulation of shoot apical meristem development,http://purl.obolibrary.org/obo/GO_1902183
GO:1902184,BP,negative regulation of shoot apical meristem development,http://purl.obolibrary.org/obo/GO_1902184
GO:1902185,BP,positive regulation of shoot apical meristem development,http://purl.obolibrary.org/obo/GO_1902185
GO:1902189,BP,2-methylbutanoyl-CoA(4-) metabolic process,http://purl.obolibrary.org/obo/GO_1902189
GO:1902190,BP,2-methylbutanoyl-CoA(4-) catabolic process,http://purl.obolibrary.org/obo/GO_1902190
GO:1902192,BP,2-methylbut-2-enoyl-CoA(4-) metabolic process,http://purl.obolibrary.org/obo/GO_1902192
GO:1902195,BP,isovaleryl-CoA(4-) metabolic process,http://purl.obolibrary.org/obo/GO_1902195
GO:1902196,BP,isovaleryl-CoA(4-) catabolic process,http://purl.obolibrary.org/obo/GO_1902196
GO:1902198,BP,3-methylbut-2-enoyl-CoA(4-) metabolic process,http://purl.obolibrary.org/obo/GO_1902198
GO:1902201,BP,negative regulation of bacterial-type flagellum-dependent cell motility,http://purl.obolibrary.org/obo/GO_1902201
GO:1902221,BP,erythrose 4-phosphate/phosphoenolpyruvate family amino acid metabolic process,http://purl.obolibrary.org/obo/GO_1902221
GO:1902222,BP,erythrose 4-phosphate/phosphoenolpyruvate family amino acid catabolic process,http://purl.obolibrary.org/obo/GO_1902222
GO:1902223,BP,erythrose 4-phosphate/phosphoenolpyruvate family amino acid biosynthetic process,http://purl.obolibrary.org/obo/GO_1902223
GO:1902224,BP,ketone body metabolic process,http://purl.obolibrary.org/obo/GO_1902224
GO:1902241,BP,copal-8-ol diphosphate(3-) metabolic process,http://purl.obolibrary.org/obo/GO_1902241
GO:1902242,BP,copal-8-ol diphosphate(3-) catabolic process,http://purl.obolibrary.org/obo/GO_1902242
GO:1902243,BP,copal-8-ol diphosphate(3-) biosynthetic process,http://purl.obolibrary.org/obo/GO_1902243
GO:1902244,BP,cis-abienol metabolic process,http://purl.obolibrary.org/obo/GO_1902244
GO:1902246,BP,cis-abienol biosynthetic process,http://purl.obolibrary.org/obo/GO_1902246
GO:1902247,BP,geranylgeranyl diphosphate catabolic process,http://purl.obolibrary.org/obo/GO_1902247
GO:1902265,BP,abscisic acid homeostasis,http://purl.obolibrary.org/obo/GO_1902265
GO:1902275,BP,regulation of chromatin organization,http://purl.obolibrary.org/obo/GO_1902275
GO:1902288,BP,regulation of defense response to oomycetes,http://purl.obolibrary.org/obo/GO_1902288
GO:1902289,BP,negative regulation of defense response to oomycetes,http://purl.obolibrary.org/obo/GO_1902289
GO:1902290,BP,positive regulation of defense response to oomycetes,http://purl.obolibrary.org/obo/GO_1902290
GO:1902292,BP,cell cycle DNA replication initiation,http://purl.obolibrary.org/obo/GO_1902292
GO:1902296,BP,DNA strand elongation involved in cell cycle DNA replication,http://purl.obolibrary.org/obo/GO_1902296
GO:1902305,BP,regulation of sodium ion transmembrane transport,http://purl.obolibrary.org/obo/GO_1902305
GO:1902315,BP,nuclear cell cycle DNA replication initiation,http://purl.obolibrary.org/obo/GO_1902315
GO:1902319,BP,DNA strand elongation involved in nuclear cell cycle DNA replication,http://purl.obolibrary.org/obo/GO_1902319
GO:1902325,BP,negative regulation of chlorophyll biosynthetic process,http://purl.obolibrary.org/obo/GO_1902325
GO:1902326,BP,positive regulation of chlorophyll biosynthetic process,http://purl.obolibrary.org/obo/GO_1902326
GO:1902334,BP,fructose export from vacuole to cytoplasm,http://purl.obolibrary.org/obo/GO_1902334
GO:1902347,BP,response to strigolactone,http://purl.obolibrary.org/obo/GO_1902347
GO:1902348,BP,cellular response to strigolactone,http://purl.obolibrary.org/obo/GO_1902348
GO:1902356,BP,oxaloacetate(2-) transmembrane transport,http://purl.obolibrary.org/obo/GO_1902356
GO:1902358,BP,sulfate transmembrane transport,http://purl.obolibrary.org/obo/GO_1902358
GO:1902369,BP,negative regulation of RNA catabolic process,http://purl.obolibrary.org/obo/GO_1902369
GO:1902373,BP,negative regulation of mRNA catabolic process,http://purl.obolibrary.org/obo/GO_1902373
GO:1902381,BP,11-oxo-beta-amyrin metabolic process,http://purl.obolibrary.org/obo/GO_1902381
GO:1902382,BP,11-oxo-beta-amyrin catabolic process,http://purl.obolibrary.org/obo/GO_1902382
GO:1902384,BP,glycyrrhetinate metabolic process,http://purl.obolibrary.org/obo/GO_1902384
GO:1902386,BP,glycyrrhetinate biosynthetic process,http://purl.obolibrary.org/obo/GO_1902386
GO:1902387,MF,ceramide 1-phosphate binding,http://purl.obolibrary.org/obo/GO_1902387
GO:1902388,MF,ceramide 1-phosphate transfer activity,http://purl.obolibrary.org/obo/GO_1902388
GO:1902389,BP,ceramide 1-phosphate transport,http://purl.obolibrary.org/obo/GO_1902389
GO:1902395,BP,regulation of 1-deoxy-D-xylulose-5-phosphate synthase activity,http://purl.obolibrary.org/obo/GO_1902395
GO:1902407,BP,assembly of actomyosin apparatus involved in mitotic cytokinesis,http://purl.obolibrary.org/obo/GO_1902407
GO:1902410,BP,mitotic cytokinetic process,http://purl.obolibrary.org/obo/GO_1902410
GO:1902417,MF,(+)-abscisic acid D-glucopyranosyl ester transmembrane transporter activity,http://purl.obolibrary.org/obo/GO_1902417
GO:1902418,BP,(+)-abscisic acid D-glucopyranosyl ester transmembrane transport,http://purl.obolibrary.org/obo/GO_1902418
GO:1902438,BP,response to vanadate(3-),http://purl.obolibrary.org/obo/GO_1902438
GO:1902446,BP,regulation of shade avoidance,http://purl.obolibrary.org/obo/GO_1902446
GO:1902448,BP,positive regulation of shade avoidance,http://purl.obolibrary.org/obo/GO_1902448
GO:1902455,BP,negative regulation of stem cell population maintenance,http://purl.obolibrary.org/obo/GO_1902455
GO:1902456,BP,regulation of stomatal opening,http://purl.obolibrary.org/obo/GO_1902456
GO:1902457,BP,negative regulation of stomatal opening,http://purl.obolibrary.org/obo/GO_1902457
GO:1902458,BP,positive regulation of stomatal opening,http://purl.obolibrary.org/obo/GO_1902458
GO:1902459,BP,positive regulation of stem cell population maintenance,http://purl.obolibrary.org/obo/GO_1902459
GO:1902475,BP,L-alpha-amino acid transmembrane transport,http://purl.obolibrary.org/obo/GO_1902475
GO:1902476,BP,chloride transmembrane transport,http://purl.obolibrary.org/obo/GO_1902476
GO:1902493,CC,acetyltransferase complex,http://purl.obolibrary.org/obo/GO_1902493
GO:1902494,CC,catalytic complex,http://purl.obolibrary.org/obo/GO_1902494
GO:1902495,CC,transmembrane transporter complex,http://purl.obolibrary.org/obo/GO_1902495
GO:1902503,CC,adenylyltransferase complex,http://purl.obolibrary.org/obo/GO_1902503
GO:1902531,BP,regulation of intracellular signal transduction,http://purl.obolibrary.org/obo/GO_1902531
GO:1902532,BP,negative regulation of intracellular signal transduction,http://purl.obolibrary.org/obo/GO_1902532
GO:1902533,BP,positive regulation of intracellular signal transduction,http://purl.obolibrary.org/obo/GO_1902533
GO:1902551,BP,regulation of catalase activity,http://purl.obolibrary.org/obo/GO_1902551
GO:1902553,BP,positive regulation of catalase activity,http://purl.obolibrary.org/obo/GO_1902553
GO:1902554,CC,serine/threonine protein kinase complex,http://purl.obolibrary.org/obo/GO_1902554
GO:1902555,CC,endoribonuclease complex,http://purl.obolibrary.org/obo/GO_1902555
GO:1902559,BP,3'-phospho-5'-adenylyl sulfate transmembrane transport,http://purl.obolibrary.org/obo/GO_1902559
GO:1902562,CC,H4 histone acetyltransferase complex,http://purl.obolibrary.org/obo/GO_1902562
GO:1902571,BP,regulation of serine-type peptidase activity,http://purl.obolibrary.org/obo/GO_1902571
GO:1902572,BP,negative regulation of serine-type peptidase activity,http://purl.obolibrary.org/obo/GO_1902572
GO:1902584,BP,positive regulation of response to water deprivation,http://purl.obolibrary.org/obo/GO_1902584
GO:1902600,BP,proton transmembrane transport,http://purl.obolibrary.org/obo/GO_1902600
GO:1902602,BP,aluminum ion transmembrane transport,http://purl.obolibrary.org/obo/GO_1902602
GO:1902603,BP,carnitine transmembrane transport,http://purl.obolibrary.org/obo/GO_1902603
GO:1902609,BP,(R)-2-hydroxy-alpha-linolenic acid biosynthetic process,http://purl.obolibrary.org/obo/GO_1902609
GO:1902616,BP,acyl carnitine transmembrane transport,http://purl.obolibrary.org/obo/GO_1902616
GO:1902626,BP,assembly of large subunit precursor of preribosome,http://purl.obolibrary.org/obo/GO_1902626
GO:1902644,BP,tertiary alcohol metabolic process,http://purl.obolibrary.org/obo/GO_1902644
GO:1902645,BP,tertiary alcohol biosynthetic process,http://purl.obolibrary.org/obo/GO_1902645
GO:1902652,BP,secondary alcohol metabolic process,http://purl.obolibrary.org/obo/GO_1902652
GO:1902653,BP,secondary alcohol biosynthetic process,http://purl.obolibrary.org/obo/GO_1902653
GO:1902656,BP,calcium ion import into cytosol,http://purl.obolibrary.org/obo/GO_1902656
GO:1902659,BP,regulation of glucose mediated signaling pathway,http://purl.obolibrary.org/obo/GO_1902659
GO:1902661,BP,positive regulation of glucose mediated signaling pathway,http://purl.obolibrary.org/obo/GO_1902661
GO:1902679,BP,negative regulation of RNA biosynthetic process,http://purl.obolibrary.org/obo/GO_1902679
GO:1902680,BP,positive regulation of RNA biosynthetic process,http://purl.obolibrary.org/obo/GO_1902680
GO:1902693,CC,superoxide dismutase complex,http://purl.obolibrary.org/obo/GO_1902693
GO:1902743,BP,regulation of lamellipodium organization,http://purl.obolibrary.org/obo/GO_1902743
GO:1902745,BP,positive regulation of lamellipodium organization,http://purl.obolibrary.org/obo/GO_1902745
GO:1902749,BP,regulation of cell cycle G2/M phase transition,http://purl.obolibrary.org/obo/GO_1902749
GO:1902750,BP,negative regulation of cell cycle G2/M phase transition,http://purl.obolibrary.org/obo/GO_1902750
GO:1902751,BP,positive regulation of cell cycle G2/M phase transition,http://purl.obolibrary.org/obo/GO_1902751
GO:1902775,BP,mitochondrial large ribosomal subunit assembly,http://purl.obolibrary.org/obo/GO_1902775
GO:1902806,BP,regulation of cell cycle G1/S phase transition,http://purl.obolibrary.org/obo/GO_1902806
GO:1902807,BP,negative regulation of cell cycle G1/S phase transition,http://purl.obolibrary.org/obo/GO_1902807
GO:1902850,BP,microtubule cytoskeleton organization involved in mitosis,http://purl.obolibrary.org/obo/GO_1902850
GO:1902882,BP,regulation of response to oxidative stress,http://purl.obolibrary.org/obo/GO_1902882
GO:1902883,BP,negative regulation of response to oxidative stress,http://purl.obolibrary.org/obo/GO_1902883
GO:1902884,BP,positive regulation of response to oxidative stress,http://purl.obolibrary.org/obo/GO_1902884
GO:1902890,BP,regulation of root hair elongation,http://purl.obolibrary.org/obo/GO_1902890
GO:1902892,BP,positive regulation of root hair elongation,http://purl.obolibrary.org/obo/GO_1902892
GO:1902893,BP,regulation of pri-miRNA transcription by RNA polymerase II,http://purl.obolibrary.org/obo/GO_1902893
GO:1902895,BP,positive regulation of pri-miRNA transcription by RNA polymerase II,http://purl.obolibrary.org/obo/GO_1902895
GO:1902903,BP,regulation of supramolecular fiber organization,http://purl.obolibrary.org/obo/GO_1902903
GO:1902904,BP,negative regulation of supramolecular fiber organization,http://purl.obolibrary.org/obo/GO_1902904
GO:1902905,BP,positive regulation of supramolecular fiber organization,http://purl.obolibrary.org/obo/GO_1902905
GO:1902911,CC,protein kinase complex,http://purl.obolibrary.org/obo/GO_1902911
GO:1902914,BP,regulation of protein polyubiquitination,http://purl.obolibrary.org/obo/GO_1902914
GO:1902916,BP,positive regulation of protein polyubiquitination,http://purl.obolibrary.org/obo/GO_1902916
GO:1902930,BP,regulation of alcohol biosynthetic process,http://purl.obolibrary.org/obo/GO_1902930
GO:1902931,BP,negative regulation of alcohol biosynthetic process,http://purl.obolibrary.org/obo/GO_1902931
GO:1902932,BP,positive regulation of alcohol biosynthetic process,http://purl.obolibrary.org/obo/GO_1902932
GO:1902936,MF,phosphatidylinositol bisphosphate binding,http://purl.obolibrary.org/obo/GO_1902936
GO:1902969,BP,mitotic DNA replication,http://purl.obolibrary.org/obo/GO_1902969
GO:1902975,BP,mitotic DNA replication initiation,http://purl.obolibrary.org/obo/GO_1902975
GO:1902977,BP,mitotic DNA replication preinitiation complex assembly,http://purl.obolibrary.org/obo/GO_1902977
GO:1902983,BP,DNA strand elongation involved in mitotic DNA replication,http://purl.obolibrary.org/obo/GO_1902983
GO:1902991,BP,regulation of amyloid precursor protein catabolic process,http://purl.obolibrary.org/obo/GO_1902991
GO:1902993,BP,positive regulation of amyloid precursor protein catabolic process,http://purl.obolibrary.org/obo/GO_1902993
GO:1903008,BP,organelle disassembly,http://purl.obolibrary.org/obo/GO_1903008
GO:1903034,BP,regulation of response to wounding,http://purl.obolibrary.org/obo/GO_1903034
GO:1903035,BP,negative regulation of response to wounding,http://purl.obolibrary.org/obo/GO_1903035
GO:1903046,BP,meiotic cell cycle process,http://purl.obolibrary.org/obo/GO_1903046
GO:1903047,BP,mitotic cell cycle process,http://purl.obolibrary.org/obo/GO_1903047
GO:1903050,BP,regulation of proteolysis involved in cellular protein catabolic process,http://purl.obolibrary.org/obo/GO_1903050
GO:1903051,BP,negative regulation of proteolysis involved in cellular protein catabolic process,http://purl.obolibrary.org/obo/GO_1903051
GO:1903052,BP,positive regulation of proteolysis involved in cellular protein catabolic process,http://purl.obolibrary.org/obo/GO_1903052
GO:1903083,BP,protein localization to condensed chromosome,http://purl.obolibrary.org/obo/GO_1903083
GO:1903085,BP,regulation of sinapate ester biosynthetic process,http://purl.obolibrary.org/obo/GO_1903085
GO:1903086,BP,negative regulation of sinapate ester biosynthetic process,http://purl.obolibrary.org/obo/GO_1903086
GO:1903093,BP,regulation of protein K48-linked deubiquitination,http://purl.obolibrary.org/obo/GO_1903093
GO:1903094,BP,negative regulation of protein K48-linked deubiquitination,http://purl.obolibrary.org/obo/GO_1903094
GO:1903123,BP,regulation of thioredoxin peroxidase activity,http://purl.obolibrary.org/obo/GO_1903123
GO:1903173,BP,fatty alcohol metabolic process,http://purl.obolibrary.org/obo/GO_1903173
GO:1903175,BP,fatty alcohol biosynthetic process,http://purl.obolibrary.org/obo/GO_1903175
GO:1903189,BP,glyoxal metabolic process,http://purl.obolibrary.org/obo/GO_1903189
GO:1903227,BP,xanthosine metabolic process,http://purl.obolibrary.org/obo/GO_1903227
GO:1903229,BP,xanthosine biosynthetic process,http://purl.obolibrary.org/obo/GO_1903229
GO:1903231,MF,mRNA binding involved in posttranscriptional gene silencing,http://purl.obolibrary.org/obo/GO_1903231
GO:1903259,BP,exon-exon junction complex disassembly,http://purl.obolibrary.org/obo/GO_1903259
GO:1903286,BP,regulation of potassium ion import,http://purl.obolibrary.org/obo/GO_1903286
GO:1903288,BP,positive regulation of potassium ion import across plasma membrane,http://purl.obolibrary.org/obo/GO_1903288
GO:1903292,BP,protein localization to Golgi membrane,http://purl.obolibrary.org/obo/GO_1903292
GO:1903293,CC,phosphatase complex,http://purl.obolibrary.org/obo/GO_1903293
GO:1903305,BP,regulation of regulated secretory pathway,http://purl.obolibrary.org/obo/GO_1903305
GO:1903307,BP,positive regulation of regulated secretory pathway,http://purl.obolibrary.org/obo/GO_1903307
GO:1903311,BP,regulation of mRNA metabolic process,http://purl.obolibrary.org/obo/GO_1903311
GO:1903312,BP,negative regulation of mRNA metabolic process,http://purl.obolibrary.org/obo/GO_1903312
GO:1903313,BP,positive regulation of mRNA metabolic process,http://purl.obolibrary.org/obo/GO_1903313
GO:1903314,BP,regulation of nitrogen cycle metabolic process,http://purl.obolibrary.org/obo/GO_1903314
GO:1903320,BP,regulation of protein modification by small protein conjugation or removal,http://purl.obolibrary.org/obo/GO_1903320
GO:1903321,BP,negative regulation of protein modification by small protein conjugation or removal,http://purl.obolibrary.org/obo/GO_1903321
GO:1903322,BP,positive regulation of protein modification by small protein conjugation or removal,http://purl.obolibrary.org/obo/GO_1903322
GO:1903329,BP,regulation of iron-sulfur cluster assembly,http://purl.obolibrary.org/obo/GO_1903329
GO:1903332,BP,regulation of protein folding,http://purl.obolibrary.org/obo/GO_1903332
GO:1903335,BP,regulation of vacuolar transport,http://purl.obolibrary.org/obo/GO_1903335
GO:1903338,BP,regulation of cell wall organization or biogenesis,http://purl.obolibrary.org/obo/GO_1903338
GO:1903339,BP,negative regulation of cell wall organization or biogenesis,http://purl.obolibrary.org/obo/GO_1903339
GO:1903340,BP,positive regulation of cell wall organization or biogenesis,http://purl.obolibrary.org/obo/GO_1903340
GO:1903341,BP,regulation of meiotic DNA double-strand break formation,http://purl.obolibrary.org/obo/GO_1903341
GO:1903343,BP,positive regulation of meiotic DNA double-strand break formation,http://purl.obolibrary.org/obo/GO_1903343
GO:1903352,BP,L-ornithine transmembrane transport,http://purl.obolibrary.org/obo/GO_1903352
GO:1903401,BP,L-lysine transmembrane transport,http://purl.obolibrary.org/obo/GO_1903401
GO:1903409,BP,reactive oxygen species biosynthetic process,http://purl.obolibrary.org/obo/GO_1903409
GO:1903415,BP,flavonoid transport from endoplasmic reticulum to plant-type vacuole,http://purl.obolibrary.org/obo/GO_1903415
GO:1903424,BP,fluoride transmembrane transport,http://purl.obolibrary.org/obo/GO_1903424
GO:1903425,MF,fluoride transmembrane transporter activity,http://purl.obolibrary.org/obo/GO_1903425
GO:1903426,BP,regulation of reactive oxygen species biosynthetic process,http://purl.obolibrary.org/obo/GO_1903426
GO:1903427,BP,negative regulation of reactive oxygen species biosynthetic process,http://purl.obolibrary.org/obo/GO_1903427
GO:1903428,BP,positive regulation of reactive oxygen species biosynthetic process,http://purl.obolibrary.org/obo/GO_1903428
GO:1903429,BP,regulation of cell maturation,http://purl.obolibrary.org/obo/GO_1903429
GO:1903431,BP,positive regulation of cell maturation,http://purl.obolibrary.org/obo/GO_1903431
GO:1903432,BP,regulation of TORC1 signaling,http://purl.obolibrary.org/obo/GO_1903432
GO:1903446,BP,geraniol metabolic process,http://purl.obolibrary.org/obo/GO_1903446
GO:1903448,BP,geraniol biosynthetic process,http://purl.obolibrary.org/obo/GO_1903448
GO:1903457,BP,lactate catabolic process,http://purl.obolibrary.org/obo/GO_1903457
GO:1903509,BP,liposaccharide metabolic process,http://purl.obolibrary.org/obo/GO_1903509
GO:1903510,BP,mucopolysaccharide metabolic process,http://purl.obolibrary.org/obo/GO_1903510
GO:1903513,BP,endoplasmic reticulum to cytosol transport,http://purl.obolibrary.org/obo/GO_1903513
GO:1903525,BP,regulation of membrane tubulation,http://purl.obolibrary.org/obo/GO_1903525
GO:1903527,BP,positive regulation of membrane tubulation,http://purl.obolibrary.org/obo/GO_1903527
GO:1903530,BP,regulation of secretion by cell,http://purl.obolibrary.org/obo/GO_1903530
GO:1903532,BP,positive regulation of secretion by cell,http://purl.obolibrary.org/obo/GO_1903532
GO:1903533,BP,regulation of protein targeting,http://purl.obolibrary.org/obo/GO_1903533
GO:1903551,BP,regulation of extracellular exosome assembly,http://purl.obolibrary.org/obo/GO_1903551
GO:1903553,BP,positive regulation of extracellular exosome assembly,http://purl.obolibrary.org/obo/GO_1903553
GO:1903561,CC,extracellular vesicle,http://purl.obolibrary.org/obo/GO_1903561
GO:1903564,BP,regulation of protein localization to cilium,http://purl.obolibrary.org/obo/GO_1903564
GO:1903565,BP,negative regulation of protein localization to cilium,http://purl.obolibrary.org/obo/GO_1903565
GO:1903578,BP,regulation of ATP metabolic process,http://purl.obolibrary.org/obo/GO_1903578
GO:1903579,BP,negative regulation of ATP metabolic process,http://purl.obolibrary.org/obo/GO_1903579
GO:1903593,BP,regulation of histamine secretion by mast cell,http://purl.obolibrary.org/obo/GO_1903593
GO:1903595,BP,positive regulation of histamine secretion by mast cell,http://purl.obolibrary.org/obo/GO_1903595
GO:1903600,CC,glutaminase complex,http://purl.obolibrary.org/obo/GO_1903600
GO:1903601,BP,thermospermine metabolic process,http://purl.obolibrary.org/obo/GO_1903601
GO:1903602,BP,thermospermine catabolic process,http://purl.obolibrary.org/obo/GO_1903602
GO:1903604,BP,cytochrome metabolic process,http://purl.obolibrary.org/obo/GO_1903604
GO:1903605,BP,cytochrome biosynthetic process,http://purl.obolibrary.org/obo/GO_1903605
GO:1903606,BP,cytochrome c metabolic process,http://purl.obolibrary.org/obo/GO_1903606
GO:1903607,BP,cytochrome c biosynthetic process,http://purl.obolibrary.org/obo/GO_1903607
GO:1903647,BP,negative regulation of chlorophyll catabolic process,http://purl.obolibrary.org/obo/GO_1903647
GO:1903648,BP,positive regulation of chlorophyll catabolic process,http://purl.obolibrary.org/obo/GO_1903648
GO:1903705,BP,positive regulation of production of siRNA involved in RNA interference,http://purl.obolibrary.org/obo/GO_1903705
GO:1903711,BP,spermidine transmembrane transport,http://purl.obolibrary.org/obo/GO_1903711
GO:1903716,BP,guanine transmembrane transport,http://purl.obolibrary.org/obo/GO_1903716
GO:1903725,BP,regulation of phospholipid metabolic process,http://purl.obolibrary.org/obo/GO_1903725
GO:1903726,BP,negative regulation of phospholipid metabolic process,http://purl.obolibrary.org/obo/GO_1903726
GO:1903727,BP,positive regulation of phospholipid metabolic process,http://purl.obolibrary.org/obo/GO_1903727
GO:1903729,BP,regulation of plasma membrane organization,http://purl.obolibrary.org/obo/GO_1903729
GO:1903730,BP,regulation of phosphatidate phosphatase activity,http://purl.obolibrary.org/obo/GO_1903730
GO:1903754,CC,cortical microtubule plus-end,http://purl.obolibrary.org/obo/GO_1903754
GO:1903789,BP,regulation of amino acid transmembrane transport,http://purl.obolibrary.org/obo/GO_1903789
GO:1903790,BP,guanine nucleotide transmembrane transport,http://purl.obolibrary.org/obo/GO_1903790
GO:1903791,BP,uracil transmembrane transport,http://purl.obolibrary.org/obo/GO_1903791
GO:1903792,BP,negative regulation of anion transport,http://purl.obolibrary.org/obo/GO_1903792
GO:1903793,BP,positive regulation of anion transport,http://purl.obolibrary.org/obo/GO_1903793
GO:1903795,BP,regulation of inorganic anion transmembrane transport,http://purl.obolibrary.org/obo/GO_1903795
GO:1903798,BP,regulation of production of miRNAs involved in gene silencing by miRNA,http://purl.obolibrary.org/obo/GO_1903798
GO:1903800,BP,positive regulation of production of miRNAs involved in gene silencing by miRNA,http://purl.obolibrary.org/obo/GO_1903800
GO:1903825,BP,organic acid transmembrane transport,http://purl.obolibrary.org/obo/GO_1903825
GO:1903826,BP,arginine transmembrane transport,http://purl.obolibrary.org/obo/GO_1903826
GO:1903828,BP,negative regulation of cellular protein localization,http://purl.obolibrary.org/obo/GO_1903828
GO:1903829,BP,positive regulation of cellular protein localization,http://purl.obolibrary.org/obo/GO_1903829
GO:1903830,BP,magnesium ion transmembrane transport,http://purl.obolibrary.org/obo/GO_1903830
GO:1903842,BP,response to arsenite ion,http://purl.obolibrary.org/obo/GO_1903842
GO:1903856,BP,regulation of cytokinin dehydrogenase activity,http://purl.obolibrary.org/obo/GO_1903856
GO:1903857,BP,negative regulation of cytokinin dehydrogenase activity,http://purl.obolibrary.org/obo/GO_1903857
GO:1903866,BP,palisade mesophyll development,http://purl.obolibrary.org/obo/GO_1903866
GO:1903888,BP,regulation of plant epidermal cell differentiation,http://purl.obolibrary.org/obo/GO_1903888
GO:1903889,BP,negative regulation of plant epidermal cell differentiation,http://purl.obolibrary.org/obo/GO_1903889
GO:1903890,BP,positive regulation of plant epidermal cell differentiation,http://purl.obolibrary.org/obo/GO_1903890
GO:1903942,BP,positive regulation of respiratory gaseous exchange,http://purl.obolibrary.org/obo/GO_1903942
GO:1903959,BP,regulation of anion transmembrane transport,http://purl.obolibrary.org/obo/GO_1903959
GO:1903960,BP,negative regulation of anion transmembrane transport,http://purl.obolibrary.org/obo/GO_1903960
GO:1903961,BP,positive regulation of anion transmembrane transport,http://purl.obolibrary.org/obo/GO_1903961
GO:1904029,BP,regulation of cyclin-dependent protein kinase activity,http://purl.obolibrary.org/obo/GO_1904029
GO:1904030,BP,negative regulation of cyclin-dependent protein kinase activity,http://purl.obolibrary.org/obo/GO_1904030
GO:1904062,BP,regulation of cation transmembrane transport,http://purl.obolibrary.org/obo/GO_1904062
GO:1904063,BP,negative regulation of cation transmembrane transport,http://purl.obolibrary.org/obo/GO_1904063
GO:1904064,BP,positive regulation of cation transmembrane transport,http://purl.obolibrary.org/obo/GO_1904064
GO:1904082,BP,pyrimidine nucleobase transmembrane transport,http://purl.obolibrary.org/obo/GO_1904082
GO:1904091,MF,peptidyl carrier protein activity,http://purl.obolibrary.org/obo/GO_1904091
GO:1904095,BP,negative regulation of endosperm development,http://purl.obolibrary.org/obo/GO_1904095
GO:1904108,BP,protein localization to ciliary inversin compartment,http://purl.obolibrary.org/obo/GO_1904108
GO:1904115,CC,axon cytoplasm,http://purl.obolibrary.org/obo/GO_1904115
GO:1904143,BP,positive regulation of carotenoid biosynthetic process,http://purl.obolibrary.org/obo/GO_1904143
GO:1904158,BP,axonemal central apparatus assembly,http://purl.obolibrary.org/obo/GO_1904158
GO:1904159,BP,megasporocyte differentiation,http://purl.obolibrary.org/obo/GO_1904159
GO:1904161,BP,DNA synthesis involved in UV-damage excision repair,http://purl.obolibrary.org/obo/GO_1904161
GO:1904215,BP,regulation of protein import into chloroplast stroma,http://purl.obolibrary.org/obo/GO_1904215
GO:1904216,BP,positive regulation of protein import into chloroplast stroma,http://purl.obolibrary.org/obo/GO_1904216
GO:1904220,BP,regulation of serine C-palmitoyltransferase activity,http://purl.obolibrary.org/obo/GO_1904220
GO:1904222,BP,positive regulation of serine C-palmitoyltransferase activity,http://purl.obolibrary.org/obo/GO_1904222
GO:1904248,BP,regulation of age-related resistance,http://purl.obolibrary.org/obo/GO_1904248
GO:1904250,BP,positive regulation of age-related resistance,http://purl.obolibrary.org/obo/GO_1904250
GO:1904262,BP,negative regulation of TORC1 signaling,http://purl.obolibrary.org/obo/GO_1904262
GO:1904263,BP,positive regulation of TORC1 signaling,http://purl.obolibrary.org/obo/GO_1904263
GO:1904276,BP,regulation of wax biosynthetic process,http://purl.obolibrary.org/obo/GO_1904276
GO:1904277,BP,negative regulation of wax biosynthetic process,http://purl.obolibrary.org/obo/GO_1904277
GO:1904278,BP,positive regulation of wax biosynthetic process,http://purl.obolibrary.org/obo/GO_1904278
GO:1904279,BP,regulation of transcription by RNA polymerase V,http://purl.obolibrary.org/obo/GO_1904279
GO:1904281,BP,positive regulation of transcription by RNA polymerase V,http://purl.obolibrary.org/obo/GO_1904281
GO:1904292,BP,regulation of ERAD pathway,http://purl.obolibrary.org/obo/GO_1904292
GO:1904294,BP,positive regulation of ERAD pathway,http://purl.obolibrary.org/obo/GO_1904294
GO:1904350,BP,regulation of protein catabolic process in the vacuole,http://purl.obolibrary.org/obo/GO_1904350
GO:1904356,BP,regulation of telomere maintenance via telomere lengthening,http://purl.obolibrary.org/obo/GO_1904356
GO:1904357,BP,negative regulation of telomere maintenance via telomere lengthening,http://purl.obolibrary.org/obo/GO_1904357
GO:1904358,BP,positive regulation of telomere maintenance via telomere lengthening,http://purl.obolibrary.org/obo/GO_1904358
GO:1904368,BP,regulation of sclerenchyma cell differentiation,http://purl.obolibrary.org/obo/GO_1904368
GO:1904369,BP,positive regulation of sclerenchyma cell differentiation,http://purl.obolibrary.org/obo/GO_1904369
GO:1904383,BP,response to sodium phosphate,http://purl.obolibrary.org/obo/GO_1904383
GO:1904407,BP,positive regulation of nitric oxide metabolic process,http://purl.obolibrary.org/obo/GO_1904407
GO:1904408,MF,melatonin binding,http://purl.obolibrary.org/obo/GO_1904408
GO:1904423,CC,dehydrodolichyl diphosphate synthase complex,http://purl.obolibrary.org/obo/GO_1904423
GO:1904424,BP,regulation of GTP binding,http://purl.obolibrary.org/obo/GO_1904424
GO:1904426,BP,positive regulation of GTP binding,http://purl.obolibrary.org/obo/GO_1904426
GO:1904429,BP,regulation of t-circle formation,http://purl.obolibrary.org/obo/GO_1904429
GO:1904430,BP,negative regulation of t-circle formation,http://purl.obolibrary.org/obo/GO_1904430
GO:1904491,BP,protein localization to ciliary transition zone,http://purl.obolibrary.org/obo/GO_1904491
GO:1904511,CC,cytoplasmic microtubule plus-end,http://purl.obolibrary.org/obo/GO_1904511
GO:1904526,BP,regulation of microtubule binding,http://purl.obolibrary.org/obo/GO_1904526
GO:1904550,BP,response to arachidonic acid,http://purl.obolibrary.org/obo/GO_1904550
GO:1904580,BP,regulation of intracellular mRNA localization,http://purl.obolibrary.org/obo/GO_1904580
GO:1904583,BP,response to polyamine macromolecule,http://purl.obolibrary.org/obo/GO_1904583
GO:1904585,BP,response to putrescine,http://purl.obolibrary.org/obo/GO_1904585
GO:1904629,BP,response to diterpene,http://purl.obolibrary.org/obo/GO_1904629
GO:1904659,BP,glucose transmembrane transport,http://purl.obolibrary.org/obo/GO_1904659
GO:1904666,BP,regulation of ubiquitin protein ligase activity,http://purl.obolibrary.org/obo/GO_1904666
GO:1904667,BP,negative regulation of ubiquitin protein ligase activity,http://purl.obolibrary.org/obo/GO_1904667
GO:1904668,BP,positive regulation of ubiquitin protein ligase activity,http://purl.obolibrary.org/obo/GO_1904668
GO:1904688,BP,regulation of cytoplasmic translational initiation,http://purl.obolibrary.org/obo/GO_1904688
GO:1904732,BP,regulation of electron transfer activity,http://purl.obolibrary.org/obo/GO_1904732
GO:1904734,BP,positive regulation of electron transfer activity,http://purl.obolibrary.org/obo/GO_1904734
GO:1904812,BP,rRNA acetylation involved in maturation of SSU-rRNA,http://purl.obolibrary.org/obo/GO_1904812
GO:1904821,BP,chloroplast disassembly,http://purl.obolibrary.org/obo/GO_1904821
GO:1904823,BP,purine nucleobase transmembrane transport,http://purl.obolibrary.org/obo/GO_1904823
GO:1904880,BP,response to hydrogen sulfide,http://purl.obolibrary.org/obo/GO_1904880
GO:1904947,BP,folate import into mitochondrion,http://purl.obolibrary.org/obo/GO_1904947
GO:1904949,CC,ATPase complex,http://purl.obolibrary.org/obo/GO_1904949
GO:1904950,BP,negative regulation of establishment of protein localization,http://purl.obolibrary.org/obo/GO_1904950
GO:1904951,BP,positive regulation of establishment of protein localization,http://purl.obolibrary.org/obo/GO_1904951
GO:1904959,BP,regulation of cytochrome-c oxidase activity,http://purl.obolibrary.org/obo/GO_1904959
GO:1904960,BP,positive regulation of cytochrome-c oxidase activity,http://purl.obolibrary.org/obo/GO_1904960
GO:1904961,BP,quiescent center organization,http://purl.obolibrary.org/obo/GO_1904961
GO:1904962,BP,plastid to vacuole vesicle-mediated transport,http://purl.obolibrary.org/obo/GO_1904962
GO:1904963,BP,regulation of phytol biosynthetic process,http://purl.obolibrary.org/obo/GO_1904963
GO:1904964,BP,positive regulation of phytol biosynthetic process,http://purl.obolibrary.org/obo/GO_1904964
GO:1904965,BP,regulation of vitamin E biosynthetic process,http://purl.obolibrary.org/obo/GO_1904965
GO:1904966,BP,positive regulation of vitamin E biosynthetic process,http://purl.obolibrary.org/obo/GO_1904966
GO:1904975,BP,response to bleomycin,http://purl.obolibrary.org/obo/GO_1904975
GO:1904983,BP,glycine import into mitochondrion,http://purl.obolibrary.org/obo/GO_1904983
GO:1905011,BP,transmembrane phosphate ion transport from cytosol to vacuole,http://purl.obolibrary.org/obo/GO_1905011
GO:1905034,BP,regulation of antifungal innate immune response,http://purl.obolibrary.org/obo/GO_1905034
GO:1905036,BP,positive regulation of antifungal innate immune response,http://purl.obolibrary.org/obo/GO_1905036
GO:1905037,BP,autophagosome organization,http://purl.obolibrary.org/obo/GO_1905037
GO:1905038,BP,regulation of membrane lipid metabolic process,http://purl.obolibrary.org/obo/GO_1905038
GO:1905039,BP,carboxylic acid transmembrane transport,http://purl.obolibrary.org/obo/GO_1905039
GO:1905097,BP,regulation of guanyl-nucleotide exchange factor activity,http://purl.obolibrary.org/obo/GO_1905097
GO:1905099,BP,positive regulation of guanyl-nucleotide exchange factor activity,http://purl.obolibrary.org/obo/GO_1905099
GO:1905132,BP,regulation of meiotic chromosome separation,http://purl.obolibrary.org/obo/GO_1905132
GO:1905133,BP,negative regulation of meiotic chromosome separation,http://purl.obolibrary.org/obo/GO_1905133
GO:1905156,BP,negative regulation of photosynthesis,http://purl.obolibrary.org/obo/GO_1905156
GO:1905157,BP,positive regulation of photosynthesis,http://purl.obolibrary.org/obo/GO_1905157
GO:1905172,MF,RISC complex binding,http://purl.obolibrary.org/obo/GO_1905172
GO:1905177,BP,tracheary element differentiation,http://purl.obolibrary.org/obo/GO_1905177
GO:1905181,BP,regulation of urease activity,http://purl.obolibrary.org/obo/GO_1905181
GO:1905182,BP,positive regulation of urease activity,http://purl.obolibrary.org/obo/GO_1905182
GO:1905183,BP,negative regulation of protein serine/threonine phosphatase activity,http://purl.obolibrary.org/obo/GO_1905183
GO:1905200,BP,gibberellic acid transmembrane transport,http://purl.obolibrary.org/obo/GO_1905200
GO:1905201,MF,gibberellin transmembrane transporter activity,http://purl.obolibrary.org/obo/GO_1905201
GO:1905202,CC,methylcrotonoyl-CoA carboxylase complex,http://purl.obolibrary.org/obo/GO_1905202
GO:1905255,BP,regulation of RNA binding transcription factor activity,http://purl.obolibrary.org/obo/GO_1905255
GO:1905268,BP,negative regulation of chromatin organization,http://purl.obolibrary.org/obo/GO_1905268
GO:1905328,BP,plant septum development,http://purl.obolibrary.org/obo/GO_1905328
GO:1905347,CC,endodeoxyribonuclease complex,http://purl.obolibrary.org/obo/GO_1905347
GO:1905348,CC,endonuclease complex,http://purl.obolibrary.org/obo/GO_1905348
GO:1905354,CC,exoribonuclease complex,http://purl.obolibrary.org/obo/GO_1905354
GO:1905360,CC,GTPase complex,http://purl.obolibrary.org/obo/GO_1905360
GO:1905368,CC,peptidase complex,http://purl.obolibrary.org/obo/GO_1905368
GO:1905369,CC,endopeptidase complex,http://purl.obolibrary.org/obo/GO_1905369
GO:1905392,BP,plant organ morphogenesis,http://purl.obolibrary.org/obo/GO_1905392
GO:1905393,BP,plant organ formation,http://purl.obolibrary.org/obo/GO_1905393
GO:1905394,MF,retromer complex binding,http://purl.obolibrary.org/obo/GO_1905394
GO:1905421,BP,regulation of plant organ morphogenesis,http://purl.obolibrary.org/obo/GO_1905421
GO:1905428,BP,regulation of plant organ formation,http://purl.obolibrary.org/obo/GO_1905428
GO:1905475,BP,regulation of protein localization to membrane,http://purl.obolibrary.org/obo/GO_1905475
GO:1905499,BP,trichome papilla formation,http://purl.obolibrary.org/obo/GO_1905499
GO:1905508,BP,protein localization to microtubule organizing center,http://purl.obolibrary.org/obo/GO_1905508
GO:1905515,BP,non-motile cilium assembly,http://purl.obolibrary.org/obo/GO_1905515
GO:1905516,BP,positive regulation of fertilization,http://purl.obolibrary.org/obo/GO_1905516
GO:1905582,BP,response to mannose,http://purl.obolibrary.org/obo/GO_1905582
GO:1905613,BP,regulation of developmental vegetative growth,http://purl.obolibrary.org/obo/GO_1905613
GO:1905614,BP,negative regulation of developmental vegetative growth,http://purl.obolibrary.org/obo/GO_1905614
GO:1905615,BP,positive regulation of developmental vegetative growth,http://purl.obolibrary.org/obo/GO_1905615
GO:1905622,BP,negative regulation of leaf development,http://purl.obolibrary.org/obo/GO_1905622
GO:1905623,BP,positive regulation of leaf development,http://purl.obolibrary.org/obo/GO_1905623
GO:1905637,BP,regulation of mitochondrial mRNA catabolic process,http://purl.obolibrary.org/obo/GO_1905637
GO:1905639,BP,positive regulation of mitochondrial mRNA catabolic process,http://purl.obolibrary.org/obo/GO_1905639
GO:1905691,BP,lipid droplet disassembly,http://purl.obolibrary.org/obo/GO_1905691
GO:1905706,BP,regulation of mitochondrial ATP synthesis coupled proton transport,http://purl.obolibrary.org/obo/GO_1905706
GO:1905761,MF,SCF ubiquitin ligase complex binding,http://purl.obolibrary.org/obo/GO_1905761
GO:1905777,BP,regulation of exonuclease activity,http://purl.obolibrary.org/obo/GO_1905777
GO:1905778,BP,negative regulation of exonuclease activity,http://purl.obolibrary.org/obo/GO_1905778
GO:1905784,BP,regulation of anaphase-promoting complex-dependent catabolic process,http://purl.obolibrary.org/obo/GO_1905784
GO:1905786,BP,positive regulation of anaphase-promoting complex-dependent catabolic process,http://purl.obolibrary.org/obo/GO_1905786
GO:1905818,BP,regulation of chromosome separation,http://purl.obolibrary.org/obo/GO_1905818
GO:1905819,BP,negative regulation of chromosome separation,http://purl.obolibrary.org/obo/GO_1905819
GO:1905820,BP,positive regulation of chromosome separation,http://purl.obolibrary.org/obo/GO_1905820
GO:1905821,BP,positive regulation of chromosome condensation,http://purl.obolibrary.org/obo/GO_1905821
GO:1905862,CC,ferroxidase complex,http://purl.obolibrary.org/obo/GO_1905862
GO:1905883,BP,regulation of triglyceride transport,http://purl.obolibrary.org/obo/GO_1905883
GO:1905885,BP,positive regulation of triglyceride transport,http://purl.obolibrary.org/obo/GO_1905885
GO:1905897,BP,regulation of response to endoplasmic reticulum stress,http://purl.obolibrary.org/obo/GO_1905897
GO:1905898,BP,positive regulation of response to endoplasmic reticulum stress,http://purl.obolibrary.org/obo/GO_1905898
GO:1905933,BP,regulation of cell fate determination,http://purl.obolibrary.org/obo/GO_1905933
GO:1905952,BP,regulation of lipid localization,http://purl.obolibrary.org/obo/GO_1905952
GO:1905953,BP,negative regulation of lipid localization,http://purl.obolibrary.org/obo/GO_1905953
GO:1905954,BP,positive regulation of lipid localization,http://purl.obolibrary.org/obo/GO_1905954
GO:1905957,BP,regulation of cellular response to alcohol,http://purl.obolibrary.org/obo/GO_1905957
GO:1905958,BP,negative regulation of cellular response to alcohol,http://purl.obolibrary.org/obo/GO_1905958
GO:1990019,BP,protein storage vacuole organization,http://purl.obolibrary.org/obo/GO_1990019
GO:1990023,CC,mitotic spindle midzone,http://purl.obolibrary.org/obo/GO_1990023
GO:1990050,MF,phosphatidic acid transfer activity,http://purl.obolibrary.org/obo/GO_1990050
GO:1990052,BP,ER to chloroplast lipid transport,http://purl.obolibrary.org/obo/GO_1990052
GO:1990055,MF,phenylacetaldehyde synthase activity,http://purl.obolibrary.org/obo/GO_1990055
GO:1990058,BP,fruit replum development,http://purl.obolibrary.org/obo/GO_1990058
GO:1990059,BP,fruit valve development,http://purl.obolibrary.org/obo/GO_1990059
GO:1990064,BP,ground tissue pattern formation,http://purl.obolibrary.org/obo/GO_1990064
GO:1990066,BP,energy quenching,http://purl.obolibrary.org/obo/GO_1990066
GO:1990067,BP,intrachromosomal DNA recombination,http://purl.obolibrary.org/obo/GO_1990067
GO:1990069,BP,stomatal opening,http://purl.obolibrary.org/obo/GO_1990069
GO:1990070,CC,TRAPPI protein complex,http://purl.obolibrary.org/obo/GO_1990070
GO:1990071,CC,TRAPPII protein complex,http://purl.obolibrary.org/obo/GO_1990071
GO:1990072,CC,TRAPPIII protein complex,http://purl.obolibrary.org/obo/GO_1990072
GO:1990075,CC,periciliary membrane compartment,http://purl.obolibrary.org/obo/GO_1990075
GO:1990109,BP,rejection of pollen from other species,http://purl.obolibrary.org/obo/GO_1990109
GO:1990110,BP,callus formation,http://purl.obolibrary.org/obo/GO_1990110
GO:1990112,CC,RQC complex,http://purl.obolibrary.org/obo/GO_1990112
GO:1990113,BP,RNA polymerase I assembly,http://purl.obolibrary.org/obo/GO_1990113
GO:1990114,BP,RNA polymerase II core complex assembly,http://purl.obolibrary.org/obo/GO_1990114
GO:1990115,BP,RNA polymerase III assembly,http://purl.obolibrary.org/obo/GO_1990115
GO:1990116,BP,ribosome-associated ubiquitin-dependent protein catabolic process,http://purl.obolibrary.org/obo/GO_1990116
GO:1990133,CC,molybdopterin cofactor (Moco) biosynthesis adenylyltransferase complex,http://purl.obolibrary.org/obo/GO_1990133
GO:1990135,MF,flavonoid sulfotransferase activity,http://purl.obolibrary.org/obo/GO_1990135
GO:1990136,MF,linoleate 9S-lipoxygenase activity,http://purl.obolibrary.org/obo/GO_1990136
GO:1990137,MF,plant seed peroxidase activity,http://purl.obolibrary.org/obo/GO_1990137
GO:1990145,BP,maintenance of translational fidelity,http://purl.obolibrary.org/obo/GO_1990145
GO:1990165,MF,single-strand break-containing DNA binding,http://purl.obolibrary.org/obo/GO_1990165
GO:1990169,BP,stress response to copper ion,http://purl.obolibrary.org/obo/GO_1990169
GO:1990170,BP,stress response to cadmium ion,http://purl.obolibrary.org/obo/GO_1990170
GO:1990180,BP,mitochondrial tRNA 3'-end processing,http://purl.obolibrary.org/obo/GO_1990180
GO:1990188,MF,euchromatin binding,http://purl.obolibrary.org/obo/GO_1990188
GO:1990189,MF,peptide-serine-N-acetyltransferase activity,http://purl.obolibrary.org/obo/GO_1990189
GO:1990190,MF,peptide-glutamate-N-acetyltransferase activity,http://purl.obolibrary.org/obo/GO_1990190
GO:1990204,CC,oxidoreductase complex,http://purl.obolibrary.org/obo/GO_1990204
GO:1990206,MF,jasmonyl-Ile conjugate hydrolase activity,http://purl.obolibrary.org/obo/GO_1990206
GO:1990234,CC,transferase complex,http://purl.obolibrary.org/obo/GO_1990234
GO:1990238,MF,double-stranded DNA endodeoxyribonuclease activity,http://purl.obolibrary.org/obo/GO_1990238
GO:1990246,CC,uniplex complex,http://purl.obolibrary.org/obo/GO_1990246
GO:1990247,MF,N6-methyladenosine-containing RNA binding,http://purl.obolibrary.org/obo/GO_1990247
GO:1990259,MF,histone-glutamine methyltransferase activity,http://purl.obolibrary.org/obo/GO_1990259
GO:1990269,MF,RNA polymerase II C-terminal domain phosphoserine binding,http://purl.obolibrary.org/obo/GO_1990269
GO:1990275,MF,preribosome binding,http://purl.obolibrary.org/obo/GO_1990275
GO:1990280,BP,RNA localization to chromatin,http://purl.obolibrary.org/obo/GO_1990280
GO:1990281,CC,efflux pump complex,http://purl.obolibrary.org/obo/GO_1990281
GO:1990298,CC,bub1-bub3 complex,http://purl.obolibrary.org/obo/GO_1990298
GO:1990316,CC,Atg1/ULK1 kinase complex,http://purl.obolibrary.org/obo/GO_1990316
GO:1990351,CC,transporter complex,http://purl.obolibrary.org/obo/GO_1990351
GO:1990359,BP,stress response to zinc ion,http://purl.obolibrary.org/obo/GO_1990359
GO:1990380,MF,Lys48-specific deubiquitinase activity,http://purl.obolibrary.org/obo/GO_1990380
GO:1990388,BP,xylem-to-phloem iron transport,http://purl.obolibrary.org/obo/GO_1990388
GO:1990391,CC,DNA repair complex,http://purl.obolibrary.org/obo/GO_1990391
GO:1990404,MF,protein ADP-ribosylase activity,http://purl.obolibrary.org/obo/GO_1990404
GO:1990414,BP,replication-born double-strand break repair via sister chromatid exchange,http://purl.obolibrary.org/obo/GO_1990414
GO:1990423,CC,RZZ complex,http://purl.obolibrary.org/obo/GO_1990423
GO:1990428,BP,miRNA transport,http://purl.obolibrary.org/obo/GO_1990428
GO:1990429,CC,peroxisomal importomer complex,http://purl.obolibrary.org/obo/GO_1990429
GO:1990446,MF,U1 snRNP binding,http://purl.obolibrary.org/obo/GO_1990446
GO:1990450,MF,linear polyubiquitin binding,http://purl.obolibrary.org/obo/GO_1990450
GO:1990457,CC,pexophagosome,http://purl.obolibrary.org/obo/GO_1990457
GO:1990481,BP,mRNA pseudouridine synthesis,http://purl.obolibrary.org/obo/GO_1990481
GO:1990482,MF,sphingolipid alpha-glucuronosyltransferase activity,http://purl.obolibrary.org/obo/GO_1990482
GO:1990497,BP,regulation of cytoplasmic translation in response to stress,http://purl.obolibrary.org/obo/GO_1990497
GO:1990498,CC,mitotic spindle microtubule,http://purl.obolibrary.org/obo/GO_1990498
GO:1990518,MF,single-stranded 3'-5' DNA helicase activity,http://purl.obolibrary.org/obo/GO_1990518
GO:1990529,CC,glycosylphosphatidylinositol-mannosyltransferase I complex,http://purl.obolibrary.org/obo/GO_1990529
GO:1990532,BP,stress response to nickel ion,http://purl.obolibrary.org/obo/GO_1990532
GO:1990534,MF,thermospermine oxidase activity,http://purl.obolibrary.org/obo/GO_1990534
GO:1990538,MF,xylan O-acetyltransferase activity,http://purl.obolibrary.org/obo/GO_1990538
GO:1990542,BP,mitochondrial transmembrane transport,http://purl.obolibrary.org/obo/GO_1990542
GO:1990546,BP,mitochondrial tricarboxylic acid transmembrane transport,http://purl.obolibrary.org/obo/GO_1990546
GO:1990559,BP,mitochondrial coenzyme A transmembrane transport,http://purl.obolibrary.org/obo/GO_1990559
GO:1990569,BP,UDP-N-acetylglucosamine transmembrane transport,http://purl.obolibrary.org/obo/GO_1990569
GO:1990570,BP,GDP-mannose transmembrane transport,http://purl.obolibrary.org/obo/GO_1990570
GO:1990573,BP,potassium ion import across plasma membrane,http://purl.obolibrary.org/obo/GO_1990573
GO:1990575,BP,mitochondrial L-ornithine transmembrane transport,http://purl.obolibrary.org/obo/GO_1990575
GO:1990578,CC,perinuclear endoplasmic reticulum membrane,http://purl.obolibrary.org/obo/GO_1990578
GO:1990585,MF,hydroxyproline O-arabinosyltransferase activity,http://purl.obolibrary.org/obo/GO_1990585
GO:1990604,CC,IRE1-TRAF2-ASK1 complex,http://purl.obolibrary.org/obo/GO_1990604
GO:1990611,BP,regulation of cytoplasmic translational initiation in response to stress,http://purl.obolibrary.org/obo/GO_1990611
GO:1990641,BP,response to iron ion starvation,http://purl.obolibrary.org/obo/GO_1990641
GO:1990700,BP,nucleolar chromatin organization,http://purl.obolibrary.org/obo/GO_1990700
GO:1990714,MF,hydroxyproline O-galactosyltransferase activity,http://purl.obolibrary.org/obo/GO_1990714
GO:1990716,CC,axonemal central apparatus,http://purl.obolibrary.org/obo/GO_1990716
GO:1990718,CC,axonemal central pair projection,http://purl.obolibrary.org/obo/GO_1990718
GO:1990726,CC,Lsm1-7-Pat1 complex,http://purl.obolibrary.org/obo/GO_1990726
GO:1990745,CC,EARP complex,http://purl.obolibrary.org/obo/GO_1990745
GO:1990748,BP,cellular detoxification,http://purl.obolibrary.org/obo/GO_1990748
GO:1990752,CC,microtubule end,http://purl.obolibrary.org/obo/GO_1990752
GO:1990756,MF,ubiquitin ligase-substrate adaptor activity,http://purl.obolibrary.org/obo/GO_1990756
GO:1990757,MF,ubiquitin ligase activator activity,http://purl.obolibrary.org/obo/GO_1990757
GO:1990778,BP,protein localization to cell periphery,http://purl.obolibrary.org/obo/GO_1990778
GO:1990785,BP,response to water-immersion restraint stress,http://purl.obolibrary.org/obo/GO_1990785
GO:1990805,CC,central cylinder,http://purl.obolibrary.org/obo/GO_1990805
GO:1990810,BP,microtubule anchoring at mitotic spindle pole body,http://purl.obolibrary.org/obo/GO_1990810
GO:1990811,CC,MWP complex,http://purl.obolibrary.org/obo/GO_1990811
GO:1990814,MF,DNA/DNA annealing activity,http://purl.obolibrary.org/obo/GO_1990814
GO:1990817,MF,RNA adenylyltransferase activity,http://purl.obolibrary.org/obo/GO_1990817
GO:1990822,BP,basic amino acid transmembrane transport,http://purl.obolibrary.org/obo/GO_1990822
GO:1990825,MF,sequence-specific mRNA binding,http://purl.obolibrary.org/obo/GO_1990825
GO:1990837,MF,sequence-specific double-stranded DNA binding,http://purl.obolibrary.org/obo/GO_1990837
GO:1990841,MF,promoter-specific chromatin binding,http://purl.obolibrary.org/obo/GO_1990841
GO:1990849,BP,maintenance of vacuolar location,http://purl.obolibrary.org/obo/GO_1990849
GO:1990879,CC,CST complex,http://purl.obolibrary.org/obo/GO_1990879
GO:1990882,BP,rRNA acetylation,http://purl.obolibrary.org/obo/GO_1990882
GO:1990883,MF,rRNA cytidine N-acetyltransferase activity,http://purl.obolibrary.org/obo/GO_1990883
GO:1990884,BP,RNA acetylation,http://purl.obolibrary.org/obo/GO_1990884
GO:1990904,CC,ribonucleoprotein complex,http://purl.obolibrary.org/obo/GO_1990904
GO:1990918,BP,double-strand break repair involved in meiotic recombination,http://purl.obolibrary.org/obo/GO_1990918
GO:1990928,BP,response to amino acid starvation,http://purl.obolibrary.org/obo/GO_1990928
GO:1990931,MF,mRNA N6-methyladenosine dioxygenase activity,http://purl.obolibrary.org/obo/GO_1990931
GO:1990937,BP,xylan acetylation,http://purl.obolibrary.org/obo/GO_1990937
GO:1990966,BP,ATP generation from poly-ADP-D-ribose,http://purl.obolibrary.org/obo/GO_1990966
GO:2000001,BP,regulation of DNA damage checkpoint,http://purl.obolibrary.org/obo/GO_2000001
GO:2000008,BP,regulation of protein localization to cell surface,http://purl.obolibrary.org/obo/GO_2000008
GO:2000011,BP,regulation of adaxial/abaxial pattern formation,http://purl.obolibrary.org/obo/GO_2000011
GO:2000012,BP,regulation of auxin polar transport,http://purl.obolibrary.org/obo/GO_2000012
GO:2000013,BP,regulation of arginine biosynthetic process via ornithine,http://purl.obolibrary.org/obo/GO_2000013
GO:2000014,BP,regulation of endosperm development,http://purl.obolibrary.org/obo/GO_2000014
GO:2000022,BP,regulation of jasmonic acid mediated signaling pathway,http://purl.obolibrary.org/obo/GO_2000022
GO:2000023,BP,regulation of lateral root development,http://purl.obolibrary.org/obo/GO_2000023
GO:2000024,BP,regulation of leaf development,http://purl.obolibrary.org/obo/GO_2000024
GO:2000025,BP,regulation of leaf formation,http://purl.obolibrary.org/obo/GO_2000025
GO:2000026,BP,regulation of multicellular organismal development,http://purl.obolibrary.org/obo/GO_2000026
GO:2000027,BP,regulation of animal organ morphogenesis,http://purl.obolibrary.org/obo/GO_2000027
GO:2000028,BP,"regulation of photoperiodism, flowering",http://purl.obolibrary.org/obo/GO_2000028
GO:2000029,BP,regulation of proanthocyanidin biosynthetic process,http://purl.obolibrary.org/obo/GO_2000029
GO:2000030,BP,regulation of response to red or far red light,http://purl.obolibrary.org/obo/GO_2000030
GO:2000031,BP,regulation of salicylic acid mediated signaling pathway,http://purl.obolibrary.org/obo/GO_2000031
GO:2000032,BP,regulation of secondary shoot formation,http://purl.obolibrary.org/obo/GO_2000032
GO:2000033,BP,regulation of seed dormancy process,http://purl.obolibrary.org/obo/GO_2000033
GO:2000034,BP,regulation of seed maturation,http://purl.obolibrary.org/obo/GO_2000034
GO:2000035,BP,regulation of stem cell division,http://purl.obolibrary.org/obo/GO_2000035
GO:2000036,BP,regulation of stem cell population maintenance,http://purl.obolibrary.org/obo/GO_2000036
GO:2000037,BP,regulation of stomatal complex patterning,http://purl.obolibrary.org/obo/GO_2000037
GO:2000038,BP,regulation of stomatal complex development,http://purl.obolibrary.org/obo/GO_2000038
GO:2000039,BP,regulation of trichome morphogenesis,http://purl.obolibrary.org/obo/GO_2000039
GO:2000042,BP,negative regulation of double-strand break repair via homologous recombination,http://purl.obolibrary.org/obo/GO_2000042
GO:2000045,BP,regulation of G1/S transition of mitotic cell cycle,http://purl.obolibrary.org/obo/GO_2000045
GO:2000058,BP,regulation of ubiquitin-dependent protein catabolic process,http://purl.obolibrary.org/obo/GO_2000058
GO:2000059,BP,negative regulation of ubiquitin-dependent protein catabolic process,http://purl.obolibrary.org/obo/GO_2000059
GO:2000060,BP,positive regulation of ubiquitin-dependent protein catabolic process,http://purl.obolibrary.org/obo/GO_2000060
GO:2000067,BP,regulation of root morphogenesis,http://purl.obolibrary.org/obo/GO_2000067
GO:2000068,BP,regulation of defense response to insect,http://purl.obolibrary.org/obo/GO_2000068
GO:2000069,BP,regulation of post-embryonic root development,http://purl.obolibrary.org/obo/GO_2000069
GO:2000070,BP,regulation of response to water deprivation,http://purl.obolibrary.org/obo/GO_2000070
GO:2000071,BP,regulation of defense response by callose deposition,http://purl.obolibrary.org/obo/GO_2000071
GO:2000073,BP,"regulation of cytokinesis, site selection",http://purl.obolibrary.org/obo/GO_2000073
GO:2000082,BP,regulation of L-ascorbic acid biosynthetic process,http://purl.obolibrary.org/obo/GO_2000082
GO:2000083,BP,negative regulation of L-ascorbic acid biosynthetic process,http://purl.obolibrary.org/obo/GO_2000083
GO:2000104,BP,negative regulation of DNA-dependent DNA replication,http://purl.obolibrary.org/obo/GO_2000104
GO:2000105,BP,positive regulation of DNA-dependent DNA replication,http://purl.obolibrary.org/obo/GO_2000105
GO:2000114,BP,regulation of establishment of cell polarity,http://purl.obolibrary.org/obo/GO_2000114
GO:2000116,BP,regulation of cysteine-type endopeptidase activity,http://purl.obolibrary.org/obo/GO_2000116
GO:2000117,BP,negative regulation of cysteine-type endopeptidase activity,http://purl.obolibrary.org/obo/GO_2000117
GO:2000121,BP,regulation of removal of superoxide radicals,http://purl.obolibrary.org/obo/GO_2000121
GO:2000122,BP,negative regulation of stomatal complex development,http://purl.obolibrary.org/obo/GO_2000122
GO:2000123,BP,positive regulation of stomatal complex development,http://purl.obolibrary.org/obo/GO_2000123
GO:2000134,BP,negative regulation of G1/S transition of mitotic cell cycle,http://purl.obolibrary.org/obo/GO_2000134
GO:2000142,BP,"regulation of DNA-templated transcription, initiation",http://purl.obolibrary.org/obo/GO_2000142
GO:2000143,BP,"negative regulation of DNA-templated transcription, initiation",http://purl.obolibrary.org/obo/GO_2000143
GO:2000144,BP,"positive regulation of DNA-templated transcription, initiation",http://purl.obolibrary.org/obo/GO_2000144
GO:2000145,BP,regulation of cell motility,http://purl.obolibrary.org/obo/GO_2000145
GO:2000146,BP,negative regulation of cell motility,http://purl.obolibrary.org/obo/GO_2000146
GO:2000147,BP,positive regulation of cell motility,http://purl.obolibrary.org/obo/GO_2000147
GO:2000155,BP,positive regulation of cilium-dependent cell motility,http://purl.obolibrary.org/obo/GO_2000155
GO:2000185,BP,regulation of phosphate transmembrane transport,http://purl.obolibrary.org/obo/GO_2000185
GO:2000214,BP,regulation of proline metabolic process,http://purl.obolibrary.org/obo/GO_2000214
GO:2000215,BP,negative regulation of proline metabolic process,http://purl.obolibrary.org/obo/GO_2000215
GO:2000232,BP,regulation of rRNA processing,http://purl.obolibrary.org/obo/GO_2000232
GO:2000234,BP,positive regulation of rRNA processing,http://purl.obolibrary.org/obo/GO_2000234
GO:2000241,BP,regulation of reproductive process,http://purl.obolibrary.org/obo/GO_2000241
GO:2000242,BP,negative regulation of reproductive process,http://purl.obolibrary.org/obo/GO_2000242
GO:2000243,BP,positive regulation of reproductive process,http://purl.obolibrary.org/obo/GO_2000243
GO:2000273,BP,positive regulation of signaling receptor activity,http://purl.obolibrary.org/obo/GO_2000273
GO:2000278,BP,regulation of DNA biosynthetic process,http://purl.obolibrary.org/obo/GO_2000278
GO:2000279,BP,negative regulation of DNA biosynthetic process,http://purl.obolibrary.org/obo/GO_2000279
GO:2000280,BP,regulation of root development,http://purl.obolibrary.org/obo/GO_2000280
GO:2000282,BP,regulation of cellular amino acid biosynthetic process,http://purl.obolibrary.org/obo/GO_2000282
GO:2000283,BP,negative regulation of cellular amino acid biosynthetic process,http://purl.obolibrary.org/obo/GO_2000283
GO:2000295,BP,regulation of hydrogen peroxide catabolic process,http://purl.obolibrary.org/obo/GO_2000295
GO:2000300,BP,regulation of synaptic vesicle exocytosis,http://purl.obolibrary.org/obo/GO_2000300
GO:2000306,BP,positive regulation of photomorphogenesis,http://purl.obolibrary.org/obo/GO_2000306
GO:2000369,BP,regulation of clathrin-dependent endocytosis,http://purl.obolibrary.org/obo/GO_2000369
GO:2000377,BP,regulation of reactive oxygen species metabolic process,http://purl.obolibrary.org/obo/GO_2000377
GO:2000378,BP,negative regulation of reactive oxygen species metabolic process,http://purl.obolibrary.org/obo/GO_2000378
GO:2000379,BP,positive regulation of reactive oxygen species metabolic process,http://purl.obolibrary.org/obo/GO_2000379
GO:2000468,BP,regulation of peroxidase activity,http://purl.obolibrary.org/obo/GO_2000468
GO:2000469,BP,negative regulation of peroxidase activity,http://purl.obolibrary.org/obo/GO_2000469
GO:2000470,BP,positive regulation of peroxidase activity,http://purl.obolibrary.org/obo/GO_2000470
GO:2000488,BP,positive regulation of brassinosteroid biosynthetic process,http://purl.obolibrary.org/obo/GO_2000488
GO:2000539,BP,regulation of protein geranylgeranylation,http://purl.obolibrary.org/obo/GO_2000539
GO:2000541,BP,positive regulation of protein geranylgeranylation,http://purl.obolibrary.org/obo/GO_2000541
GO:2000573,BP,positive regulation of DNA biosynthetic process,http://purl.obolibrary.org/obo/GO_2000573
GO:2000601,BP,positive regulation of Arp2/3 complex-mediated actin nucleation,http://purl.obolibrary.org/obo/GO_2000601
GO:2000603,BP,regulation of secondary growth,http://purl.obolibrary.org/obo/GO_2000603
GO:2000604,BP,negative regulation of secondary growth,http://purl.obolibrary.org/obo/GO_2000604
GO:2000605,BP,positive regulation of secondary growth,http://purl.obolibrary.org/obo/GO_2000605
GO:2000628,BP,regulation of miRNA metabolic process,http://purl.obolibrary.org/obo/GO_2000628
GO:2000630,BP,positive regulation of miRNA metabolic process,http://purl.obolibrary.org/obo/GO_2000630
GO:2000634,BP,regulation of primary miRNA processing,http://purl.obolibrary.org/obo/GO_2000634
GO:2000636,BP,positive regulation of primary miRNA processing,http://purl.obolibrary.org/obo/GO_2000636
GO:2000637,BP,positive regulation of gene silencing by miRNA,http://purl.obolibrary.org/obo/GO_2000637
GO:2000649,BP,regulation of sodium ion transmembrane transporter activity,http://purl.obolibrary.org/obo/GO_2000649
GO:2000652,BP,regulation of secondary cell wall biogenesis,http://purl.obolibrary.org/obo/GO_2000652
GO:2000683,BP,regulation of cellular response to X-ray,http://purl.obolibrary.org/obo/GO_2000683
GO:2000685,BP,positive regulation of cellular response to X-ray,http://purl.obolibrary.org/obo/GO_2000685
GO:2000692,BP,negative regulation of seed maturation,http://purl.obolibrary.org/obo/GO_2000692
GO:2000693,BP,positive regulation of seed maturation,http://purl.obolibrary.org/obo/GO_2000693
GO:2000694,BP,regulation of phragmoplast microtubule organization,http://purl.obolibrary.org/obo/GO_2000694
GO:2000709,BP,"regulation of maintenance of meiotic sister chromatid cohesion, centromeric",http://purl.obolibrary.org/obo/GO_2000709
GO:2000711,BP,"positive regulation of maintenance of meiotic sister chromatid cohesion, centromeric",http://purl.obolibrary.org/obo/GO_2000711
GO:2000762,BP,regulation of phenylpropanoid metabolic process,http://purl.obolibrary.org/obo/GO_2000762
GO:2000765,BP,regulation of cytoplasmic translation,http://purl.obolibrary.org/obo/GO_2000765
GO:2000766,BP,negative regulation of cytoplasmic translation,http://purl.obolibrary.org/obo/GO_2000766
GO:2000767,BP,positive regulation of cytoplasmic translation,http://purl.obolibrary.org/obo/GO_2000767
GO:2000769,BP,regulation of establishment or maintenance of cell polarity regulating cell shape,http://purl.obolibrary.org/obo/GO_2000769
GO:2000779,BP,regulation of double-strand break repair,http://purl.obolibrary.org/obo/GO_2000779
GO:2000780,BP,negative regulation of double-strand break repair,http://purl.obolibrary.org/obo/GO_2000780
GO:2000785,BP,regulation of autophagosome assembly,http://purl.obolibrary.org/obo/GO_2000785
GO:2000786,BP,positive regulation of autophagosome assembly,http://purl.obolibrary.org/obo/GO_2000786
GO:2000816,BP,negative regulation of mitotic sister chromatid separation,http://purl.obolibrary.org/obo/GO_2000816
GO:2000895,BP,hemicellulose catabolic process,http://purl.obolibrary.org/obo/GO_2000895
GO:2000896,BP,amylopectin metabolic process,http://purl.obolibrary.org/obo/GO_2000896
GO:2000899,BP,xyloglucan catabolic process,http://purl.obolibrary.org/obo/GO_2000899
GO:2000904,BP,regulation of starch metabolic process,http://purl.obolibrary.org/obo/GO_2000904
GO:2000905,BP,negative regulation of starch metabolic process,http://purl.obolibrary.org/obo/GO_2000905
GO:2001006,BP,regulation of cellulose biosynthetic process,http://purl.obolibrary.org/obo/GO_2001006
GO:2001007,BP,negative regulation of cellulose biosynthetic process,http://purl.obolibrary.org/obo/GO_2001007
GO:2001008,BP,positive regulation of cellulose biosynthetic process,http://purl.obolibrary.org/obo/GO_2001008
GO:2001009,BP,regulation of plant-type cell wall cellulose biosynthetic process,http://purl.obolibrary.org/obo/GO_2001009
GO:2001011,BP,positive regulation of plant-type cell wall cellulose biosynthetic process,http://purl.obolibrary.org/obo/GO_2001011
GO:2001057,BP,reactive nitrogen species metabolic process,http://purl.obolibrary.org/obo/GO_2001057
GO:2001066,MF,amylopectin binding,http://purl.obolibrary.org/obo/GO_2001066
GO:2001070,MF,starch binding,http://purl.obolibrary.org/obo/GO_2001070
GO:2001071,MF,maltoheptaose binding,http://purl.obolibrary.org/obo/GO_2001071
GO:2001080,MF,chitosan binding,http://purl.obolibrary.org/obo/GO_2001080
GO:2001088,BP,trisaccharide transport,http://purl.obolibrary.org/obo/GO_2001088
GO:2001108,BP,positive regulation of Rho guanyl-nucleotide exchange factor activity,http://purl.obolibrary.org/obo/GO_2001108
GO:2001141,BP,regulation of RNA biosynthetic process,http://purl.obolibrary.org/obo/GO_2001141
GO:2001142,BP,nicotinate transport,http://purl.obolibrary.org/obo/GO_2001142
GO:2001143,BP,N-methylnicotinate transport,http://purl.obolibrary.org/obo/GO_2001143
GO:2001147,MF,camalexin binding,http://purl.obolibrary.org/obo/GO_2001147
GO:2001169,BP,regulation of ATP biosynthetic process,http://purl.obolibrary.org/obo/GO_2001169
GO:2001210,BP,"regulation of isopentenyl diphosphate biosynthetic process, mevalonate pathway",http://purl.obolibrary.org/obo/GO_2001210
GO:2001227,MF,quercitrin binding,http://purl.obolibrary.org/obo/GO_2001227
GO:2001233,BP,regulation of apoptotic signaling pathway,http://purl.obolibrary.org/obo/GO_2001233
GO:2001235,BP,positive regulation of apoptotic signaling pathway,http://purl.obolibrary.org/obo/GO_2001235
GO:2001251,BP,negative regulation of chromosome organization,http://purl.obolibrary.org/obo/GO_2001251
GO:2001252,BP,positive regulation of chromosome organization,http://purl.obolibrary.org/obo/GO_2001252
GO:2001257,BP,regulation of cation channel activity,http://purl.obolibrary.org/obo/GO_2001257
GO:2001279,BP,regulation of unsaturated fatty acid biosynthetic process,http://purl.obolibrary.org/obo/GO_2001279
GO:2001280,BP,positive regulation of unsaturated fatty acid biosynthetic process,http://purl.obolibrary.org/obo/GO_2001280
GO:2001289,BP,lipid X metabolic process,http://purl.obolibrary.org/obo/GO_2001289
GO:2001291,BP,codeine metabolic process,http://purl.obolibrary.org/obo/GO_2001291
GO:2001293,BP,malonyl-CoA metabolic process,http://purl.obolibrary.org/obo/GO_2001293
GO:2001294,BP,malonyl-CoA catabolic process,http://purl.obolibrary.org/obo/GO_2001294
GO:2001295,BP,malonyl-CoA biosynthetic process,http://purl.obolibrary.org/obo/GO_2001295
